method,group,lr,seed,epoch,train_loss,gradient_mean,gradient_max,sample_entropy,sample_max_weight,Recall@20,Recall@100,VI@20,VI@100,Robust@100,Never@100,worst_schedule@100,cNDCG@10,invariance_max_L2
C1,C1_lr0.0001,0.0001,42,0,,0.0,0.0,3.8918254375457764,0.031115666031837463,0.5106883727542438,0.7981459316163033,0.0,0.0,0.7981459316163033,0.20185406838369668,0.7981459316163033,0.8784946872666445,1.3960891465103487e-07
C1,C1_lr0.0001,0.0001,43,0,,0.0,0.0,3.8918254375457764,0.031115666031837463,0.5106883727542438,0.7981459316163033,0.0,0.0,0.7981459316163033,0.20185406838369668,0.7981459316163033,0.8784946872666445,1.3960891465103487e-07
C1,C1_lr0.0001,0.0001,44,0,,0.0,0.0,3.8918254375457764,0.031115666031837463,0.5106883727542438,0.7981459316163033,0.0,0.0,0.7981459316163033,0.20185406838369668,0.7981459316163033,0.8784946872666445,1.3960891465103487e-07
C1,C1_lr0.0001,0.0001,42,1,0.2537401027300141,0.0031756142828574716,0.012670978903770447,3.8874502182006836,0.03655511885881424,0.5057653864028404,0.7969925290788178,0.0,0.0,0.7969925290788178,0.2030074709211823,0.7969925290788178,0.8803987270530415,1.2426284001776366e-07
C1,C1_lr0.0001,0.0001,43,1,0.25278765313101537,0.003221354733272385,0.018316369503736496,3.8871874809265137,0.03641989082098007,0.5057653864028404,0.7969925290788178,0.0,0.0,0.7969925290788178,0.2030074709211823,0.7969925290788178,0.8803987270530415,1.4605390674660157e-07
C1,C1_lr0.0001,0.0001,44,1,0.2501124998159481,0.003117910415863717,0.012433893978595734,3.886887311935425,0.03638319671154022,0.5057653864028404,0.7969925290788178,0.0,0.0,0.7969925290788178,0.2030074709211823,0.7969925290788178,0.8803987270530415,1.1564925017637506e-07
C1,C1_lr0.0001,0.0001,42,2,0.2485310403686581,0.011775104668093703,0.039179522544145584,3.7360000610351562,0.07472647726535797,0.5187815340383652,0.7967528897288791,0.0,0.0,0.7967528897288791,0.20324711027112094,0.7967528897288791,0.869994712764841,1.384209014076987e-07
C1,C1_lr0.0001,0.0001,43,2,0.24822881750085138,0.012049031768886683,0.042168669402599335,3.7184932231903076,0.07791930437088013,0.5187815340383652,0.7972124485524086,0.0,0.0,0.7972124485524086,0.20278755144759153,0.7972124485524086,0.8692362076733557,1.1281805711860216e-07
C1,C1_lr0.0001,0.0001,44,2,0.24633948098529468,0.010666020140034203,0.032790377736091614,3.758937358856201,0.06928680837154388,0.5187815340383652,0.7975372034543692,0.0,0.0,0.7975372034543692,0.2024627965456307,0.7975372034543692,0.873713031647155,1.2986907904632972e-07
C1,C1_lr0.0001,0.0001,42,3,0.23909798676543165,0.017623933085071094,0.053559526801109314,3.3093841075897217,0.16468313336372375,0.5119135462015193,0.7780503914792772,0.0,0.0,0.7780503914792772,0.22194960852072265,0.7780503914792772,0.8621488717167373,1.1094225271790492e-07
C1,C1_lr0.0001,0.0001,43,3,0.23689720982855017,0.017591305324899484,0.06148196756839752,3.316484212875366,0.15959900617599487,0.5119135462015193,0.7928910777537872,0.0,0.0,0.7928910777537872,0.20710892224621283,0.7928910777537872,0.8618476278107056,1.1158315516013317e-07
C1,C1_lr0.0001,0.0001,44,3,0.24169658017203663,0.018142975983209908,0.062100060284137726,3.328768253326416,0.1568223237991333,0.503281832646532,0.791438314830436,0.0,0.0,0.791438314830436,0.208561685169564,0.791438314830436,0.8589811245839346,1.4210938559244823e-07
C1,C1_lr0.0001,0.0001,42,4,0.22959028952049487,0.02135542068616346,0.06609147042036057,2.823223829269409,0.2755180299282074,0.5006756671856953,0.7682425706236624,0.0,0.0,0.7682425706236624,0.23175742937633764,0.7682425706236624,0.8548244872429223,1.144481132087094e-07
C1,C1_lr0.0001,0.0001,43,4,0.23089263348303962,0.020893324501671348,0.0634494498372078,2.8481690883636475,0.26714441180229187,0.5012859903663509,0.7670891680861769,0.0,0.0,0.7670891680861769,0.23291083191382322,0.7670891680861769,0.85454229412694,1.1162180868495852e-07
C1,C1_lr0.0001,0.0001,44,4,0.22952837581661614,0.020439369087178035,0.059957366436719894,2.8707754611968994,0.2598366141319275,0.5019544395642119,0.7667898077003111,0.0,0.0,0.7667898077003111,0.23321019229968878,0.7667898077003111,0.8508303946752758,1.0437319275524715e-07
C1,C1_lr0.0001,0.0001,42,5,0.21907040471154632,0.021341932101429185,0.06232421472668648,2.5457611083984375,0.33374181389808655,0.4990584513844189,0.7627033986881535,0.0,0.0,0.7627033986881535,0.23729660131184652,0.7627033986881535,0.8460432305104636,1.3872684689886228e-07
C1,C1_lr0.0001,0.0001,43,5,0.2202165848152204,0.02178195644184157,0.05984899774193764,2.5240073204040527,0.33885815739631653,0.4990584513844189,0.7604219881292776,0.0,0.0,0.7604219881292776,0.23957801187072245,0.7604219881292776,0.8453279588375194,1.3113934471675748e-07
C1,C1_lr0.0001,0.0001,44,5,0.2171634462182269,0.02182756812191766,0.06757573783397675,2.5485520362854004,0.329608678817749,0.49859889256088946,0.7597535389314166,0.0,0.0,0.7597535389314166,0.24024646106858338,0.7597535389314166,0.8505262250015272,1.3028554235461343e-07
C1,C1_lr0.0001,0.0001,42,6,0.21339702515891104,0.020515361137575273,0.049782928079366684,2.338812828063965,0.37635427713394165,0.46964668667853654,0.7592600767112688,0.0,0.0,0.7592600767112688,0.24073992328873106,0.7592600767112688,0.8451107437344624,1.1297699131773697e-07
C1,C1_lr0.0001,0.0001,43,6,0.2158051168433193,0.020658010747424807,0.05052940919995308,2.3668770790100098,0.3719005584716797,0.4707165686827215,0.7592600767112688,0.0,0.0,0.7592600767112688,0.24073992328873106,0.7592600767112688,0.844535777408541,1.2867702992025443e-07
C1,C1_lr0.0001,0.0001,44,6,0.21607080178165977,0.021080400900576602,0.06715687364339828,2.3461012840270996,0.37174952030181885,0.5003372237629354,0.7574773080128168,0.0,0.0,0.7574773080128168,0.2425226919871833,0.7574773080128168,0.8437809899417782,1.3382957320118294e-07
