query_id,n_highest,n_judged,Recall@20,Recall@50,Recall@100,Recall@200,Recall@500,Recall@1000,cNDCG@10
165,6,40,0.16666666666666666,0.5,0.5,0.5,0.6666666666666666,0.8333333333333334,0.3717514016981296
433,7,40,0.7142857142857143,1.0,1.0,1.0,1.0,1.0,0.24801474331466042
500,22,40,0.7727272727272727,0.9090909090909091,1.0,1.0,1.0,1.0,0.923371194122541
541,7,16,0.8571428571428571,0.8571428571428571,0.8571428571428571,0.8571428571428571,1.0,1.0,0.6640090630966186
598,14,39,0.35714285714285715,0.5714285714285714,0.9285714285714286,1.0,1.0,1.0,0.5686851540298399
600,26,39,0.5769230769230769,0.9230769230769231,0.9230769230769231,0.9615384615384616,0.9615384615384616,0.9615384615384616,0.7670711899093484
602,3,10,0.0,0.0,0.0,0.0,0.0,0.0,0.519814791009597
622,26,40,0.5384615384615384,1.0,1.0,1.0,1.0,1.0,0.5392225504194447
637,13,16,0.46153846153846156,0.7692307692307693,0.8461538461538461,1.0,1.0,1.0,0.8019174103317278
861,24,40,0.2916666666666667,0.625,1.0,1.0,1.0,1.0,0.20750369791974158
933,4,16,0.5,1.0,1.0,1.0,1.0,1.0,0.3628652994991967
978,12,16,1.0,1.0,1.0,1.0,1.0,1.0,0.6727386636379677
1210,2,35,0.0,0.0,0.0,0.0,0.0,0.0,0.0
1293,10,39,0.4,0.9,1.0,1.0,1.0,1.0,0.2620514305521373
1310,1,40,0.0,0.0,1.0,1.0,1.0,1.0,0.09874195629518037
1458,15,39,0.6666666666666666,0.9333333333333333,1.0,1.0,1.0,1.0,0.5462574254588145
1476,17,40,0.5294117647058824,0.8823529411764706,1.0,1.0,1.0,1.0,0.46331583237746987
1530,17,40,0.5294117647058824,1.0,1.0,1.0,1.0,1.0,0.38569837291622894
1659,5,40,0.6,0.8,0.8,0.8,1.0,1.0,0.14985968932316993
1816,4,16,1.0,1.0,1.0,1.0,1.0,1.0,0.7457678525489536
2286,13,39,0.23076923076923078,0.38461538461538464,0.6153846153846154,0.9230769230769231,1.0,1.0,0.4918954077778031
2390,2,16,0.5,0.5,1.0,1.0,1.0,1.0,0.3717183365776541
2692,7,16,0.8571428571428571,0.8571428571428571,1.0,1.0,1.0,1.0,0.5570416392825258
2855,7,40,0.7142857142857143,0.7142857142857143,0.7142857142857143,0.8571428571428571,0.8571428571428571,0.8571428571428571,0.5352106855110147
3012,5,17,0.8,0.8,0.8,1.0,1.0,1.0,0.3581255358457942
3492,1,15,1.0,1.0,1.0,1.0,1.0,1.0,0.9999999999999999
3494,11,16,1.0,1.0,1.0,1.0,1.0,1.0,0.7682269253321374
3986,14,16,0.9285714285714286,1.0,1.0,1.0,1.0,1.0,0.8910545756824503
4299,1,16,1.0,1.0,1.0,1.0,1.0,1.0,0.6677387466864252
4321,5,32,0.0,0.0,0.0,0.0,0.0,0.4,0.3747321169324883
4860,2,16,0.5,0.5,1.0,1.0,1.0,1.0,0.33153333733384116
4956,7,16,0.8571428571428571,1.0,1.0,1.0,1.0,1.0,0.7804171877951419
5079,10,16,0.2,0.3,0.4,0.6,0.7,0.7,0.5470081454841883
5094,11,16,0.7272727272727273,1.0,1.0,1.0,1.0,1.0,0.7545968598794698
5419,5,16,1.0,1.0,1.0,1.0,1.0,1.0,0.7304963903050938
5787,2,13,0.5,1.0,1.0,1.0,1.0,1.0,0.7322910139201898
5921,2,17,0.5,1.0,1.0,1.0,1.0,1.0,0.8115288388005426
6138,3,15,1.0,1.0,1.0,1.0,1.0,1.0,0.7410734936880349
6685,8,16,0.625,1.0,1.0,1.0,1.0,1.0,0.5486179049918067
7034,1,15,0.0,1.0,1.0,1.0,1.0,1.0,0.6216717592893348
7126,7,14,1.0,1.0,1.0,1.0,1.0,1.0,0.9615046188076859
7303,12,16,0.8333333333333334,0.9166666666666666,1.0,1.0,1.0,1.0,0.5420044949942291
7340,2,16,1.0,1.0,1.0,1.0,1.0,1.0,0.6671292881760774
7545,12,16,1.0,1.0,1.0,1.0,1.0,1.0,0.7323674647469179
7581,10,16,1.0,1.0,1.0,1.0,1.0,1.0,0.6865796483860853
8063,12,16,0.25,0.6666666666666666,0.9166666666666666,0.9166666666666666,1.0,1.0,0.7799082337019199
8519,8,16,0.75,1.0,1.0,1.0,1.0,1.0,0.5799509475229241
8605,6,16,0.8333333333333334,0.8333333333333334,0.8333333333333334,1.0,1.0,1.0,0.8417771098923533
8740,1,16,1.0,1.0,1.0,1.0,1.0,1.0,0.645511945876582
9096,11,16,1.0,1.0,1.0,1.0,1.0,1.0,0.7420310773054907
9695,9,16,0.8888888888888888,1.0,1.0,1.0,1.0,1.0,0.6792828765701944
9776,9,16,0.7777777777777778,0.8888888888888888,0.8888888888888888,0.8888888888888888,1.0,1.0,0.5279621089469567
9967,3,16,0.3333333333333333,1.0,1.0,1.0,1.0,1.0,0.3171937659698004
10312,20,39,0.3,0.6,0.8,0.9,1.0,1.0,0.5792230653531062
10370,10,16,1.0,1.0,1.0,1.0,1.0,1.0,0.6547216238913564
11509,5,14,0.0,0.2,0.4,0.4,0.4,1.0,0.46663613458486014
11621,1,15,0.0,0.0,0.0,0.0,1.0,1.0,0.6677387466864252
11875,5,16,1.0,1.0,1.0,1.0,1.0,1.0,0.754954872772787
11925,28,40,0.35714285714285715,0.6785714285714286,0.8571428571428571,0.8928571428571429,1.0,1.0,0.9999999999999998
12176,27,51,0.18518518518518517,0.2962962962962963,0.5555555555555556,0.8518518518518519,1.0,1.0,0.6689246871234176
12432,12,16,0.16666666666666666,0.3333333333333333,0.5,0.6666666666666666,0.75,0.8333333333333334,0.7647010981794549
12557,8,40,0.5,0.5,0.5,0.5,0.5,0.75,0.6141215432478893
12664,5,18,1.0,1.0,1.0,1.0,1.0,1.0,0.47368318195207815
12809,4,16,0.25,1.0,1.0,1.0,1.0,1.0,0.6697717490903309
13089,32,38,0.5,1.0,1.0,1.0,1.0,1.0,0.869812756810242
13169,11,16,0.7272727272727273,0.7272727272727273,0.8181818181818182,0.8181818181818182,0.9090909090909091,1.0,0.7943590839161548
13471,21,40,0.5714285714285714,0.9047619047619048,0.9523809523809523,1.0,1.0,1.0,0.6945316133079608
13639,15,16,0.8666666666666667,1.0,1.0,1.0,1.0,1.0,0.7799082337019199
13785,8,16,0.625,1.0,1.0,1.0,1.0,1.0,0.8986279160373657
13954,13,16,0.9230769230769231,1.0,1.0,1.0,1.0,1.0,0.859113631278225
14346,10,16,0.4,0.4,0.4,0.7,1.0,1.0,0.7455283179828605
14880,4,16,0.75,1.0,1.0,1.0,1.0,1.0,0.7315682114753617
14882,11,39,0.7272727272727273,0.9090909090909091,1.0,1.0,1.0,1.0,0.4209367947369636
15154,28,32,0.03571428571428571,0.03571428571428571,0.07142857142857142,0.10714285714285714,0.21428571428571427,0.32142857142857145,0.9009587051658638
15164,7,16,1.0,1.0,1.0,1.0,1.0,1.0,0.6691539591460474
15311,10,16,0.8,0.9,0.9,0.9,1.0,1.0,0.7419772586898935
15647,21,40,0.42857142857142855,0.9523809523809523,1.0,1.0,1.0,1.0,0.4088830058272755
15716,14,40,0.7142857142857143,0.9285714285714286,0.9285714285714286,0.9285714285714286,1.0,1.0,0.7755735664468458
15777,12,16,0.75,0.8333333333333334,1.0,1.0,1.0,1.0,0.8630152897016882
15807,15,16,0.8,0.9333333333333333,1.0,1.0,1.0,1.0,0.9337457765456108
16613,9,16,0.4444444444444444,0.7777777777777778,0.8888888888888888,0.8888888888888888,0.8888888888888888,1.0,0.8438731289033485
16684,13,16,0.6923076923076923,0.8461538461538461,1.0,1.0,1.0,1.0,0.756020376124318
17384,11,16,0.6363636363636364,0.9090909090909091,1.0,1.0,1.0,1.0,0.5536549715770481
17607,17,27,0.6470588235294118,1.0,1.0,1.0,1.0,1.0,0.45008276455152824
17689,3,16,0.6666666666666666,1.0,1.0,1.0,1.0,1.0,0.594303155533615
17742,12,16,0.25,0.3333333333333333,0.3333333333333333,0.5833333333333334,0.8333333333333334,1.0,0.8441320299865964
18356,7,16,1.0,1.0,1.0,1.0,1.0,1.0,0.7818832166966444
18553,21,39,0.38095238095238093,1.0,1.0,1.0,1.0,1.0,0.506743223078042
18679,8,28,0.875,1.0,1.0,1.0,1.0,1.0,0.9292410644337842
18682,8,16,1.0,1.0,1.0,1.0,1.0,1.0,0.903299265493327
18932,10,16,1.0,1.0,1.0,1.0,1.0,1.0,0.6190023699542971
19053,14,16,0.9285714285714286,1.0,1.0,1.0,1.0,1.0,0.9427412906209434
19134,2,15,0.5,0.5,0.5,0.5,1.0,1.0,0.7045890484015767
19268,21,32,0.19047619047619047,0.42857142857142855,0.6190476190476191,0.9047619047619048,0.9523809523809523,0.9523809523809523,0.4886325934299869
19369,11,16,0.6363636363636364,0.9090909090909091,1.0,1.0,1.0,1.0,0.7451487888604601
19372,15,16,0.8666666666666667,1.0,1.0,1.0,1.0,1.0,0.8750238005138008
19380,2,16,0.5,1.0,1.0,1.0,1.0,1.0,0.6131471927654584
19619,2,16,1.0,1.0,1.0,1.0,1.0,1.0,0.9197207891481876
19694,7,17,1.0,1.0,1.0,1.0,1.0,1.0,0.8850194834975664
19953,3,16,1.0,1.0,1.0,1.0,1.0,1.0,0.831328094823491
20037,32,41,0.40625,1.0,1.0,1.0,1.0,1.0,0.515411816268293
20185,4,16,1.0,1.0,1.0,1.0,1.0,1.0,0.6686402366102813
20307,5,16,0.8,0.8,0.8,0.8,1.0,1.0,0.9284591831945489
20315,10,16,1.0,1.0,1.0,1.0,1.0,1.0,0.764372733195632
20385,2,16,1.0,1.0,1.0,1.0,1.0,1.0,0.47048140810864986
20500,5,16,1.0,1.0,1.0,1.0,1.0,1.0,0.6168024039896789
20523,3,16,0.3333333333333333,0.3333333333333333,0.3333333333333333,0.3333333333333333,0.3333333333333333,0.3333333333333333,0.46927872602275644
20788,5,15,0.8,1.0,1.0,1.0,1.0,1.0,0.7690334923887077
21481,17,40,0.7058823529411765,0.8823529411764706,0.9411764705882353,1.0,1.0,1.0,0.6064708776237797
21645,13,16,0.9230769230769231,1.0,1.0,1.0,1.0,1.0,0.738025979499836
22173,9,16,0.8888888888888888,1.0,1.0,1.0,1.0,1.0,0.5041220824064484
22211,3,11,1.0,1.0,1.0,1.0,1.0,1.0,0.4531429494567834
22441,7,16,1.0,1.0,1.0,1.0,1.0,1.0,0.8758255363370531
22639,9,16,0.5555555555555556,0.5555555555555556,0.7777777777777778,1.0,1.0,1.0,0.8239584131746789
23148,4,12,0.75,1.0,1.0,1.0,1.0,1.0,0.8971236238006621
23260,15,16,0.0,0.0,0.13333333333333333,0.13333333333333333,0.6666666666666666,0.8,0.9009587051658638
23744,1,16,0.0,0.0,0.0,0.0,0.0,1.0,0.33547749337285077
24082,5,15,0.8,1.0,1.0,1.0,1.0,1.0,0.6525056581236786
24402,6,16,0.3333333333333333,0.6666666666666666,0.8333333333333334,1.0,1.0,1.0,0.34658160997252124
24504,4,16,1.0,1.0,1.0,1.0,1.0,1.0,0.9624282728794608
24668,8,35,0.5,0.75,0.75,0.75,0.75,0.75,0.8092287010185859
24697,2,16,1.0,1.0,1.0,1.0,1.0,1.0,0.8418690194552579
24831,19,39,0.631578947368421,0.9473684210526315,0.9473684210526315,0.9473684210526315,0.9473684210526315,0.9473684210526315,0.8184242928040838
25132,12,16,0.25,0.5,0.5,0.6666666666666666,1.0,1.0,0.8521705090845473
25426,5,16,1.0,1.0,1.0,1.0,1.0,1.0,0.9379498779537904
25497,1,16,1.0,1.0,1.0,1.0,1.0,1.0,0.6212778090144085
25516,5,15,1.0,1.0,1.0,1.0,1.0,1.0,0.9217102454100641
25591,3,16,1.0,1.0,1.0,1.0,1.0,1.0,0.8528438345094291
26321,9,16,1.0,1.0,1.0,1.0,1.0,1.0,0.9858924894517015
26642,10,16,0.6,0.7,0.7,0.7,0.9,0.9,0.809694748797036
26872,5,16,1.0,1.0,1.0,1.0,1.0,1.0,0.9666372127709744
27927,8,16,0.875,0.875,1.0,1.0,1.0,1.0,0.9851514063429595
28198,15,16,1.0,1.0,1.0,1.0,1.0,1.0,0.9375119002569003
28637,4,15,0.0,0.0,0.25,0.5,0.75,1.0,0.5205067333228022
29049,4,16,1.0,1.0,1.0,1.0,1.0,1.0,1.0
29123,11,16,1.0,1.0,1.0,1.0,1.0,1.0,0.8414929602590189
29488,7,16,0.8571428571428571,1.0,1.0,1.0,1.0,1.0,0.703411702292591
29596,12,16,0.5833333333333334,0.75,0.8333333333333334,1.0,1.0,1.0,0.9305687780632225
29729,9,16,0.7777777777777778,0.7777777777777778,0.7777777777777778,0.8888888888888888,1.0,1.0,0.8636787940540124
29868,10,16,0.6,1.0,1.0,1.0,1.0,1.0,0.7125523635307982
29928,5,15,0.6,0.6,0.8,1.0,1.0,1.0,0.7012112246904306
29941,2,14,1.0,1.0,1.0,1.0,1.0,1.0,0.49043647754618885
29945,5,16,1.0,1.0,1.0,1.0,1.0,1.0,0.6314997720667973
29952,4,16,0.25,0.5,1.0,1.0,1.0,1.0,0.6831800024430819
30020,1,16,1.0,1.0,1.0,1.0,1.0,1.0,0.9534147754056717
30318,12,16,0.8333333333333334,1.0,1.0,1.0,1.0,1.0,0.8750238005138008
31573,2,16,0.5,1.0,1.0,1.0,1.0,1.0,0.6727315632987158
31659,7,16,1.0,1.0,1.0,1.0,1.0,1.0,1.0
31724,6,16,0.3333333333333333,0.5,0.5,0.6666666666666666,1.0,1.0,0.8293978480697228
31889,2,16,0.5,0.5,0.5,0.5,0.5,1.0,0.392981831679892
32142,10,16,1.0,1.0,1.0,1.0,1.0,1.0,0.8767137607315193
32164,13,40,0.07692307692307693,0.07692307692307693,0.07692307692307693,0.23076923076923078,0.23076923076923078,0.7692307692307693,0.30143062378500035
32311,11,14,0.18181818181818182,0.36363636363636365,0.36363636363636365,0.45454545454545453,0.7272727272727273,0.8181818181818182,0.8364586133797036
32350,9,16,0.0,0.0,0.2222222222222222,0.4444444444444444,0.6666666666666666,0.8888888888888888,0.7660384437368106
32351,4,16,0.75,1.0,1.0,1.0,1.0,1.0,0.9624282728794608
32430,19,40,0.42105263157894735,0.631578947368421,0.7368421052631579,0.7894736842105263,0.7894736842105263,0.9473684210526315,0.574984016694681
32612,2,16,0.5,1.0,1.0,1.0,1.0,1.0,0.4723428550300855
32812,4,16,1.0,1.0,1.0,1.0,1.0,1.0,0.9536748195248628
32917,7,16,0.0,0.0,0.5714285714285714,0.7142857142857143,1.0,1.0,0.4578256292097248
33004,10,16,0.9,1.0,1.0,1.0,1.0,1.0,0.9403711988910498
33735,20,32,0.65,0.95,1.0,1.0,1.0,1.0,0.665221640876894
34128,26,40,0.46153846153846156,0.7307692307692307,0.9615384615384616,0.9615384615384616,0.9615384615384616,0.9615384615384616,0.9999999999999998
34229,6,16,1.0,1.0,1.0,1.0,1.0,1.0,0.8633085491045023
34443,7,16,0.8571428571428571,0.8571428571428571,1.0,1.0,1.0,1.0,0.6379294983103231
34775,3,16,0.6666666666666666,0.6666666666666666,0.6666666666666666,1.0,1.0,1.0,0.6206041796526612
34817,10,16,1.0,1.0,1.0,1.0,1.0,1.0,0.8436999957868073
35117,8,16,1.0,1.0,1.0,1.0,1.0,1.0,0.8846119892103489
35242,2,16,0.0,0.0,0.5,0.5,0.5,0.5,0.3655479493862149
35755,15,16,1.0,1.0,1.0,1.0,1.0,1.0,0.923371194122541
36669,2,16,0.5,0.5,0.5,0.5,1.0,1.0,0.7977228895450266
36678,2,29,0.0,0.0,0.0,0.0,0.5,0.5,0.3753456991471097
36753,12,16,0.5833333333333334,0.6666666666666666,0.75,0.9166666666666666,0.9166666666666666,0.9166666666666666,0.8006937664098818
36912,1,16,1.0,1.0,1.0,1.0,1.0,1.0,0.41524731411641513
36960,2,16,1.0,1.0,1.0,1.0,1.0,1.0,0.8690664575699698
37451,1,16,0.0,0.0,0.0,1.0,1.0,1.0,0.33547749337285077
37466,24,40,0.4583333333333333,0.9583333333333334,1.0,1.0,1.0,1.0,0.5579079020416334
37498,2,16,1.0,1.0,1.0,1.0,1.0,1.0,0.8912001084636676
37670,13,16,0.23076923076923078,0.3076923076923077,0.3076923076923077,0.38461538461538464,0.6153846153846154,0.8461538461538461,0.6460494403183242
37789,1,16,1.0,1.0,1.0,1.0,1.0,1.0,0.31546487678572877
38679,2,16,1.0,1.0,1.0,1.0,1.0,1.0,0.63726305616713
39022,3,16,0.3333333333333333,1.0,1.0,1.0,1.0,1.0,0.6337114163358175
39107,12,16,0.9166666666666666,1.0,1.0,1.0,1.0,1.0,0.8603818544462508
39157,2,16,0.0,0.5,0.5,1.0,1.0,1.0,0.29368643677880335
39263,2,16,0.5,1.0,1.0,1.0,1.0,1.0,0.47048140810864986
40165,1,16,1.0,1.0,1.0,1.0,1.0,1.0,0.5355187006614394
40292,7,16,0.7142857142857143,0.8571428571428571,1.0,1.0,1.0,1.0,0.7007578268538629
40356,1,16,1.0,1.0,1.0,1.0,1.0,1.0,0.5569849955819005
40483,29,40,0.5172413793103449,1.0,1.0,1.0,1.0,1.0,0.9337457765456108
40528,3,15,1.0,1.0,1.0,1.0,1.0,1.0,0.9651118435702037
40573,23,79,0.5652173913043478,1.0,1.0,1.0,1.0,1.0,0.9266360779006401
40615,1,16,1.0,1.0,1.0,1.0,1.0,1.0,0.6677387466864252
40834,7,72,0.0,0.5714285714285714,1.0,1.0,1.0,1.0,0.024254859752607466
41423,24,31,0.16666666666666666,0.4166666666666667,0.7083333333333334,0.75,0.7916666666666666,0.7916666666666666,0.5572912966254797
41492,13,40,0.6153846153846154,0.7692307692307693,0.8461538461538461,0.9230769230769231,0.9230769230769231,0.9230769230769231,0.8743436690016259
41502,11,16,0.7272727272727273,0.9090909090909091,1.0,1.0,1.0,1.0,0.8349311752764399
41795,11,16,0.9090909090909091,1.0,1.0,1.0,1.0,1.0,0.6688708685078204
42118,3,16,1.0,1.0,1.0,1.0,1.0,1.0,0.9424972543464051
42332,13,16,1.0,1.0,1.0,1.0,1.0,1.0,0.7358898804423037
42405,1,16,1.0,1.0,1.0,1.0,1.0,1.0,0.9999999999999998
42445,6,16,1.0,1.0,1.0,1.0,1.0,1.0,0.9999999999999999
42964,12,40,0.6666666666666666,0.9166666666666666,0.9166666666666666,0.9166666666666666,1.0,1.0,0.6470330276886337
42968,4,16,1.0,1.0,1.0,1.0,1.0,1.0,0.7543566666602274
43579,11,16,0.09090909090909091,0.2727272727272727,0.7272727272727273,0.9090909090909091,0.9090909090909091,1.0,0.7028761154975917
43948,2,16,1.0,1.0,1.0,1.0,1.0,1.0,0.6985663674726266
43961,1,16,1.0,1.0,1.0,1.0,1.0,1.0,0.5721851862284795
43983,4,16,1.0,1.0,1.0,1.0,1.0,1.0,0.8786654771309025
44424,4,13,0.75,1.0,1.0,1.0,1.0,1.0,0.653208496443743
44706,3,16,0.3333333333333333,0.6666666666666666,1.0,1.0,1.0,1.0,0.5709299783885432
44816,12,16,0.08333333333333333,0.08333333333333333,0.16666666666666666,0.25,0.3333333333333333,0.5,0.8427235358873496
44845,7,15,0.42857142857142855,0.5714285714285714,0.5714285714285714,0.5714285714285714,0.8571428571428571,0.8571428571428571,0.6246763919051829
44960,12,16,1.0,1.0,1.0,1.0,1.0,1.0,0.9146904720674043
45294,1,16,1.0,1.0,1.0,1.0,1.0,1.0,0.38685280723454163
45464,16,40,0.6875,0.8125,0.875,0.875,0.875,1.0,0.6290442511565804
45588,4,16,0.75,1.0,1.0,1.0,1.0,1.0,0.8924162589878044
45713,12,16,0.0,0.0,0.0,0.08333333333333333,0.25,0.3333333333333333,0.750637296052051
45745,10,16,1.0,1.0,1.0,1.0,1.0,1.0,0.9999999999999998
45843,3,15,0.6666666666666666,0.6666666666666666,0.6666666666666666,0.6666666666666666,0.6666666666666666,0.6666666666666666,0.8435897395360562
45928,0,15,,,,,,,0.9999999999999999
45990,9,16,0.6666666666666666,1.0,1.0,1.0,1.0,1.0,0.6566163915420677
46008,8,16,1.0,1.0,1.0,1.0,1.0,1.0,0.5785571643077974
46089,7,21,1.0,1.0,1.0,1.0,1.0,1.0,0.951118747527665
46097,6,16,1.0,1.0,1.0,1.0,1.0,1.0,0.8561247752228354
46149,15,16,1.0,1.0,1.0,1.0,1.0,1.0,0.9223857137111113
46177,9,35,0.6666666666666666,1.0,1.0,1.0,1.0,1.0,0.43927485701476926
46471,10,16,0.9,1.0,1.0,1.0,1.0,1.0,0.7949436629452481
46910,7,16,0.8571428571428571,1.0,1.0,1.0,1.0,1.0,0.8755232088465725
47106,9,16,0.5555555555555556,0.7777777777777778,0.7777777777777778,0.8888888888888888,0.8888888888888888,0.8888888888888888,0.7814859985333592
47213,8,16,0.75,0.75,0.875,1.0,1.0,1.0,0.6341816099407754
47217,15,16,0.9333333333333333,1.0,1.0,1.0,1.0,1.0,0.9403711988910498
47526,24,40,0.625,1.0,1.0,1.0,1.0,1.0,0.9403711988910498
47631,28,40,0.14285714285714285,0.42857142857142855,0.5357142857142857,0.7857142857142857,0.8928571428571429,1.0,0.9427412906209434
47857,26,40,0.6538461538461539,1.0,1.0,1.0,1.0,1.0,0.9339724701105759
47892,9,16,0.0,0.0,0.0,0.0,0.3333333333333333,0.5555555555555556,0.5722824181036281
48397,12,16,0.25,0.5833333333333334,0.8333333333333334,0.9166666666666666,0.9166666666666666,0.9166666666666666,0.8052674711861244
48914,22,40,0.45454545454545453,0.9090909090909091,1.0,1.0,1.0,1.0,0.49243980119100694
48929,19,40,0.47368421052631576,0.5789473684210527,0.631578947368421,0.631578947368421,0.7368421052631579,0.8421052631578947,0.9363792118010481
49077,11,16,0.5454545454545454,0.6363636363636364,0.7272727272727273,0.9090909090909091,1.0,1.0,0.83895741217606
49201,10,16,0.3,0.6,0.7,1.0,1.0,1.0,0.8384706054227643
49481,1,16,1.0,1.0,1.0,1.0,1.0,1.0,0.4090123675856164
49972,6,16,0.8333333333333334,1.0,1.0,1.0,1.0,1.0,0.7153226430805838
50118,13,16,0.9230769230769231,0.9230769230769231,0.9230769230769231,0.9230769230769231,0.9230769230769231,1.0,0.9403711988910498
50311,18,41,0.7777777777777778,1.0,1.0,1.0,1.0,1.0,0.8349311752764399
50356,5,16,1.0,1.0,1.0,1.0,1.0,1.0,0.8593641228952347
50494,7,16,0.7142857142857143,0.7142857142857143,0.8571428571428571,1.0,1.0,1.0,0.9684222274349948
51056,1,16,0.0,1.0,1.0,1.0,1.0,1.0,0.3457326376025928
51227,13,16,0.7692307692307693,0.9230769230769231,1.0,1.0,1.0,1.0,0.9146904720674043
51454,11,16,1.0,1.0,1.0,1.0,1.0,1.0,0.7849818707050382
52230,13,40,0.15384615384615385,0.9230769230769231,0.9230769230769231,0.9230769230769231,1.0,1.0,0.11719590619503693
52255,9,14,0.3333333333333333,0.6666666666666666,0.6666666666666666,0.8888888888888888,1.0,1.0,0.6365600832202417
52348,1,16,0.0,0.0,0.0,0.0,0.0,1.0,0.33547749337285077
52482,1,15,1.0,1.0,1.0,1.0,1.0,1.0,0.9370894246032427
52830,3,16,0.6666666666666666,0.6666666666666666,0.6666666666666666,0.6666666666666666,0.6666666666666666,0.6666666666666666,0.8991177519776183
53042,8,16,1.0,1.0,1.0,1.0,1.0,1.0,0.9575029733627332
53114,2,16,1.0,1.0,1.0,1.0,1.0,1.0,0.9062383938816599
53284,6,16,1.0,1.0,1.0,1.0,1.0,1.0,0.9876712785649564
53328,13,16,1.0,1.0,1.0,1.0,1.0,1.0,0.7845087502489866
53451,3,16,1.0,1.0,1.0,1.0,1.0,1.0,0.6132600457391127
54039,13,16,1.0,1.0,1.0,1.0,1.0,1.0,0.7818103405344716
54044,2,15,1.0,1.0,1.0,1.0,1.0,1.0,0.9219180243454467
54558,7,16,1.0,1.0,1.0,1.0,1.0,1.0,0.7062515094344687
54634,5,16,1.0,1.0,1.0,1.0,1.0,1.0,0.8274283368690162
54889,1,16,1.0,1.0,1.0,1.0,1.0,1.0,0.9999999999999999
55280,5,16,1.0,1.0,1.0,1.0,1.0,1.0,0.5306464382833415
55365,3,16,1.0,1.0,1.0,1.0,1.0,1.0,0.9521672156342427
55531,5,40,0.4,0.8,1.0,1.0,1.0,1.0,0.5990213085685258
55677,12,25,0.4166666666666667,0.5,0.75,0.9166666666666666,1.0,1.0,0.40132643170996907
56281,5,16,1.0,1.0,1.0,1.0,1.0,1.0,0.8717713244486662
56758,3,16,1.0,1.0,1.0,1.0,1.0,1.0,0.6199468919763061
57100,14,16,1.0,1.0,1.0,1.0,1.0,1.0,0.9999999999999998
57276,24,40,0.5,0.9583333333333334,1.0,1.0,1.0,1.0,0.7320612682984549
57921,29,40,0.4827586206896552,0.9310344827586207,1.0,1.0,1.0,1.0,0.8750238005138008
58044,3,16,1.0,1.0,1.0,1.0,1.0,1.0,0.9010019295948507
58233,13,16,0.0,0.0,0.0,0.07692307692307693,0.07692307692307693,0.15384615384615385,0.756020376124318
58514,11,16,1.0,1.0,1.0,1.0,1.0,1.0,0.7725023460260614
58597,15,16,0.8666666666666667,1.0,1.0,1.0,1.0,1.0,0.9999999999999998
59963,11,16,0.9090909090909091,1.0,1.0,1.0,1.0,1.0,0.6593491730200756
60628,4,16,0.75,0.75,0.75,1.0,1.0,1.0,0.6051014498030887
61329,14,16,1.0,1.0,1.0,1.0,1.0,1.0,0.923371194122541
61522,9,16,0.6666666666666666,0.7777777777777778,1.0,1.0,1.0,1.0,0.6308633055867204
61574,10,16,0.8,1.0,1.0,1.0,1.0,1.0,0.7404561537451103
61598,3,16,0.6666666666666666,0.6666666666666666,0.6666666666666666,1.0,1.0,1.0,0.6588384764235891
61723,2,16,0.5,1.0,1.0,1.0,1.0,1.0,0.2363737678157232
61798,11,16,1.0,1.0,1.0,1.0,1.0,1.0,0.8236998933965709
61830,3,16,1.0,1.0,1.0,1.0,1.0,1.0,1.0
61961,8,16,0.75,0.75,0.875,0.875,0.875,1.0,0.8135721185250714
62478,8,16,1.0,1.0,1.0,1.0,1.0,1.0,0.840735496715799
62513,13,16,0.6923076923076923,0.7692307692307693,1.0,1.0,1.0,1.0,0.8125357007707011
62558,3,16,1.0,1.0,1.0,1.0,1.0,1.0,0.767374517807081
62858,10,16,0.7,0.9,0.9,1.0,1.0,1.0,0.8142623109489986
62937,2,16,0.5,1.0,1.0,1.0,1.0,1.0,0.8503449055347546
62954,34,40,0.5,0.9117647058823529,0.9705882352941176,1.0,1.0,1.0,0.9157083135347951
63291,5,16,1.0,1.0,1.0,1.0,1.0,1.0,0.8218481303786932
63701,3,16,0.3333333333333333,1.0,1.0,1.0,1.0,1.0,0.33830449619562425
63917,28,40,0.6071428571428571,0.9285714285714286,0.9642857142857143,0.9642857142857143,1.0,1.0,0.9999999999999998
63927,7,14,0.7142857142857143,0.8571428571428571,1.0,1.0,1.0,1.0,0.6437887406970609
64191,1,16,1.0,1.0,1.0,1.0,1.0,1.0,0.6377151342415839
64212,8,38,0.75,1.0,1.0,1.0,1.0,1.0,0.5171350116458816
64296,2,16,0.5,0.5,0.5,1.0,1.0,1.0,0.3717183365776541
64880,2,16,1.0,1.0,1.0,1.0,1.0,1.0,0.9386966886945033
65197,7,16,0.7142857142857143,1.0,1.0,1.0,1.0,1.0,0.46511552385093224
65347,4,16,0.0,0.0,0.5,0.75,1.0,1.0,0.6322837622660576
65397,13,16,0.23076923076923078,0.3076923076923077,0.3076923076923077,0.38461538461538464,0.38461538461538464,0.5384615384615384,0.7670711899093484
65683,21,40,0.7142857142857143,1.0,1.0,1.0,1.0,1.0,0.7983949946363419
65798,6,16,1.0,1.0,1.0,1.0,1.0,1.0,0.4599715673262797
66004,14,16,1.0,1.0,1.0,1.0,1.0,1.0,0.8019174103317278
66062,1,16,0.0,0.0,0.0,1.0,1.0,1.0,0.33547749337285077
66396,23,40,0.6086956521739131,0.9130434782608695,0.9565217391304348,0.9565217391304348,1.0,1.0,0.7907665026018421
66421,11,15,0.8181818181818182,0.8181818181818182,0.9090909090909091,0.9090909090909091,0.9090909090909091,1.0,0.7840711946778572
66476,13,16,0.15384615384615385,0.46153846153846156,0.5384615384615384,1.0,1.0,1.0,0.8743436690016259
66494,10,39,0.4,0.9,0.9,0.9,0.9,1.0,0.32156713491900474
67075,10,16,1.0,1.0,1.0,1.0,1.0,1.0,0.8061553186507114
67189,1,16,1.0,1.0,1.0,1.0,1.0,1.0,0.9143984078506826
67570,3,16,1.0,1.0,1.0,1.0,1.0,1.0,0.6330319981308492
67637,8,16,0.75,0.875,1.0,1.0,1.0,1.0,0.57847505578922
67712,7,16,1.0,1.0,1.0,1.0,1.0,1.0,0.6419413384146596
67844,1,16,0.0,0.0,0.0,1.0,1.0,1.0,0.455417092605749
67894,15,16,0.4,0.5333333333333333,0.6666666666666666,0.9333333333333333,1.0,1.0,0.9337457765456108
68340,19,25,0.7894736842105263,1.0,1.0,1.0,1.0,1.0,0.8634140280297681
68572,7,16,0.42857142857142855,0.7142857142857143,1.0,1.0,1.0,1.0,0.548818190094691
69025,2,16,0.5,0.5,1.0,1.0,1.0,1.0,0.9386966886945033
69269,5,16,1.0,1.0,1.0,1.0,1.0,1.0,0.6246159941381993
69657,13,16,1.0,1.0,1.0,1.0,1.0,1.0,0.824329899288405
69695,9,16,1.0,1.0,1.0,1.0,1.0,1.0,0.9281695935238605
69739,13,16,0.07692307692307693,0.15384615384615385,0.6153846153846154,0.9230769230769231,1.0,1.0,0.8910545756824503
70263,11,16,0.9090909090909091,0.9090909090909091,1.0,1.0,1.0,1.0,0.7422886092227777
70625,3,16,1.0,1.0,1.0,1.0,1.0,1.0,0.9604005252455213
70787,5,16,1.0,1.0,1.0,1.0,1.0,1.0,0.9716827359481677
71186,8,23,0.75,1.0,1.0,1.0,1.0,1.0,0.364990347130901
71356,7,16,0.7142857142857143,0.7142857142857143,0.7142857142857143,0.7142857142857143,1.0,1.0,0.8261612285164249
71655,20,41,0.65,1.0,1.0,1.0,1.0,1.0,0.4381028788786591
71902,1,16,0.0,0.0,0.0,0.0,0.0,0.0,0.40341155195363526
72088,11,16,0.8181818181818182,0.9090909090909091,0.9090909090909091,0.9090909090909091,0.9090909090909091,0.9090909090909091,0.8721828485401355
72127,3,16,0.3333333333333333,0.6666666666666666,0.6666666666666666,0.6666666666666666,0.6666666666666666,1.0,0.5009181239337676
72915,15,16,1.0,1.0,1.0,1.0,1.0,1.0,0.8611375561264454
73215,3,16,1.0,1.0,1.0,1.0,1.0,1.0,0.6303135201449133
73282,7,16,0.5714285714285714,0.5714285714285714,0.7142857142857143,0.8571428571428571,0.8571428571428571,0.8571428571428571,0.8032890495954315
73400,13,41,0.46153846153846156,1.0,1.0,1.0,1.0,1.0,0.33529890182054506
73401,13,16,0.9230769230769231,1.0,1.0,1.0,1.0,1.0,0.923371194122541
73522,7,16,1.0,1.0,1.0,1.0,1.0,1.0,0.78863931968268
73746,3,15,1.0,1.0,1.0,1.0,1.0,1.0,0.690616034107437
73944,9,16,0.8888888888888888,1.0,1.0,1.0,1.0,1.0,0.8394712745398681
74270,3,16,0.6666666666666666,0.6666666666666666,1.0,1.0,1.0,1.0,0.7257236787269903
74336,4,16,0.5,0.75,0.75,1.0,1.0,1.0,0.8994672091126329
74620,7,16,0.7142857142857143,1.0,1.0,1.0,1.0,1.0,0.657660348074775
74628,24,40,0.5833333333333334,0.7916666666666666,0.9166666666666666,0.9166666666666666,1.0,1.0,0.7618417995453054
74654,16,40,0.6875,0.875,0.875,0.875,0.9375,0.9375,0.8177650911347443
74782,6,12,0.3333333333333333,0.3333333333333333,0.3333333333333333,0.8333333333333334,0.8333333333333334,0.8333333333333334,0.7069507298235177
75417,6,16,1.0,1.0,1.0,1.0,1.0,1.0,0.6621914582466515
75512,28,40,0.39285714285714285,0.8571428571428571,1.0,1.0,1.0,1.0,0.7151843661542838
75831,6,32,0.16666666666666666,0.3333333333333333,0.5,0.6666666666666666,0.8333333333333334,1.0,0.2870615686701322
75925,5,16,0.4,0.6,0.8,0.8,1.0,1.0,0.7263163639209749
76144,12,16,0.75,0.9166666666666666,1.0,1.0,1.0,1.0,0.8349311752764399
76820,7,12,0.42857142857142855,0.42857142857142855,0.7142857142857143,1.0,1.0,1.0,0.764081429158559
76904,7,16,0.0,0.14285714285714285,0.42857142857142855,0.8571428571428571,1.0,1.0,0.5588246545026203
76950,22,40,0.5,0.8636363636363636,1.0,1.0,1.0,1.0,0.6084010939662623
76969,6,16,1.0,1.0,1.0,1.0,1.0,1.0,0.9515593066516669
77343,12,40,0.75,1.0,1.0,1.0,1.0,1.0,0.7147754269214648
78347,2,16,1.0,1.0,1.0,1.0,1.0,1.0,0.40335672345437706
79143,7,16,0.14285714285714285,0.2857142857142857,0.42857142857142855,0.8571428571428571,1.0,1.0,0.5072439391721655
79505,14,16,0.9285714285714286,1.0,1.0,1.0,1.0,1.0,0.8019174103317278
80305,8,16,0.625,0.875,0.875,1.0,1.0,1.0,0.6114128223244261
80453,4,16,1.0,1.0,1.0,1.0,1.0,1.0,0.9204039701383389
80880,12,16,0.9166666666666666,1.0,1.0,1.0,1.0,1.0,0.7358898804423037
81029,1,16,0.0,0.0,0.0,0.0,1.0,1.0,0.2790661858033471
81301,10,40,0.6,1.0,1.0,1.0,1.0,1.0,0.377568257433547
81478,5,16,0.0,0.4,0.8,1.0,1.0,1.0,0.7369913672253241
81547,1,16,0.0,0.0,0.0,1.0,1.0,1.0,0.5275675763353551
82738,1,16,1.0,1.0,1.0,1.0,1.0,1.0,0.9323660581491797
82799,14,16,0.9285714285714286,1.0,1.0,1.0,1.0,1.0,0.8441320299865964
82836,7,16,1.0,1.0,1.0,1.0,1.0,1.0,0.6973523305070498
82977,35,42,0.37142857142857144,0.9714285714285714,1.0,1.0,1.0,1.0,0.7215830949347576
83182,8,16,1.0,1.0,1.0,1.0,1.0,1.0,0.9403108584093676
83573,5,16,1.0,1.0,1.0,1.0,1.0,1.0,0.7839337326237756
83860,1,16,1.0,1.0,1.0,1.0,1.0,1.0,0.3748864993267117
84011,14,24,0.9285714285714286,0.9285714285714286,1.0,1.0,1.0,1.0,0.9312630902825904
84333,7,16,0.2857142857142857,0.42857142857142855,0.42857142857142855,0.42857142857142855,0.42857142857142855,0.42857142857142855,0.8171556336088517
84543,13,16,1.0,1.0,1.0,1.0,1.0,1.0,0.8669534581760926
84692,6,12,0.8333333333333334,1.0,1.0,1.0,1.0,1.0,0.6974619948461401
84752,11,16,0.6363636363636364,0.8181818181818182,0.8181818181818182,0.9090909090909091,1.0,1.0,0.7184756989882223
84990,2,16,1.0,1.0,1.0,1.0,1.0,1.0,0.9161786291092909
85202,3,12,0.6666666666666666,0.6666666666666666,1.0,1.0,1.0,1.0,0.7402902353715549
85743,9,16,0.8888888888888888,0.8888888888888888,1.0,1.0,1.0,1.0,0.5552960398304798
85956,9,15,0.8888888888888888,1.0,1.0,1.0,1.0,1.0,0.8737284572038155
87048,12,16,0.75,0.75,0.9166666666666666,1.0,1.0,1.0,0.7975167679274937
87098,6,16,1.0,1.0,1.0,1.0,1.0,1.0,0.9712045720171666
87123,10,16,0.9,1.0,1.0,1.0,1.0,1.0,0.6366218920432027
87931,2,12,1.0,1.0,1.0,1.0,1.0,1.0,0.9081646513469142
88180,2,16,0.0,0.0,1.0,1.0,1.0,1.0,0.6516118037933959
88972,1,16,1.0,1.0,1.0,1.0,1.0,1.0,0.48724723889924715
89016,1,16,0.0,0.0,1.0,1.0,1.0,1.0,0.36732399770518626
89094,5,16,1.0,1.0,1.0,1.0,1.0,1.0,0.9589923346062773
89443,7,15,0.14285714285714285,0.14285714285714285,0.2857142857142857,0.2857142857142857,0.5714285714285714,0.7142857142857143,0.9023082459852788
90070,4,16,0.75,1.0,1.0,1.0,1.0,1.0,0.46840634356210464
90523,15,16,0.13333333333333333,0.26666666666666666,0.26666666666666666,0.4,0.5333333333333333,0.8,0.9375119002569003
90653,6,16,1.0,1.0,1.0,1.0,1.0,1.0,0.5955532774296668
90835,5,16,1.0,1.0,1.0,1.0,1.0,1.0,0.975147587728746
90983,13,32,0.07692307692307693,0.23076923076923078,0.23076923076923078,0.23076923076923078,0.6923076923076923,0.7692307692307693,0.705015124366038
91113,5,16,1.0,1.0,1.0,1.0,1.0,1.0,0.9204463433786136
91245,3,16,1.0,1.0,1.0,1.0,1.0,1.0,0.5375915115346814
91267,8,16,0.875,1.0,1.0,1.0,1.0,1.0,0.6386231436977636
91452,2,16,1.0,1.0,1.0,1.0,1.0,1.0,0.9062383938816599
91498,2,16,0.0,0.0,0.5,1.0,1.0,1.0,0.1714392001886633
91539,8,16,1.0,1.0,1.0,1.0,1.0,1.0,0.7242574715067203
91847,14,16,1.0,1.0,1.0,1.0,1.0,1.0,0.9999999999999998
92217,33,43,0.15151515151515152,0.5454545454545454,1.0,1.0,1.0,1.0,0.6542519027035456
92320,10,16,1.0,1.0,1.0,1.0,1.0,1.0,0.8019174103317278
92627,16,40,0.0,0.0,0.0,0.125,0.75,1.0,0.009478836436955079
92663,4,42,0.5,0.5,0.5,0.5,0.75,1.0,0.6397464691751626
92720,10,16,1.0,1.0,1.0,1.0,1.0,1.0,0.7306958511896836
92810,1,8,0.0,0.0,0.0,0.0,1.0,1.0,0.53680345574425
92928,5,16,0.2,0.4,0.4,0.6,0.8,0.8,0.7972541056822071
93169,5,16,1.0,1.0,1.0,1.0,1.0,1.0,0.6487762123517808
93559,21,40,0.42857142857142855,0.7142857142857143,0.9523809523809523,1.0,1.0,1.0,0.6986735682900308
93654,10,16,0.5,1.0,1.0,1.0,1.0,1.0,0.6314638553955816
93758,9,16,0.8888888888888888,1.0,1.0,1.0,1.0,1.0,0.9158546852881282
94456,13,40,0.6923076923076923,1.0,1.0,1.0,1.0,1.0,0.7439955838914349
94846,3,16,0.3333333333333333,1.0,1.0,1.0,1.0,1.0,0.5350997228286262
94878,13,16,0.46153846153846156,0.8461538461538461,1.0,1.0,1.0,1.0,0.8721828485401355
94932,13,16,0.23076923076923078,0.6923076923076923,0.9230769230769231,1.0,1.0,1.0,0.824329899288405
95116,8,16,0.875,0.875,0.875,0.875,1.0,1.0,0.7591934476941973
95136,2,16,0.5,0.5,0.5,0.5,1.0,1.0,0.5317847194141464
95453,11,16,0.6363636363636364,0.8181818181818182,0.8181818181818182,0.9090909090909091,1.0,1.0,0.8364586133797036
95494,18,27,0.2222222222222222,0.2222222222222222,0.2222222222222222,0.2777777777777778,0.3333333333333333,0.6666666666666666,0.8669534581760926
95886,2,16,0.5,0.5,0.5,0.5,0.5,1.0,0.5317847194141464
95917,3,16,1.0,1.0,1.0,1.0,1.0,1.0,0.8748374107163046
96045,11,16,0.9090909090909091,0.9090909090909091,0.9090909090909091,0.9090909090909091,0.9090909090909091,1.0,0.8156491772332681
96401,1,16,0.0,0.0,0.0,0.0,0.0,0.0,0.10707558681756602
96535,28,41,0.4642857142857143,0.8214285714285714,0.9285714285714286,0.9642857142857143,0.9642857142857143,1.0,0.8380616661899454
96819,8,16,1.0,1.0,1.0,1.0,1.0,1.0,0.9568942334612598
98201,6,13,0.6666666666666666,1.0,1.0,1.0,1.0,1.0,0.9489415452074041
98425,1,16,1.0,1.0,1.0,1.0,1.0,1.0,0.8770745487859614
98526,6,16,0.6666666666666666,0.8333333333333334,1.0,1.0,1.0,1.0,0.8046020100637938
99391,6,16,0.6666666666666666,0.6666666666666666,0.8333333333333334,0.8333333333333334,1.0,1.0,0.8480740740411331
99846,4,16,0.5,0.75,1.0,1.0,1.0,1.0,0.6686885140146047
100084,6,16,0.8333333333333334,0.8333333333333334,1.0,1.0,1.0,1.0,0.8877557637482139
100330,10,40,0.7,1.0,1.0,1.0,1.0,1.0,0.7306958511896836
100469,9,16,0.2222222222222222,0.6666666666666666,0.7777777777777778,0.8888888888888888,0.8888888888888888,0.8888888888888888,0.6728029377122884
100474,4,16,0.0,0.0,0.5,1.0,1.0,1.0,0.30302273732447205
100637,7,16,1.0,1.0,1.0,1.0,1.0,1.0,0.7928300958790159
100807,27,40,0.4444444444444444,1.0,1.0,1.0,1.0,1.0,0.7819253963619686
101683,14,40,0.5,0.7142857142857143,0.7857142857142857,0.7857142857142857,1.0,1.0,0.6333325813466013
101841,5,16,1.0,1.0,1.0,1.0,1.0,1.0,0.9845019289674529
102215,1,16,1.0,1.0,1.0,1.0,1.0,1.0,0.5932198597607807
102308,3,16,1.0,1.0,1.0,1.0,1.0,1.0,0.6493320699035815
102732,9,16,0.2222222222222222,0.5555555555555556,0.5555555555555556,0.5555555555555556,0.8888888888888888,0.8888888888888888,0.6510513390009554
102895,4,16,0.5,0.75,0.75,1.0,1.0,1.0,0.5511793173124075
102991,4,16,1.0,1.0,1.0,1.0,1.0,1.0,0.833416476100908
103099,7,16,0.42857142857142855,0.7142857142857143,0.7142857142857143,1.0,1.0,1.0,0.3072935315426373
103248,13,16,0.9230769230769231,0.9230769230769231,0.9230769230769231,0.9230769230769231,1.0,1.0,0.9999999999999998
103500,7,16,1.0,1.0,1.0,1.0,1.0,1.0,0.903333043009463
103612,15,16,0.4,0.8,0.9333333333333333,1.0,1.0,1.0,0.7799082337019199
103705,5,16,0.4,0.8,0.8,1.0,1.0,1.0,0.7179994705771144
104116,32,40,0.5625,0.8125,0.9375,0.96875,1.0,1.0,0.9999999999999998
104212,3,10,1.0,1.0,1.0,1.0,1.0,1.0,0.9454456077927967
104375,10,16,0.2,0.2,0.3,0.7,0.8,1.0,0.8200685179888283
104485,16,37,0.125,0.125,0.125,0.375,0.375,0.5625,0.9009587051658638
104556,10,16,0.9,0.9,1.0,1.0,1.0,1.0,0.7015099647232443
104929,2,16,0.5,0.5,1.0,1.0,1.0,1.0,0.4031554158742034
105336,12,16,0.5833333333333334,0.8333333333333334,0.9166666666666666,0.9166666666666666,1.0,1.0,0.73135896825092
105354,3,8,1.0,1.0,1.0,1.0,1.0,1.0,0.7096859962419696
106080,8,16,0.625,1.0,1.0,1.0,1.0,1.0,0.6848558730816634
106387,6,16,1.0,1.0,1.0,1.0,1.0,1.0,0.8805742046267713
106839,3,16,0.6666666666666666,1.0,1.0,1.0,1.0,1.0,0.9487709457281283
107789,8,16,0.75,1.0,1.0,1.0,1.0,1.0,0.6118758881712751
107880,3,16,0.0,0.6666666666666666,1.0,1.0,1.0,1.0,0.5041198348863188
107900,13,16,1.0,1.0,1.0,1.0,1.0,1.0,0.8087695770594118
108093,6,16,0.8333333333333334,1.0,1.0,1.0,1.0,1.0,0.7489753795327491
108571,4,16,1.0,1.0,1.0,1.0,1.0,1.0,0.8789644929878212
108769,8,16,0.125,0.375,0.375,0.875,1.0,1.0,0.40027950381956634
108964,2,16,1.0,1.0,1.0,1.0,1.0,1.0,0.9386966886945033
109159,8,16,1.0,1.0,1.0,1.0,1.0,1.0,0.8946221369522275
109658,9,16,1.0,1.0,1.0,1.0,1.0,1.0,0.6390240942865455
110355,8,13,0.875,1.0,1.0,1.0,1.0,1.0,0.7468210870349041
110443,3,9,0.6666666666666666,0.6666666666666666,0.6666666666666666,0.6666666666666666,1.0,1.0,0.9225974558239669
110695,5,16,0.8,0.8,1.0,1.0,1.0,1.0,0.5352571727887342
110785,5,16,1.0,1.0,1.0,1.0,1.0,1.0,0.7992981086156341
110848,22,58,0.7727272727272727,1.0,1.0,1.0,1.0,1.0,0.7986494563833458
110909,6,16,1.0,1.0,1.0,1.0,1.0,1.0,0.7213270574007117
111397,1,16,1.0,1.0,1.0,1.0,1.0,1.0,0.48729267565751627
111447,14,16,0.7857142857142857,0.8571428571428571,0.9285714285714286,1.0,1.0,1.0,0.7821091513649006
111629,14,16,0.8571428571428571,1.0,1.0,1.0,1.0,1.0,0.7983949946363419
111828,2,16,0.5,0.5,1.0,1.0,1.0,1.0,0.16722082295330595
111876,4,16,0.5,0.75,1.0,1.0,1.0,1.0,0.45722918269742685
111913,11,16,0.09090909090909091,0.6363636363636364,0.9090909090909091,0.9090909090909091,1.0,1.0,0.8036243850003849
111950,13,16,0.9230769230769231,0.9230769230769231,0.9230769230769231,0.9230769230769231,0.9230769230769231,1.0,0.9061595192741445
112070,3,16,0.3333333333333333,0.6666666666666666,0.6666666666666666,1.0,1.0,1.0,0.5709299783885432
112116,12,19,0.5,0.75,0.8333333333333334,0.9166666666666666,1.0,1.0,0.5666154383408997
112141,10,16,0.7,1.0,1.0,1.0,1.0,1.0,0.7840711946778572
112578,12,16,0.08333333333333333,0.08333333333333333,0.08333333333333333,0.08333333333333333,0.08333333333333333,0.08333333333333333,0.7097282822252757
112716,6,16,0.8333333333333334,0.8333333333333334,0.8333333333333334,0.8333333333333334,0.8333333333333334,0.8333333333333334,0.8682074636742593
113321,32,43,0.0625,0.46875,0.71875,0.84375,0.96875,1.0,0.4349079269671879
113679,33,40,0.42424242424242425,0.9090909090909091,1.0,1.0,1.0,1.0,0.6728267620931985
114588,3,15,1.0,1.0,1.0,1.0,1.0,1.0,0.9073982267166325
114599,2,16,0.5,1.0,1.0,1.0,1.0,1.0,0.6985663674726266
114650,4,16,1.0,1.0,1.0,1.0,1.0,1.0,0.9456482671713223
114793,1,17,1.0,1.0,1.0,1.0,1.0,1.0,0.5721851862284795
114905,7,16,0.8571428571428571,0.8571428571428571,0.8571428571428571,0.8571428571428571,1.0,1.0,0.778133782322332
114954,9,27,1.0,1.0,1.0,1.0,1.0,1.0,0.9126433968314667
115094,26,40,0.5384615384615384,0.9615384615384616,1.0,1.0,1.0,1.0,0.8304002630850561
115539,4,16,1.0,1.0,1.0,1.0,1.0,1.0,1.0000000000000002
