dataset,model,encoder_profile,population,K,reference,alternative,control_family,rank_origin,intervention,catalog_size,aggregation,eligible_queries,highest_relevance_pairs,raw_mean_schedule_recall,raw_mean_schedule_recall_ci_low,raw_mean_schedule_recall_ci_high,canonical_recall,canonical_recall_ci_low,canonical_recall_ci_high,delta_vs_mean_schedules,delta_vs_mean_schedules_ci_low,delta_vs_mean_schedules_ci_high
wands,minilm,native,historical_full,20,raw_mean_over_seven_schedules,lexical_ascending,pure complete-entry sorting,reused inherited exact ranks,catalog_wide,42994,query_macro,379,25470,0.3010888168541307,0.26929433660804436,0.3339300679474461,0.29539370479850435,0.2630531489981345,0.3288628475048837,-0.005695112055626418,-0.016574378896012872,0.004422714009950032
wands,minilm,native,historical_full,20,raw_mean_over_seven_schedules,lexical_ascending,pure complete-entry sorting,reused inherited exact ranks,catalog_wide,42994,pair_micro,379,25470,0.10936115317740758,0.09443371193904271,0.1272923973663832,0.10957989791912054,0.09437259302477148,0.12772414428930323,0.00021874474171294057,-0.001321290833947287,0.001828631585989039
wands,minilm,native,historical_full,100,raw_mean_over_seven_schedules,lexical_ascending,pure complete-entry sorting,reused inherited exact ranks,catalog_wide,42994,query_macro,379,25470,0.5669589235873604,0.5323962560281355,0.6001819787093572,0.5571090923892187,0.5222352800486351,0.591664923394906,-0.009849831198141762,-0.018713853749797706,-0.0014597978708841013
wands,minilm,native,historical_full,100,raw_mean_over_seven_schedules,lexical_ascending,pure complete-entry sorting,reused inherited exact ranks,catalog_wide,42994,pair_micro,379,25470,0.35186493914409106,0.31064150938457735,0.3984180453429097,0.34727129956811936,0.3065611271237032,0.3935384817527407,-0.004593639575971728,-0.008125051819708639,-0.0011804731071119825
wands,minilm,native,primary_existing_evaluation,20,raw_mean_over_seven_schedules,lexical_ascending,pure complete-entry sorting,reused inherited exact ranks,catalog_wide,42994,query_macro,308,21299,0.29469993509336295,0.2600133336273994,0.33131393394930186,0.2872268845937019,0.2522883369368891,0.32484793104628895,-0.007473050499661035,-0.020463312995579772,0.004764787725532206
wands,minilm,native,primary_existing_evaluation,20,raw_mean_over_seven_schedules,lexical_ascending,pure complete-entry sorting,reused inherited exact ranks,catalog_wide,42994,pair_micro,308,21299,0.10610826799380253,0.08962070691193659,0.1267133792189302,0.10568571294426968,0.08905456483520997,0.1266334676690703,-0.0004225550495328414,-0.002018859132012817,0.001207223587982306
wands,minilm,native,primary_existing_evaluation,100,raw_mean_over_seven_schedules,lexical_ascending,pure complete-entry sorting,reused inherited exact ranks,catalog_wide,42994,query_macro,308,21299,0.5661289419905646,0.5286381486139621,0.6038344332958028,0.5604906636180105,0.5217842006047898,0.5995178037333512,-0.005638278372554059,-0.015155839914785488,0.003124499423715368
wands,minilm,native,primary_existing_evaluation,100,raw_mean_over_seven_schedules,lexical_ascending,pure complete-entry sorting,reused inherited exact ranks,catalog_wide,42994,pair_micro,308,21299,0.34467748318163827,0.2979879147516791,0.3991472443151524,0.34048546880135216,0.2944209288575042,0.3949164573681819,-0.004192014380286128,-0.008316436307911396,-0.0004000400502328359
wands,minilm,native,historical_full,20,raw_mean_over_seven_schedules,lexical_descending,pure complete-entry sorting,"new controlled retrieval, frozen pretrained encoder; not regenerated raw ranks",catalog_wide,42994,query_macro,379,25470,0.3010888168541307,0.26929433660804436,0.3339300679474461,0.2998283347173023,0.26676228204177876,0.3341777979346524,-0.0012604821368284616,-0.011827265307384769,0.008893275262927422
wands,minilm,native,historical_full,20,raw_mean_over_seven_schedules,lexical_descending,pure complete-entry sorting,"new controlled retrieval, frozen pretrained encoder; not regenerated raw ranks",catalog_wide,42994,pair_micro,379,25470,0.10936115317740758,0.09443371193904271,0.1272923973663832,0.10899096976835493,0.09413057910855369,0.1270614407534436,-0.00037018340905266604,-0.0019861600483894065,0.001284966612494529
wands,minilm,native,historical_full,100,raw_mean_over_seven_schedules,lexical_descending,pure complete-entry sorting,"new controlled retrieval, frozen pretrained encoder; not regenerated raw ranks",catalog_wide,42994,query_macro,379,25470,0.5669589235873604,0.5323962560281355,0.6001819787093572,0.560904743068586,0.5252698315097082,0.5955527570972704,-0.006054180518774484,-0.014310978042854873,0.0019816589905089946
wands,minilm,native,historical_full,100,raw_mean_over_seven_schedules,lexical_descending,pure complete-entry sorting,"new controlled retrieval, frozen pretrained encoder; not regenerated raw ranks",catalog_wide,42994,pair_micro,379,25470,0.35186493914409106,0.31064150938457735,0.3984180453429097,0.3519827247742442,0.31051244310245774,0.3989693918642526,0.00011778563015312635,-0.0037289414052926956,0.003953696302035243
wands,minilm,native,primary_existing_evaluation,20,raw_mean_over_seven_schedules,lexical_descending,pure complete-entry sorting,"new controlled retrieval, frozen pretrained encoder; not regenerated raw ranks",catalog_wide,42994,query_macro,308,21299,0.29469993509336295,0.2600133336273994,0.33131393394930186,0.2955601032691645,0.2596737230374838,0.33335003683600206,0.0008601681758015582,-0.01124827180394848,0.013008064756320126
wands,minilm,native,primary_existing_evaluation,20,raw_mean_over_seven_schedules,lexical_descending,pure complete-entry sorting,"new controlled retrieval, frozen pretrained encoder; not regenerated raw ranks",catalog_wide,42994,pair_micro,308,21299,0.10610826799380253,0.08962070691193659,0.1267133792189302,0.10615521855486174,0.08937852538995039,0.126757382486536,4.695056105920544e-05,-0.0015051871170433256,0.0016594405048931608
wands,minilm,native,primary_existing_evaluation,100,raw_mean_over_seven_schedules,lexical_descending,pure complete-entry sorting,"new controlled retrieval, frozen pretrained encoder; not regenerated raw ranks",catalog_wide,42994,query_macro,308,21299,0.5661289419905646,0.5286381486139621,0.6038344332958028,0.5616156456205967,0.5220974075596261,0.6007653227903359,-0.004513296369967802,-0.013638019701076557,0.004262510230244013
wands,minilm,native,primary_existing_evaluation,100,raw_mean_over_seven_schedules,lexical_descending,pure complete-entry sorting,"new controlled retrieval, frozen pretrained encoder; not regenerated raw ranks",catalog_wide,42994,pair_micro,308,21299,0.34467748318163827,0.2979879147516791,0.3991472443151524,0.3444762664913846,0.2976426598713354,0.3999044563141958,-0.00020121669025373152,-0.004511281771440869,0.004002729108776414
wands,minilm,native,historical_full,20,raw_mean_over_seven_schedules,field_priority_type,pure complete-entry sorting,"new controlled retrieval, frozen pretrained encoder; not regenerated raw ranks",catalog_wide,42994,query_macro,379,25470,0.3010888168541307,0.26929433660804436,0.3339300679474461,0.3001700821346212,0.2672939322896897,0.33423557730596604,-0.0009187347195095004,-0.01311120074923338,0.010704914834043072
wands,minilm,native,historical_full,20,raw_mean_over_seven_schedules,field_priority_type,pure complete-entry sorting,"new controlled retrieval, frozen pretrained encoder; not regenerated raw ranks",catalog_wide,42994,pair_micro,379,25470,0.10936115317740758,0.09443371193904271,0.1272923973663832,0.10997251668629761,0.09474957568221869,0.1282180273111,0.0006113635088900114,-0.0009694660189038407,0.0022770853600885908
wands,minilm,native,historical_full,100,raw_mean_over_seven_schedules,field_priority_type,pure complete-entry sorting,"new controlled retrieval, frozen pretrained encoder; not regenerated raw ranks",catalog_wide,42994,query_macro,379,25470,0.5669589235873604,0.5323962560281355,0.6001819787093572,0.5720724661371096,0.5376886033411611,0.6063635850512041,0.005113542549749123,-0.004802063280175056,0.01548733771399425
wands,minilm,native,historical_full,100,raw_mean_over_seven_schedules,field_priority_type,pure complete-entry sorting,"new controlled retrieval, frozen pretrained encoder; not regenerated raw ranks",catalog_wide,42994,pair_micro,379,25470,0.35186493914409106,0.31064150938457735,0.3984180453429097,0.3531213191990577,0.31192668954663355,0.4003775591655165,0.0012563800549666318,-0.0021239698839875904,0.004768048984571328
wands,minilm,native,primary_existing_evaluation,20,raw_mean_over_seven_schedules,field_priority_type,pure complete-entry sorting,"new controlled retrieval, frozen pretrained encoder; not regenerated raw ranks",catalog_wide,42994,query_macro,308,21299,0.29469993509336295,0.2600133336273994,0.33131393394930186,0.2922094598722375,0.2565659581293048,0.329134620788094,-0.002490475221125376,-0.016794218534324574,0.010892638176913483
wands,minilm,native,primary_existing_evaluation,20,raw_mean_over_seven_schedules,field_priority_type,pure complete-entry sorting,"new controlled retrieval, frozen pretrained encoder; not regenerated raw ranks",catalog_wide,42994,pair_micro,308,21299,0.10610826799380253,0.08962070691193659,0.1267133792189302,0.10648387248227616,0.08986085792515919,0.12708727841828885,0.00037560448847363776,-0.0013382889730468165,0.0021078099946858896
wands,minilm,native,primary_existing_evaluation,100,raw_mean_over_seven_schedules,field_priority_type,pure complete-entry sorting,"new controlled retrieval, frozen pretrained encoder; not regenerated raw ranks",catalog_wide,42994,query_macro,308,21299,0.5661289419905646,0.5286381486139621,0.6038344332958028,0.5718680480868398,0.5333326226666957,0.6107254762813589,0.005739106096275246,-0.005917180610655395,0.0176824974677854
wands,minilm,native,primary_existing_evaluation,100,raw_mean_over_seven_schedules,field_priority_type,pure complete-entry sorting,"new controlled retrieval, frozen pretrained encoder; not regenerated raw ranks",catalog_wide,42994,pair_micro,308,21299,0.34467748318163827,0.2979879147516791,0.3991472443151524,0.34611953612845675,0.29907869979219065,0.4012708921591944,0.0014420529468184304,-0.0021775733223195932,0.005194239135247149
wands,minilm,native,historical_full,20,raw_mean_over_seven_schedules,historical_M2_template,changes framing and section placement,inherited ranks,catalog_wide,42994,query_macro,379,25470,0.3010888168541307,0.26929433660804436,0.3339300679474461,0.25689660370522976,0.22559019461729068,0.2882690735321589,-0.044192213148901,-0.06565423865780057,-0.02388747544042739
wands,minilm,native,historical_full,20,raw_mean_over_seven_schedules,historical_M2_template,changes framing and section placement,inherited ranks,catalog_wide,42994,pair_micro,379,25470,0.10936115317740758,0.09443371193904271,0.1272923973663832,0.09956811935610523,0.08591400640915604,0.1156537851149948,-0.009793033821302371,-0.014738946716583616,-0.0055522091965021225
wands,minilm,native,historical_full,100,raw_mean_over_seven_schedules,historical_M2_template,changes framing and section placement,inherited ranks,catalog_wide,42994,query_macro,379,25470,0.5669589235873604,0.5323962560281355,0.6001819787093572,0.5135798029888222,0.4767872356131357,0.5505916157727174,-0.05337912059853828,-0.07639751502828482,-0.031209508368992073
wands,minilm,native,historical_full,100,raw_mean_over_seven_schedules,historical_M2_template,changes framing and section placement,inherited ranks,catalog_wide,42994,pair_micro,379,25470,0.35186493914409106,0.31064150938457735,0.3984180453429097,0.3305850019630938,0.29128452863717846,0.3754078937065276,-0.021279937180997247,-0.0342946375868539,-0.009533270276613244
wands,minilm,native,primary_existing_evaluation,20,raw_mean_over_seven_schedules,historical_M2_template,changes framing and section placement,inherited ranks,catalog_wide,42994,query_macro,308,21299,0.29469993509336295,0.2600133336273994,0.33131393394930186,0.2617991738515672,0.2279308997493848,0.29793666947399555,-0.032900761241795785,-0.056341362786760295,-0.010488514442506489
wands,minilm,native,primary_existing_evaluation,20,raw_mean_over_seven_schedules,historical_M2_template,changes framing and section placement,inherited ranks,catalog_wide,42994,pair_micro,308,21299,0.10610826799380253,0.08962070691193659,0.1267133792189302,0.09671815578196159,0.08186283956289274,0.11517567414037534,-0.009390112211840931,-0.014733756958104357,-0.004987033574096469
wands,minilm,native,primary_existing_evaluation,100,raw_mean_over_seven_schedules,historical_M2_template,changes framing and section placement,inherited ranks,catalog_wide,42994,query_macro,308,21299,0.5661289419905646,0.5286381486139621,0.6038344332958028,0.5197436051346941,0.47917706929697546,0.5608190175875687,-0.04638533685587032,-0.07138158472140886,-0.022291273279094144
wands,minilm,native,primary_existing_evaluation,100,raw_mean_over_seven_schedules,historical_M2_template,changes framing and section placement,inherited ranks,catalog_wide,42994,pair_micro,308,21299,0.34467748318163827,0.2979879147516791,0.3991472443151524,0.3238649701863937,0.27955293345233406,0.3759398518770336,-0.020812512995244576,-0.03448176715173968,-0.008498437784592729
wands,bge_base,native,historical_full,20,raw_mean_over_seven_schedules,lexical_ascending,pure complete-entry sorting,reused inherited exact ranks,catalog_wide,42994,query_macro,379,25470,0.3625358239413869,0.3285009875545462,0.39805355562786876,0.3620332070211739,0.3272385278150464,0.3982155541844643,-0.0005026169202129188,-0.004816385844357618,0.003831026355590855
wands,bge_base,native,historical_full,20,raw_mean_over_seven_schedules,lexical_ascending,pure complete-entry sorting,reused inherited exact ranks,catalog_wide,42994,pair_micro,379,25470,0.12586235907790677,0.10875404508151208,0.14661814866274744,0.12449941107184924,0.10734452790048925,0.14516372590291002,-0.0013629480060575465,-0.002466411904012052,-0.00033030297902832904
wands,bge_base,native,historical_full,100,raw_mean_over_seven_schedules,lexical_ascending,pure complete-entry sorting,reused inherited exact ranks,catalog_wide,42994,query_macro,379,25470,0.6408750599860136,0.6075512798273064,0.6730648095807403,0.637844862585538,0.6037593529865076,0.6710295527238982,-0.003030197400475758,-0.011181098277391395,0.004709605869981047
wands,bge_base,native,historical_full,100,raw_mean_over_seven_schedules,lexical_ascending,pure complete-entry sorting,reused inherited exact ranks,catalog_wide,42994,pair_micro,379,25470,0.40200235571260307,0.3542249417461978,0.4570559629928774,0.400942285041225,0.3535267137554546,0.45565939962662916,-0.0010600706713780944,-0.0035267213480372713,0.001362138339253281
wands,bge_base,native,primary_existing_evaluation,20,raw_mean_over_seven_schedules,lexical_ascending,pure complete-entry sorting,reused inherited exact ranks,catalog_wide,42994,query_macro,308,21299,0.36037983988205796,0.3221677869727566,0.3999168197731183,0.36072423810213533,0.32162891228295326,0.4008332749678611,0.0003443982200773417,-0.004559080877278575,0.005284758268220495
wands,bge_base,native,primary_existing_evaluation,20,raw_mean_over_seven_schedules,lexical_ascending,pure complete-entry sorting,reused inherited exact ranks,catalog_wide,42994,pair_micro,308,21299,0.1225946221485918,0.10350360920157554,0.14649862127711769,0.12155500258228086,0.10263913122653354,0.1454164844606259,-0.00103961956631096,-0.0021936946029272155,3.126401502799925e-05
wands,bge_base,native,primary_existing_evaluation,100,raw_mean_over_seven_schedules,lexical_ascending,pure complete-entry sorting,reused inherited exact ranks,catalog_wide,42994,query_macro,308,21299,0.6362025687113682,0.5990406536511302,0.6735925704476312,0.6323688141357365,0.5940743434535416,0.6703053741069634,-0.003833754575631562,-0.013964566319013957,0.005594106320203119
wands,bge_base,native,primary_existing_evaluation,100,raw_mean_over_seven_schedules,lexical_ascending,pure complete-entry sorting,reused inherited exact ranks,catalog_wide,42994,pair_micro,308,21299,0.3899109951506778,0.3364998470903774,0.4520255124448921,0.3887975961312738,0.33558925506042886,0.45059232639115715,-0.001113399019404001,-0.003705392819021318,0.0012955201656165525
wands,bge_base,native,historical_full,20,raw_mean_over_seven_schedules,lexical_descending,pure complete-entry sorting,"new controlled retrieval, frozen pretrained encoder; not regenerated raw ranks",catalog_wide,42994,query_macro,379,25470,0.3625358239413869,0.3285009875545462,0.39805355562786876,0.3646413428787921,0.33016584265224913,0.40063520192431284,0.002105518937405195,-0.004196126836457015,0.009026485916022954
wands,bge_base,native,historical_full,20,raw_mean_over_seven_schedules,lexical_descending,pure complete-entry sorting,"new controlled retrieval, frozen pretrained encoder; not regenerated raw ranks",catalog_wide,42994,pair_micro,379,25470,0.12586235907790677,0.10875404508151208,0.14661814866274744,0.12642324303101687,0.1092972503140848,0.14724109401098012,0.000560883953110102,-0.0006274600728986293,0.0017936112212156878
wands,bge_base,native,historical_full,100,raw_mean_over_seven_schedules,lexical_descending,pure complete-entry sorting,"new controlled retrieval, frozen pretrained encoder; not regenerated raw ranks",catalog_wide,42994,query_macro,379,25470,0.6408750599860136,0.6075512798273064,0.6730648095807403,0.6406514992586508,0.6066543273719995,0.6730034922303865,-0.00022356072736283086,-0.005629344209198672,0.0052688057018358625
wands,bge_base,native,historical_full,100,raw_mean_over_seven_schedules,lexical_descending,pure complete-entry sorting,"new controlled retrieval, frozen pretrained encoder; not regenerated raw ranks",catalog_wide,42994,pair_micro,379,25470,0.40200235571260307,0.3542249417461978,0.4570559629928774,0.40086376128778956,0.35273411080955097,0.4561051737975489,-0.001138594424813508,-0.0038992249999043565,0.0015096188111939953
wands,bge_base,native,primary_existing_evaluation,20,raw_mean_over_seven_schedules,lexical_descending,pure complete-entry sorting,"new controlled retrieval, frozen pretrained encoder; not regenerated raw ranks",catalog_wide,42994,query_macro,308,21299,0.36037983988205796,0.3221677869727566,0.3999168197731183,0.3627554499887388,0.3239496300782772,0.40346971262584763,0.0023756101066808206,-0.004988239652483674,0.010874376140857204
wands,bge_base,native,primary_existing_evaluation,20,raw_mean_over_seven_schedules,lexical_descending,pure complete-entry sorting,"new controlled retrieval, frozen pretrained encoder; not regenerated raw ranks",catalog_wide,42994,pair_micro,308,21299,0.1225946221485918,0.10350360920157554,0.14649862127711769,0.12319827221935302,0.10395023815962956,0.1472637114266959,0.0006036500707612031,-0.0005504914236680986,0.0018004631090975537
wands,bge_base,native,primary_existing_evaluation,100,raw_mean_over_seven_schedules,lexical_descending,pure complete-entry sorting,"new controlled retrieval, frozen pretrained encoder; not regenerated raw ranks",catalog_wide,42994,query_macro,308,21299,0.6362025687113682,0.5990406536511302,0.6735925704476312,0.6360915509016335,0.597963193635715,0.674167438879603,-0.00011101780973468196,-0.006089920628111833,0.0057705384562796
wands,bge_base,native,primary_existing_evaluation,100,raw_mean_over_seven_schedules,lexical_descending,pure complete-entry sorting,"new controlled retrieval, frozen pretrained encoder; not regenerated raw ranks",catalog_wide,42994,pair_micro,308,21299,0.3899109951506778,0.3364998470903774,0.4520255124448921,0.3901591624019907,0.3364435178103718,0.4524384624520247,0.0002481672513129346,-0.0019288043410887001,0.0024400533305864954
wands,bge_base,native,historical_full,20,raw_mean_over_seven_schedules,field_priority_type,pure complete-entry sorting,"new controlled retrieval, frozen pretrained encoder; not regenerated raw ranks",catalog_wide,42994,query_macro,379,25470,0.3625358239413869,0.3285009875545462,0.39805355562786876,0.3664869328731114,0.3316709132923896,0.40291989272525225,0.003951108931724572,-0.0007720594802399054,0.009354485964441371
wands,bge_base,native,historical_full,20,raw_mean_over_seven_schedules,field_priority_type,pure complete-entry sorting,"new controlled retrieval, frozen pretrained encoder; not regenerated raw ranks",catalog_wide,42994,pair_micro,379,25470,0.12586235907790677,0.10875404508151208,0.14661814866274744,0.12583431488025126,0.10856491810336918,0.1465002114236136,-2.8044197655505256e-05,-0.0011623077650810044,0.0011027945394583257
wands,bge_base,native,historical_full,100,raw_mean_over_seven_schedules,field_priority_type,pure complete-entry sorting,"new controlled retrieval, frozen pretrained encoder; not regenerated raw ranks",catalog_wide,42994,query_macro,379,25470,0.6408750599860136,0.6075512798273064,0.6730648095807403,0.640296694476435,0.6061840631967554,0.673404021384883,-0.0005783655095787223,-0.008454674988065843,0.007121305468937544
wands,bge_base,native,historical_full,100,raw_mean_over_seven_schedules,field_priority_type,pure complete-entry sorting,"new controlled retrieval, frozen pretrained encoder; not regenerated raw ranks",catalog_wide,42994,pair_micro,379,25470,0.40200235571260307,0.3542249417461978,0.4570559629928774,0.403219473890852,0.35520089354773965,0.458030882689044,0.0012171181782489177,-0.0014033495587494388,0.0037610064353315515
wands,bge_base,native,primary_existing_evaluation,20,raw_mean_over_seven_schedules,field_priority_type,pure complete-entry sorting,"new controlled retrieval, frozen pretrained encoder; not regenerated raw ranks",catalog_wide,42994,query_macro,308,21299,0.36037983988205796,0.3221677869727566,0.3999168197731183,0.3648319471301408,0.32594680843779616,0.40520487436267416,0.0044521072480828375,3.3543626439682666e-05,0.009323063080387713
wands,bge_base,native,primary_existing_evaluation,20,raw_mean_over_seven_schedules,field_priority_type,pure complete-entry sorting,"new controlled retrieval, frozen pretrained encoder; not regenerated raw ranks",catalog_wide,42994,pair_micro,308,21299,0.1225946221485918,0.10350360920157554,0.14649862127711769,0.122963519414057,0.10390126170437373,0.14689607766791463,0.0003688972654651792,-0.0008070422350873723,0.0015581487768436002
wands,bge_base,native,primary_existing_evaluation,100,raw_mean_over_seven_schedules,field_priority_type,pure complete-entry sorting,"new controlled retrieval, frozen pretrained encoder; not regenerated raw ranks",catalog_wide,42994,query_macro,308,21299,0.6362025687113682,0.5990406536511302,0.6735925704476312,0.635647927691668,0.5978617383501229,0.6739888410387552,-0.0005546410197000108,-0.01004164486183128,0.008796626577328576
wands,bge_base,native,primary_existing_evaluation,100,raw_mean_over_seven_schedules,field_priority_type,pure complete-entry sorting,"new controlled retrieval, frozen pretrained encoder; not regenerated raw ranks",catalog_wide,42994,pair_micro,308,21299,0.3899109951506778,0.3364998470903774,0.4520255124448921,0.39048781632940516,0.33680708995843345,0.4528053977835913,0.0005768211787273668,-0.0022904553996959238,0.0032495676909269308
wands,bge_base,native,historical_full,20,raw_mean_over_seven_schedules,historical_M2_template,changes framing and section placement,inherited ranks,catalog_wide,42994,query_macro,379,25470,0.3625358239413869,0.3285009875545462,0.39805355562786876,0.35762112349380687,0.32205735543684455,0.394413332232358,-0.004914700447579962,-0.017555869061163305,0.007720501389658501
wands,bge_base,native,historical_full,20,raw_mean_over_seven_schedules,historical_M2_template,changes framing and section placement,inherited ranks,catalog_wide,42994,pair_micro,379,25470,0.12586235907790677,0.10875404508151208,0.14661814866274744,0.12135846093443267,0.10448885855138032,0.1418946661483903,-0.0045038981434741155,-0.007870261201172377,-0.0012730832758486867
wands,bge_base,native,historical_full,100,raw_mean_over_seven_schedules,historical_M2_template,changes framing and section placement,inherited ranks,catalog_wide,42994,query_macro,379,25470,0.6408750599860136,0.6075512798273064,0.6730648095807403,0.6343233673918015,0.5981138521076824,0.6691560411353846,-0.0065516925942122215,-0.02158486106084149,0.008868674376971267
wands,bge_base,native,historical_full,100,raw_mean_over_seven_schedules,historical_M2_template,changes framing and section placement,inherited ranks,catalog_wide,42994,pair_micro,379,25470,0.40200235571260307,0.3542249417461978,0.4570559629928774,0.3933647428347075,0.3459615771628575,0.44749805244788105,-0.008637612877895566,-0.017216650928391166,-0.000616039110090042
wands,bge_base,native,primary_existing_evaluation,20,raw_mean_over_seven_schedules,historical_M2_template,changes framing and section placement,inherited ranks,catalog_wide,42994,query_macro,308,21299,0.36037983988205796,0.3221677869727566,0.3999168197731183,0.3631375249367437,0.3232936146818521,0.4042752123996834,0.002757685054685749,-0.009909885346117454,0.016131240663337564
wands,bge_base,native,primary_existing_evaluation,20,raw_mean_over_seven_schedules,historical_M2_template,changes framing and section placement,inherited ranks,catalog_wide,42994,pair_micro,308,21299,0.1225946221485918,0.10350360920157554,0.14649862127711769,0.11859711723555097,0.09980073493057406,0.14184147172310382,-0.0039975049130408545,-0.007777079307202152,-0.0005742530673259092
wands,bge_base,native,primary_existing_evaluation,100,raw_mean_over_seven_schedules,historical_M2_template,changes framing and section placement,inherited ranks,catalog_wide,42994,query_macro,308,21299,0.6362025687113682,0.5990406536511302,0.6735925704476312,0.6333707550421745,0.5932564445538262,0.673263829833007,-0.002831813669193539,-0.020075680070065337,0.014893778409251376
wands,bge_base,native,primary_existing_evaluation,100,raw_mean_over_seven_schedules,historical_M2_template,changes framing and section placement,inherited ranks,catalog_wide,42994,pair_micro,308,21299,0.3899109951506778,0.3364998470903774,0.4520255124448921,0.3842433917085309,0.33131299148923515,0.4458341054916445,-0.005667603442146852,-0.01437311147382482,0.0022564225092687636
wands,gte_modernbert,native,historical_full,20,raw_mean_over_seven_schedules,lexical_ascending,pure complete-entry sorting,"new controlled retrieval, frozen pretrained encoder; not regenerated raw ranks",catalog_wide,42994,query_macro,379,25470,0.35712778085317737,0.3228537437224295,0.39203983252204355,0.35702886759493035,0.32208102193437205,0.39262419119850733,-9.891325824707546e-05,-0.005296454591220647,0.005911540238546987
wands,gte_modernbert,native,historical_full,20,raw_mean_over_seven_schedules,lexical_ascending,pure complete-entry sorting,"new controlled retrieval, frozen pretrained encoder; not regenerated raw ranks",catalog_wide,42994,pair_micro,379,25470,0.1242582309720119,0.10703811433368549,0.14500197382498772,0.12414605418138987,0.10682342906682364,0.1449941487193838,-0.0001121767906220192,-0.0013711302114433617,0.0011684920860898507
wands,gte_modernbert,native,historical_full,100,raw_mean_over_seven_schedules,lexical_ascending,pure complete-entry sorting,"new controlled retrieval, frozen pretrained encoder; not regenerated raw ranks",catalog_wide,42994,query_macro,379,25470,0.6291055008897437,0.5948999232079764,0.6627376150606594,0.6311649911172531,0.5966455714211788,0.6651106951977288,0.002059490227509421,-0.0034656930423239236,0.007866383553859508
wands,gte_modernbert,native,historical_full,100,raw_mean_over_seven_schedules,lexical_ascending,pure complete-entry sorting,"new controlled retrieval, frozen pretrained encoder; not regenerated raw ranks",catalog_wide,42994,pair_micro,379,25470,0.38794660384766394,0.3409121294836347,0.4420474065497221,0.3873184138201806,0.3405381275482698,0.441158558429623,-0.0006281900274833137,-0.0031186329414329052,0.0017988702738862311
wands,gte_modernbert,native,primary_existing_evaluation,20,raw_mean_over_seven_schedules,lexical_ascending,pure complete-entry sorting,"new controlled retrieval, frozen pretrained encoder; not regenerated raw ranks",catalog_wide,42994,query_macro,308,21299,0.35602832973956766,0.31780346472861865,0.39576932924891955,0.3574506102489512,0.3186388232308594,0.39741501317100164,0.0014222805093835748,-0.0046925544555093375,0.00835624219930541
wands,gte_modernbert,native,primary_existing_evaluation,20,raw_mean_over_seven_schedules,lexical_ascending,pure complete-entry sorting,"new controlled retrieval, frozen pretrained encoder; not regenerated raw ranks",catalog_wide,42994,pair_micro,308,21299,0.12099830307257885,0.10213958055039274,0.14456841213119973,0.12150805202122165,0.10219973924857975,0.14516698802185102,0.0005097489486427945,-0.0007717037481368736,0.0018263074739716188
wands,gte_modernbert,native,primary_existing_evaluation,100,raw_mean_over_seven_schedules,lexical_ascending,pure complete-entry sorting,"new controlled retrieval, frozen pretrained encoder; not regenerated raw ranks",catalog_wide,42994,query_macro,308,21299,0.6256632572175707,0.5875052146819981,0.6631065846097519,0.6263038693607819,0.587948989160287,0.6640458136821764,0.000640612143211225,-0.004404283994919084,0.006055111982019963
wands,gte_modernbert,native,primary_existing_evaluation,100,raw_mean_over_seven_schedules,lexical_ascending,pure complete-entry sorting,"new controlled retrieval, frozen pretrained encoder; not regenerated raw ranks",catalog_wide,42994,pair_micro,308,21299,0.37735507367884474,0.32518126627077937,0.4376507261800921,0.3767313019390582,0.32492144423894637,0.4367966260908647,-0.0006237717397865751,-0.003111346094608345,0.0017812437290764137
wands,gte_modernbert,native,historical_full,20,raw_mean_over_seven_schedules,lexical_descending,pure complete-entry sorting,"new controlled retrieval, frozen pretrained encoder; not regenerated raw ranks",catalog_wide,42994,query_macro,379,25470,0.35712778085317737,0.3228537437224295,0.39203983252204355,0.3516635760864776,0.3172643833528861,0.38719897114335766,-0.005464204766699769,-0.01046447693869121,-0.00045081568273990386
wands,gte_modernbert,native,historical_full,20,raw_mean_over_seven_schedules,lexical_descending,pure complete-entry sorting,"new controlled retrieval, frozen pretrained encoder; not regenerated raw ranks",catalog_wide,42994,pair_micro,379,25470,0.1242582309720119,0.10703811433368549,0.14500197382498772,0.12355712603062427,0.10640731774871352,0.14433791211787148,-0.0007011049413876257,-0.001996427655173914,0.0006273115556248423
wands,gte_modernbert,native,historical_full,100,raw_mean_over_seven_schedules,lexical_descending,pure complete-entry sorting,"new controlled retrieval, frozen pretrained encoder; not regenerated raw ranks",catalog_wide,42994,query_macro,379,25470,0.6291055008897437,0.5948999232079764,0.6627376150606594,0.6258545789944364,0.59161840664165,0.6595594797108084,-0.0032509218953072614,-0.012601843180194168,0.006479413426263453
wands,gte_modernbert,native,historical_full,100,raw_mean_over_seven_schedules,lexical_descending,pure complete-entry sorting,"new controlled retrieval, frozen pretrained encoder; not regenerated raw ranks",catalog_wide,42994,pair_micro,379,25470,0.38794660384766394,0.3409121294836347,0.4420474065497221,0.3862190812720848,0.33978563527328515,0.43974401688534065,-0.0017275225755791104,-0.004717898177954812,0.0011408599567737522
wands,gte_modernbert,native,primary_existing_evaluation,20,raw_mean_over_seven_schedules,lexical_descending,pure complete-entry sorting,"new controlled retrieval, frozen pretrained encoder; not regenerated raw ranks",catalog_wide,42994,query_macro,308,21299,0.35602832973956766,0.31780346472861865,0.39576932924891955,0.350020765618362,0.3113125305648985,0.3902717262214749,-0.0060075641212055785,-0.011984896495122289,-0.00016749629445274793
wands,gte_modernbert,native,primary_existing_evaluation,20,raw_mean_over_seven_schedules,lexical_descending,pure complete-entry sorting,"new controlled retrieval, frozen pretrained encoder; not regenerated raw ranks",catalog_wide,42994,pair_micro,308,21299,0.12099830307257885,0.10213958055039274,0.14456841213119973,0.12061599136109677,0.10180292781662106,0.1441720972393147,-0.0003823117114820942,-0.0017526279340396476,0.0010017343367219524
wands,gte_modernbert,native,primary_existing_evaluation,100,raw_mean_over_seven_schedules,lexical_descending,pure complete-entry sorting,"new controlled retrieval, frozen pretrained encoder; not regenerated raw ranks",catalog_wide,42994,query_macro,308,21299,0.6256632572175707,0.5875052146819981,0.6631065846097519,0.6189095366255171,0.5804010464212848,0.6573539097244838,-0.006753720592053534,-0.016709595687955527,0.001559119439536211
wands,gte_modernbert,native,primary_existing_evaluation,100,raw_mean_over_seven_schedules,lexical_descending,pure complete-entry sorting,"new controlled retrieval, frozen pretrained encoder; not regenerated raw ranks",catalog_wide,42994,pair_micro,308,21299,0.37735507367884474,0.32518126627077937,0.4376507261800921,0.3749002300577492,0.3234747290445092,0.43442838943723133,-0.002454843621095555,-0.005930594322220007,0.0007144533034042089
wands,gte_modernbert,native,historical_full,20,raw_mean_over_seven_schedules,field_priority_type,pure complete-entry sorting,"new controlled retrieval, frozen pretrained encoder; not regenerated raw ranks",catalog_wide,42994,query_macro,379,25470,0.35712778085317737,0.3228537437224295,0.39203983252204355,0.3598508975001344,0.3256113427801008,0.39534983980042654,0.0027231166469569783,-0.0017978627143061194,0.007331894871667062
wands,gte_modernbert,native,historical_full,20,raw_mean_over_seven_schedules,field_priority_type,pure complete-entry sorting,"new controlled retrieval, frozen pretrained encoder; not regenerated raw ranks",catalog_wide,42994,pair_micro,379,25470,0.1242582309720119,0.10703811433368549,0.14500197382498772,0.12477424420887319,0.10735027851304782,0.14577083787314504,0.0005160132368612943,-0.0008708034271610076,0.0019340532816503216
wands,gte_modernbert,native,historical_full,100,raw_mean_over_seven_schedules,field_priority_type,pure complete-entry sorting,"new controlled retrieval, frozen pretrained encoder; not regenerated raw ranks",catalog_wide,42994,query_macro,379,25470,0.6291055008897437,0.5948999232079764,0.6627376150606594,0.6322886892758861,0.59805136718541,0.665578773871172,0.003183188386142435,-0.0033043740140092656,0.011023394095935302
wands,gte_modernbert,native,historical_full,100,raw_mean_over_seven_schedules,field_priority_type,pure complete-entry sorting,"new controlled retrieval, frozen pretrained encoder; not regenerated raw ranks",catalog_wide,42994,pair_micro,379,25470,0.38794660384766394,0.3409121294836347,0.4420474065497221,0.3891244601491951,0.34215236784662506,0.44321505079068,0.0011778563015312172,-0.001947448838794477,0.004269965315853267
wands,gte_modernbert,native,primary_existing_evaluation,20,raw_mean_over_seven_schedules,field_priority_type,pure complete-entry sorting,"new controlled retrieval, frozen pretrained encoder; not regenerated raw ranks",catalog_wide,42994,query_macro,308,21299,0.35602832973956766,0.31780346472861865,0.39576932924891955,0.3598249051649981,0.32107588147354016,0.4000204452957724,0.003796575425430472,-0.0017820721332827258,0.00922722483710321
wands,gte_modernbert,native,primary_existing_evaluation,20,raw_mean_over_seven_schedules,field_priority_type,pure complete-entry sorting,"new controlled retrieval, frozen pretrained encoder; not regenerated raw ranks",catalog_wide,42994,pair_micro,308,21299,0.12099830307257885,0.10213958055039274,0.14456841213119973,0.12211840931499131,0.10288202783746962,0.14605230603136207,0.0011201062424124547,-0.0003777009076849515,0.002701018400309122
wands,gte_modernbert,native,primary_existing_evaluation,100,raw_mean_over_seven_schedules,field_priority_type,pure complete-entry sorting,"new controlled retrieval, frozen pretrained encoder; not regenerated raw ranks",catalog_wide,42994,query_macro,308,21299,0.6256632572175707,0.5875052146819981,0.6631065846097519,0.6263273537985391,0.5880091536191422,0.6642960734514485,0.0006640965809684769,-0.004413904093603003,0.005600322562849507
wands,gte_modernbert,native,primary_existing_evaluation,100,raw_mean_over_seven_schedules,field_priority_type,pure complete-entry sorting,"new controlled retrieval, frozen pretrained encoder; not regenerated raw ranks",catalog_wide,42994,pair_micro,308,21299,0.37735507367884474,0.32518126627077937,0.4376507261800921,0.37842152213718955,0.3260585206862843,0.43928621613816615,0.0010664484583447962,-0.0023229081573112294,0.004392914301779118
wands,gte_modernbert,native,historical_full,20,raw_mean_over_seven_schedules,historical_M2_template,changes framing and section placement,inherited ranks,catalog_wide,42994,query_macro,379,25470,0.35712778085317737,0.3228537437224295,0.39203983252204355,0.3629873918372535,0.3288165974102181,0.3979300214851464,0.005859610984076129,-0.0074638466320758505,0.019044972901943954
wands,gte_modernbert,native,historical_full,20,raw_mean_over_seven_schedules,historical_M2_template,changes framing and section placement,inherited ranks,catalog_wide,42994,pair_micro,379,25470,0.1242582309720119,0.10703811433368549,0.14500197382498772,0.12434236356497841,0.10727253314008064,0.145223906528955,8.413259296651591e-05,-0.0022314146525384986,0.002363478959628359
wands,gte_modernbert,native,historical_full,100,raw_mean_over_seven_schedules,historical_M2_template,changes framing and section placement,inherited ranks,catalog_wide,42994,query_macro,379,25470,0.6291055008897437,0.5948999232079764,0.6627376150606594,0.631671733225405,0.5973231859369816,0.6650864437522948,0.0025662323356613666,-0.0048293216113634236,0.010287897948835856
wands,gte_modernbert,native,historical_full,100,raw_mean_over_seven_schedules,historical_M2_template,changes framing and section placement,inherited ranks,catalog_wide,42994,pair_micro,379,25470,0.38794660384766394,0.3409121294836347,0.4420474065497221,0.38657243816254416,0.34017441050411734,0.44024307958227527,-0.0013741656851197475,-0.0070525247791323065,0.00436885657028805
wands,gte_modernbert,native,primary_existing_evaluation,20,raw_mean_over_seven_schedules,historical_M2_template,changes framing and section placement,inherited ranks,catalog_wide,42994,query_macro,308,21299,0.35602832973956766,0.31780346472861865,0.39576932924891955,0.35801290996729707,0.3194672050953178,0.3982604173633403,0.001984580227729437,-0.01278054723296258,0.01663941257344637
wands,gte_modernbert,native,primary_existing_evaluation,20,raw_mean_over_seven_schedules,historical_M2_template,changes framing and section placement,inherited ranks,catalog_wide,42994,pair_micro,308,21299,0.12099830307257885,0.10213958055039274,0.14456841213119973,0.12113244753274802,0.10214072404326423,0.14467745958277753,0.00013414446016915711,-0.0023827560412242542,0.002631557555574165
wands,gte_modernbert,native,primary_existing_evaluation,100,raw_mean_over_seven_schedules,historical_M2_template,changes framing and section placement,inherited ranks,catalog_wide,42994,query_macro,308,21299,0.6256632572175707,0.5875052146819981,0.6631065846097519,0.6245291574203493,0.5864946627245298,0.6621462950478018,-0.0011340997972213,-0.008961253963899778,0.006592035017232466
wands,gte_modernbert,native,primary_existing_evaluation,100,raw_mean_over_seven_schedules,historical_M2_template,changes framing and section placement,inherited ranks,catalog_wide,42994,pair_micro,308,21299,0.37735507367884474,0.32518126627077937,0.4376507261800921,0.3761209446452885,0.3240685915392744,0.436890201848908,-0.0012341290335562353,-0.0073814002390386055,0.0052445599587538595
esci,minilm,native,historical_full,20,raw_mean_over_seven_schedules,lexical_ascending,pure complete-entry sorting,reused inherited exact ranks,catalog_wide,10076,query_macro,499,4434,0.6757624643186992,0.6466002746117115,0.703824413418529,0.6749654726915801,0.6453063930287694,0.7037249775568534,-0.0007969916271191291,-0.00490802577541711,0.003438928215673864
esci,minilm,native,historical_full,20,raw_mean_over_seven_schedules,lexical_ascending,pure complete-entry sorting,reused inherited exact ranks,catalog_wide,10076,pair_micro,499,4434,0.6286487531413106,0.5970714559429253,0.6607324116700186,0.6269733874605322,0.5951934942656696,0.6595284626782669,-0.001675365680778401,-0.004629967315747282,0.001239293515359525
esci,minilm,native,historical_full,100,raw_mean_over_seven_schedules,lexical_ascending,pure complete-entry sorting,reused inherited exact ranks,catalog_wide,10076,query_macro,499,4434,0.8619282922438799,0.8382256768141897,0.8846662886007762,0.8641170055065267,0.8405020236484846,0.8868598062693813,0.002188713262646844,3.194523829543863e-05,0.004675385986758731
esci,minilm,native,historical_full,100,raw_mean_over_seven_schedules,lexical_ascending,pure complete-entry sorting,reused inherited exact ranks,catalog_wide,10076,pair_micro,499,4434,0.8720278368451575,0.8449514590580963,0.8972476822273885,0.8739287325214253,0.8467702974273863,0.899196749613616,0.0019008956762678016,0.0003905624450737237,0.0035967925841066156
esci,minilm,native,primary_existing_evaluation,20,raw_mean_over_seven_schedules,lexical_ascending,pure complete-entry sorting,reused inherited exact ranks,catalog_wide,10076,query_macro,499,4434,0.6757624643186992,0.6466002746117115,0.703824413418529,0.6749654726915801,0.6453063930287694,0.7037249775568534,-0.0007969916271191291,-0.00490802577541711,0.003438928215673864
esci,minilm,native,primary_existing_evaluation,20,raw_mean_over_seven_schedules,lexical_ascending,pure complete-entry sorting,reused inherited exact ranks,catalog_wide,10076,pair_micro,499,4434,0.6286487531413106,0.5970714559429253,0.6607324116700186,0.6269733874605322,0.5951934942656696,0.6595284626782669,-0.001675365680778401,-0.004629967315747282,0.001239293515359525
esci,minilm,native,primary_existing_evaluation,100,raw_mean_over_seven_schedules,lexical_ascending,pure complete-entry sorting,reused inherited exact ranks,catalog_wide,10076,query_macro,499,4434,0.8619282922438799,0.8382256768141897,0.8846662886007762,0.8641170055065267,0.8405020236484846,0.8868598062693813,0.002188713262646844,3.194523829543863e-05,0.004675385986758731
esci,minilm,native,primary_existing_evaluation,100,raw_mean_over_seven_schedules,lexical_ascending,pure complete-entry sorting,reused inherited exact ranks,catalog_wide,10076,pair_micro,499,4434,0.8720278368451575,0.8449514590580963,0.8972476822273885,0.8739287325214253,0.8467702974273863,0.899196749613616,0.0019008956762678016,0.0003905624450737237,0.0035967925841066156
esci,minilm,native,historical_full,20,raw_mean_over_seven_schedules,lexical_descending,pure complete-entry sorting,"new controlled retrieval, frozen pretrained encoder; not regenerated raw ranks",catalog_wide,10076,query_macro,499,4434,0.6757624643186992,0.6466002746117115,0.703824413418529,0.675207548081384,0.6458683599288305,0.7037463400403101,-0.0005549162373154011,-0.004195468730411188,0.0031554163849263285
esci,minilm,native,historical_full,20,raw_mean_over_seven_schedules,lexical_descending,pure complete-entry sorting,"new controlled retrieval, frozen pretrained encoder; not regenerated raw ranks",catalog_wide,10076,pair_micro,499,4434,0.6286487531413106,0.5970714559429253,0.6607324116700186,0.6287776274244474,0.5973906424075258,0.66077467894867,0.0001288742831367995,-0.0023815386963673183,0.002506857714455413
esci,minilm,native,historical_full,100,raw_mean_over_seven_schedules,lexical_descending,pure complete-entry sorting,"new controlled retrieval, frozen pretrained encoder; not regenerated raw ranks",catalog_wide,10076,query_macro,499,4434,0.8619282922438799,0.8382256768141897,0.8846662886007762,0.863814627523788,0.8401810456149559,0.8865508712860549,0.0018863352799081401,-0.000427513921197717,0.004551490588609469
esci,minilm,native,historical_full,100,raw_mean_over_seven_schedules,lexical_descending,pure complete-entry sorting,"new controlled retrieval, frozen pretrained encoder; not regenerated raw ranks",catalog_wide,10076,pair_micro,499,4434,0.8720278368451575,0.8449514590580963,0.8972476822273885,0.872575552548489,0.8455706894991816,0.8976064777344461,0.0005477157033314016,-0.00098756306389765,0.0021773214960203167
esci,minilm,native,primary_existing_evaluation,20,raw_mean_over_seven_schedules,lexical_descending,pure complete-entry sorting,"new controlled retrieval, frozen pretrained encoder; not regenerated raw ranks",catalog_wide,10076,query_macro,499,4434,0.6757624643186992,0.6466002746117115,0.703824413418529,0.675207548081384,0.6458683599288305,0.7037463400403101,-0.0005549162373154011,-0.004195468730411188,0.0031554163849263285
esci,minilm,native,primary_existing_evaluation,20,raw_mean_over_seven_schedules,lexical_descending,pure complete-entry sorting,"new controlled retrieval, frozen pretrained encoder; not regenerated raw ranks",catalog_wide,10076,pair_micro,499,4434,0.6286487531413106,0.5970714559429253,0.6607324116700186,0.6287776274244474,0.5973906424075258,0.66077467894867,0.0001288742831367995,-0.0023815386963673183,0.002506857714455413
esci,minilm,native,primary_existing_evaluation,100,raw_mean_over_seven_schedules,lexical_descending,pure complete-entry sorting,"new controlled retrieval, frozen pretrained encoder; not regenerated raw ranks",catalog_wide,10076,query_macro,499,4434,0.8619282922438799,0.8382256768141897,0.8846662886007762,0.863814627523788,0.8401810456149559,0.8865508712860549,0.0018863352799081401,-0.000427513921197717,0.004551490588609469
esci,minilm,native,primary_existing_evaluation,100,raw_mean_over_seven_schedules,lexical_descending,pure complete-entry sorting,"new controlled retrieval, frozen pretrained encoder; not regenerated raw ranks",catalog_wide,10076,pair_micro,499,4434,0.8720278368451575,0.8449514590580963,0.8972476822273885,0.872575552548489,0.8455706894991816,0.8976064777344461,0.0005477157033314016,-0.00098756306389765,0.0021773214960203167
esci,minilm,native,historical_full,20,raw_mean_over_seven_schedules,field_priority_type,pure complete-entry sorting,"new controlled retrieval, frozen pretrained encoder; not regenerated raw ranks",catalog_wide,10076,query_macro,499,4434,0.6757624643186992,0.6466002746117115,0.703824413418529,0.6748035326498806,0.645252655443535,0.7035926605750492,-0.0009589316688186898,-0.005116466624172135,0.003253938309140273
esci,minilm,native,historical_full,20,raw_mean_over_seven_schedules,field_priority_type,pure complete-entry sorting,"new controlled retrieval, frozen pretrained encoder; not regenerated raw ranks",catalog_wide,10076,pair_micro,499,4434,0.6286487531413106,0.5970714559429253,0.6607324116700186,0.6269733874605322,0.5952897557632075,0.6595271709887105,-0.0016753656807784007,-0.004592454072803683,0.0011516084152799267
esci,minilm,native,historical_full,100,raw_mean_over_seven_schedules,field_priority_type,pure complete-entry sorting,"new controlled retrieval, frozen pretrained encoder; not regenerated raw ranks",catalog_wide,10076,query_macro,499,4434,0.8619282922438799,0.8382256768141897,0.8846662886007762,0.8635704578657907,0.8399430403873057,0.8862642507852097,0.0016421656219108268,-0.00046078913630982077,0.004037964709620521
esci,minilm,native,historical_full,100,raw_mean_over_seven_schedules,field_priority_type,pure complete-entry sorting,"new controlled retrieval, frozen pretrained encoder; not regenerated raw ranks",catalog_wide,10076,pair_micro,499,4434,0.8720278368451575,0.8449514590580963,0.8972476822273885,0.8732521425349572,0.8461538461538461,0.8984352620113165,0.0012243056897996013,-0.0001966127730424791,0.0027287419811625547
esci,minilm,native,primary_existing_evaluation,20,raw_mean_over_seven_schedules,field_priority_type,pure complete-entry sorting,"new controlled retrieval, frozen pretrained encoder; not regenerated raw ranks",catalog_wide,10076,query_macro,499,4434,0.6757624643186992,0.6466002746117115,0.703824413418529,0.6748035326498806,0.645252655443535,0.7035926605750492,-0.0009589316688186898,-0.005116466624172135,0.003253938309140273
esci,minilm,native,primary_existing_evaluation,20,raw_mean_over_seven_schedules,field_priority_type,pure complete-entry sorting,"new controlled retrieval, frozen pretrained encoder; not regenerated raw ranks",catalog_wide,10076,pair_micro,499,4434,0.6286487531413106,0.5970714559429253,0.6607324116700186,0.6269733874605322,0.5952897557632075,0.6595271709887105,-0.0016753656807784007,-0.004592454072803683,0.0011516084152799267
esci,minilm,native,primary_existing_evaluation,100,raw_mean_over_seven_schedules,field_priority_type,pure complete-entry sorting,"new controlled retrieval, frozen pretrained encoder; not regenerated raw ranks",catalog_wide,10076,query_macro,499,4434,0.8619282922438799,0.8382256768141897,0.8846662886007762,0.8635704578657907,0.8399430403873057,0.8862642507852097,0.0016421656219108268,-0.00046078913630982077,0.004037964709620521
esci,minilm,native,primary_existing_evaluation,100,raw_mean_over_seven_schedules,field_priority_type,pure complete-entry sorting,"new controlled retrieval, frozen pretrained encoder; not regenerated raw ranks",catalog_wide,10076,pair_micro,499,4434,0.8720278368451575,0.8449514590580963,0.8972476822273885,0.8732521425349572,0.8461538461538461,0.8984352620113165,0.0012243056897996013,-0.0001966127730424791,0.0027287419811625547
esci,minilm,native,historical_full,20,raw_mean_over_seven_schedules,historical_M2_template,changes framing and section placement,inherited ranks,catalog_wide,10076,query_macro,499,4434,0.6757624643186992,0.6466002746117115,0.703824413418529,0.6761023299958588,0.6466385875355367,0.7046046311655214,0.00033986567715961783,-0.010667366315735408,0.01099568534090103
esci,minilm,native,historical_full,20,raw_mean_over_seven_schedules,historical_M2_template,changes framing and section placement,inherited ranks,catalog_wide,10076,pair_micro,499,4434,0.6286487531413106,0.5970714559429253,0.6607324116700186,0.6321605773567884,0.600953319644488,0.6637457678476408,0.0035118242154777994,-0.004381054586590853,0.011500876690582059
esci,minilm,native,historical_full,100,raw_mean_over_seven_schedules,historical_M2_template,changes framing and section placement,inherited ranks,catalog_wide,10076,query_macro,499,4434,0.8619282922438799,0.8382256768141897,0.8846662886007762,0.868778948561518,0.8453767682930566,0.8906684010354583,0.006850656317638279,-0.0028099353530075966,0.016939600935227825
esci,minilm,native,historical_full,100,raw_mean_over_seven_schedules,historical_M2_template,changes framing and section placement,inherited ranks,catalog_wide,10076,pair_micro,499,4434,0.8720278368451575,0.8449514590580963,0.8972476822273885,0.8764095624718088,0.8500109962612712,0.9008645755266953,0.004381725626651202,-0.0014116066008368919,0.010350058212958781
esci,minilm,native,primary_existing_evaluation,20,raw_mean_over_seven_schedules,historical_M2_template,changes framing and section placement,inherited ranks,catalog_wide,10076,query_macro,499,4434,0.6757624643186992,0.6466002746117115,0.703824413418529,0.6761023299958588,0.6466385875355367,0.7046046311655214,0.00033986567715961783,-0.010667366315735408,0.01099568534090103
esci,minilm,native,primary_existing_evaluation,20,raw_mean_over_seven_schedules,historical_M2_template,changes framing and section placement,inherited ranks,catalog_wide,10076,pair_micro,499,4434,0.6286487531413106,0.5970714559429253,0.6607324116700186,0.6321605773567884,0.600953319644488,0.6637457678476408,0.0035118242154777994,-0.004381054586590853,0.011500876690582059
esci,minilm,native,primary_existing_evaluation,100,raw_mean_over_seven_schedules,historical_M2_template,changes framing and section placement,inherited ranks,catalog_wide,10076,query_macro,499,4434,0.8619282922438799,0.8382256768141897,0.8846662886007762,0.868778948561518,0.8453767682930566,0.8906684010354583,0.006850656317638279,-0.0028099353530075966,0.016939600935227825
esci,minilm,native,primary_existing_evaluation,100,raw_mean_over_seven_schedules,historical_M2_template,changes framing and section placement,inherited ranks,catalog_wide,10076,pair_micro,499,4434,0.8720278368451575,0.8449514590580963,0.8972476822273885,0.8764095624718088,0.8500109962612712,0.9008645755266953,0.004381725626651202,-0.0014116066008368919,0.010350058212958781
esci,bge_base,native,historical_full,20,raw_mean_over_seven_schedules,lexical_ascending,pure complete-entry sorting,reused inherited exact ranks,catalog_wide,10076,query_macro,499,4434,0.7383030555532459,0.7112441299104996,0.7651122103656212,0.7384157781684826,0.7111462103375799,0.7652239889442561,0.00011272261523686755,-0.002985493243868835,0.0032645336370647733
esci,bge_base,native,historical_full,20,raw_mean_over_seven_schedules,lexical_ascending,pure complete-entry sorting,reused inherited exact ranks,catalog_wide,10076,pair_micro,499,4434,0.6783942264321154,0.646925536074319,0.709505046165617,0.6790708164185837,0.6480059965188973,0.7100072066442236,0.0006765899864682006,-0.001959799528065689,0.0033559512828129634
esci,bge_base,native,historical_full,100,raw_mean_over_seven_schedules,lexical_ascending,pure complete-entry sorting,reused inherited exact ranks,catalog_wide,10076,query_macro,499,4434,0.9104134242191954,0.8911174665184327,0.9290900958423308,0.9104509122940938,0.8910870984090294,0.9291860577216783,3.748807489829978e-05,-0.0010131365781952683,0.001141253687304641
esci,bge_base,native,historical_full,100,raw_mean_over_seven_schedules,lexical_ascending,pure complete-entry sorting,reused inherited exact ranks,catalog_wide,10076,pair_micro,499,4434,0.9053096204652361,0.8812524578203501,0.927048818678973,0.9057284618854308,0.8817042537587092,0.9274500530572874,0.00041884142019460056,-0.0009423637829525504,0.0017931957679759654
esci,bge_base,native,primary_existing_evaluation,20,raw_mean_over_seven_schedules,lexical_ascending,pure complete-entry sorting,reused inherited exact ranks,catalog_wide,10076,query_macro,499,4434,0.7383030555532459,0.7112441299104996,0.7651122103656212,0.7384157781684826,0.7111462103375799,0.7652239889442561,0.00011272261523686755,-0.002985493243868835,0.0032645336370647733
esci,bge_base,native,primary_existing_evaluation,20,raw_mean_over_seven_schedules,lexical_ascending,pure complete-entry sorting,reused inherited exact ranks,catalog_wide,10076,pair_micro,499,4434,0.6783942264321154,0.646925536074319,0.709505046165617,0.6790708164185837,0.6480059965188973,0.7100072066442236,0.0006765899864682006,-0.001959799528065689,0.0033559512828129634
esci,bge_base,native,primary_existing_evaluation,100,raw_mean_over_seven_schedules,lexical_ascending,pure complete-entry sorting,reused inherited exact ranks,catalog_wide,10076,query_macro,499,4434,0.9104134242191954,0.8911174665184327,0.9290900958423308,0.9104509122940938,0.8910870984090294,0.9291860577216783,3.748807489829978e-05,-0.0010131365781952683,0.001141253687304641
esci,bge_base,native,primary_existing_evaluation,100,raw_mean_over_seven_schedules,lexical_ascending,pure complete-entry sorting,reused inherited exact ranks,catalog_wide,10076,pair_micro,499,4434,0.9053096204652361,0.8812524578203501,0.927048818678973,0.9057284618854308,0.8817042537587092,0.9274500530572874,0.00041884142019460056,-0.0009423637829525504,0.0017931957679759654
esci,bge_base,native,historical_full,20,raw_mean_over_seven_schedules,lexical_descending,pure complete-entry sorting,"new controlled retrieval, frozen pretrained encoder; not regenerated raw ranks",catalog_wide,10076,query_macro,499,4434,0.7383030555532459,0.7112441299104996,0.7651122103656212,0.7359620113975665,0.7087175442999729,0.7624807552833426,-0.002341044155679329,-0.005861955504187499,0.0009074525095681706
esci,bge_base,native,historical_full,20,raw_mean_over_seven_schedules,lexical_descending,pure complete-entry sorting,"new controlled retrieval, frozen pretrained encoder; not regenerated raw ranks",catalog_wide,10076,pair_micro,499,4434,0.6783942264321154,0.646925536074319,0.709505046165617,0.6763644564727108,0.6447588688792203,0.7076769081314536,-0.002029769959404599,-0.004694281233511704,0.0006093316528068306
esci,bge_base,native,historical_full,100,raw_mean_over_seven_schedules,lexical_descending,pure complete-entry sorting,"new controlled retrieval, frozen pretrained encoder; not regenerated raw ranks",catalog_wide,10076,query_macro,499,4434,0.9104134242191954,0.8911174665184327,0.9290900958423308,0.9101292278720575,0.8906689196380873,0.9287924509558769,-0.00028419634713785553,-0.001303521120671357,0.0007692609137385335
esci,bge_base,native,historical_full,100,raw_mean_over_seven_schedules,lexical_descending,pure complete-entry sorting,"new controlled retrieval, frozen pretrained encoder; not regenerated raw ranks",catalog_wide,10076,pair_micro,499,4434,0.9053096204652361,0.8812524578203501,0.927048818678973,0.9046008119079838,0.8803776882381242,0.9266592524934136,-0.0007088085572523999,-0.0021877986348854054,0.0007811840869275189
esci,bge_base,native,primary_existing_evaluation,20,raw_mean_over_seven_schedules,lexical_descending,pure complete-entry sorting,"new controlled retrieval, frozen pretrained encoder; not regenerated raw ranks",catalog_wide,10076,query_macro,499,4434,0.7383030555532459,0.7112441299104996,0.7651122103656212,0.7359620113975665,0.7087175442999729,0.7624807552833426,-0.002341044155679329,-0.005861955504187499,0.0009074525095681706
esci,bge_base,native,primary_existing_evaluation,20,raw_mean_over_seven_schedules,lexical_descending,pure complete-entry sorting,"new controlled retrieval, frozen pretrained encoder; not regenerated raw ranks",catalog_wide,10076,pair_micro,499,4434,0.6783942264321154,0.646925536074319,0.709505046165617,0.6763644564727108,0.6447588688792203,0.7076769081314536,-0.002029769959404599,-0.004694281233511704,0.0006093316528068306
esci,bge_base,native,primary_existing_evaluation,100,raw_mean_over_seven_schedules,lexical_descending,pure complete-entry sorting,"new controlled retrieval, frozen pretrained encoder; not regenerated raw ranks",catalog_wide,10076,query_macro,499,4434,0.9104134242191954,0.8911174665184327,0.9290900958423308,0.9101292278720575,0.8906689196380873,0.9287924509558769,-0.00028419634713785553,-0.001303521120671357,0.0007692609137385335
esci,bge_base,native,primary_existing_evaluation,100,raw_mean_over_seven_schedules,lexical_descending,pure complete-entry sorting,"new controlled retrieval, frozen pretrained encoder; not regenerated raw ranks",catalog_wide,10076,pair_micro,499,4434,0.9053096204652361,0.8812524578203501,0.927048818678973,0.9046008119079838,0.8803776882381242,0.9266592524934136,-0.0007088085572523999,-0.0021877986348854054,0.0007811840869275189
esci,bge_base,native,historical_full,20,raw_mean_over_seven_schedules,field_priority_type,pure complete-entry sorting,"new controlled retrieval, frozen pretrained encoder; not regenerated raw ranks",catalog_wide,10076,query_macro,499,4434,0.7383030555532459,0.7112441299104996,0.7651122103656212,0.7381891344047647,0.7108710061726362,0.7650891395472045,-0.00011392114848104444,-0.0031820839130400243,0.00301016960270774
esci,bge_base,native,historical_full,20,raw_mean_over_seven_schedules,field_priority_type,pure complete-entry sorting,"new controlled retrieval, frozen pretrained encoder; not regenerated raw ranks",catalog_wide,10076,pair_micro,499,4434,0.6783942264321154,0.646925536074319,0.709505046165617,0.6786197564276049,0.64747516412426,0.7097061967619203,0.0002255299954894005,-0.002371003319360532,0.0028602946636892904
esci,bge_base,native,historical_full,100,raw_mean_over_seven_schedules,field_priority_type,pure complete-entry sorting,"new controlled retrieval, frozen pretrained encoder; not regenerated raw ranks",catalog_wide,10076,query_macro,499,4434,0.9104134242191954,0.8911174665184327,0.9290900958423308,0.9108555677588694,0.8915337223802821,0.9295582421524088,0.00044214353967400496,-0.0005490231639696717,0.001515663618456161
esci,bge_base,native,historical_full,100,raw_mean_over_seven_schedules,field_priority_type,pure complete-entry sorting,"new controlled retrieval, frozen pretrained encoder; not regenerated raw ranks",catalog_wide,10076,pair_micro,499,4434,0.9053096204652361,0.8812524578203501,0.927048818678973,0.9061795218764096,0.8821009758976274,0.9279149115275739,0.0008699014111734005,-0.00040140165244940127,0.0022116590120574205
esci,bge_base,native,primary_existing_evaluation,20,raw_mean_over_seven_schedules,field_priority_type,pure complete-entry sorting,"new controlled retrieval, frozen pretrained encoder; not regenerated raw ranks",catalog_wide,10076,query_macro,499,4434,0.7383030555532459,0.7112441299104996,0.7651122103656212,0.7381891344047647,0.7108710061726362,0.7650891395472045,-0.00011392114848104444,-0.0031820839130400243,0.00301016960270774
esci,bge_base,native,primary_existing_evaluation,20,raw_mean_over_seven_schedules,field_priority_type,pure complete-entry sorting,"new controlled retrieval, frozen pretrained encoder; not regenerated raw ranks",catalog_wide,10076,pair_micro,499,4434,0.6783942264321154,0.646925536074319,0.709505046165617,0.6786197564276049,0.64747516412426,0.7097061967619203,0.0002255299954894005,-0.002371003319360532,0.0028602946636892904
esci,bge_base,native,primary_existing_evaluation,100,raw_mean_over_seven_schedules,field_priority_type,pure complete-entry sorting,"new controlled retrieval, frozen pretrained encoder; not regenerated raw ranks",catalog_wide,10076,query_macro,499,4434,0.9104134242191954,0.8911174665184327,0.9290900958423308,0.9108555677588694,0.8915337223802821,0.9295582421524088,0.00044214353967400496,-0.0005490231639696717,0.001515663618456161
esci,bge_base,native,primary_existing_evaluation,100,raw_mean_over_seven_schedules,field_priority_type,pure complete-entry sorting,"new controlled retrieval, frozen pretrained encoder; not regenerated raw ranks",catalog_wide,10076,pair_micro,499,4434,0.9053096204652361,0.8812524578203501,0.927048818678973,0.9061795218764096,0.8821009758976274,0.9279149115275739,0.0008699014111734005,-0.00040140165244940127,0.0022116590120574205
esci,bge_base,native,historical_full,20,raw_mean_over_seven_schedules,historical_M2_template,changes framing and section placement,inherited ranks,catalog_wide,10076,query_macro,499,4434,0.7383030555532459,0.7112441299104996,0.7651122103656212,0.7514274564359821,0.7247272732839355,0.7774731148990118,0.013124400882736377,0.002990886396871587,0.023846125198482764
esci,bge_base,native,historical_full,20,raw_mean_over_seven_schedules,historical_M2_template,changes framing and section placement,inherited ranks,catalog_wide,10076,pair_micro,499,4434,0.6783942264321154,0.646925536074319,0.709505046165617,0.6887686062246279,0.658227638897412,0.7196416166437588,0.010374379792512404,0.004431628670952945,0.016260163300576544
esci,bge_base,native,historical_full,100,raw_mean_over_seven_schedules,historical_M2_template,changes framing and section placement,inherited ranks,catalog_wide,10076,query_macro,499,4434,0.9104134242191954,0.8911174665184327,0.9290900958423308,0.9134513157256224,0.8946612709144897,0.9314088634189771,0.00303789150642714,-0.002637689787747136,0.009696835355522942
esci,bge_base,native,historical_full,100,raw_mean_over_seven_schedules,historical_M2_template,changes framing and section placement,inherited ranks,catalog_wide,10076,pair_micro,499,4434,0.9053096204652361,0.8812524578203501,0.927048818678973,0.9068561118628777,0.8822949988366731,0.9292837955253906,0.0015464913976416012,-0.0032563499853769727,0.006392583159071459
esci,bge_base,native,primary_existing_evaluation,20,raw_mean_over_seven_schedules,historical_M2_template,changes framing and section placement,inherited ranks,catalog_wide,10076,query_macro,499,4434,0.7383030555532459,0.7112441299104996,0.7651122103656212,0.7514274564359821,0.7247272732839355,0.7774731148990118,0.013124400882736377,0.002990886396871587,0.023846125198482764
esci,bge_base,native,primary_existing_evaluation,20,raw_mean_over_seven_schedules,historical_M2_template,changes framing and section placement,inherited ranks,catalog_wide,10076,pair_micro,499,4434,0.6783942264321154,0.646925536074319,0.709505046165617,0.6887686062246279,0.658227638897412,0.7196416166437588,0.010374379792512404,0.004431628670952945,0.016260163300576544
esci,bge_base,native,primary_existing_evaluation,100,raw_mean_over_seven_schedules,historical_M2_template,changes framing and section placement,inherited ranks,catalog_wide,10076,query_macro,499,4434,0.9104134242191954,0.8911174665184327,0.9290900958423308,0.9134513157256224,0.8946612709144897,0.9314088634189771,0.00303789150642714,-0.002637689787747136,0.009696835355522942
esci,bge_base,native,primary_existing_evaluation,100,raw_mean_over_seven_schedules,historical_M2_template,changes framing and section placement,inherited ranks,catalog_wide,10076,pair_micro,499,4434,0.9053096204652361,0.8812524578203501,0.927048818678973,0.9068561118628777,0.8822949988366731,0.9292837955253906,0.0015464913976416012,-0.0032563499853769727,0.006392583159071459
esci,gte_modernbert,native,historical_full,20,raw_mean_over_seven_schedules,lexical_ascending,pure complete-entry sorting,"new controlled retrieval, frozen pretrained encoder; not regenerated raw ranks",catalog_wide,10076,query_macro,499,4434,0.7181403988545487,0.6899295959013946,0.745465814441646,0.7160752887563573,0.687165595808512,0.7443670678099492,-0.0020651100981915176,-0.007903697186962206,0.0037724343699521356
esci,gte_modernbert,native,historical_full,20,raw_mean_over_seven_schedules,lexical_ascending,pure complete-entry sorting,"new controlled retrieval, frozen pretrained encoder; not regenerated raw ranks",catalog_wide,10076,pair_micro,499,4434,0.6658934209678459,0.6352784942461748,0.6968805574119814,0.6650879566982408,0.6341571785145902,0.6967256763170384,-0.0008054642696050006,-0.004677871631570005,0.0030809907662899746
esci,gte_modernbert,native,historical_full,100,raw_mean_over_seven_schedules,lexical_ascending,pure complete-entry sorting,"new controlled retrieval, frozen pretrained encoder; not regenerated raw ranks",catalog_wide,10076,query_macro,499,4434,0.8877371809824228,0.8662013225978349,0.9082199918773023,0.8880435603779677,0.8663971413108891,0.9088475105168647,0.00030637939554488056,-0.003387185789185852,0.004441229170835873
esci,gte_modernbert,native,historical_full,100,raw_mean_over_seven_schedules,lexical_ascending,pure complete-entry sorting,"new controlled retrieval, frozen pretrained encoder; not regenerated raw ranks",catalog_wide,10076,pair_micro,499,4434,0.8931310007088085,0.8676484566410619,0.9163815404415783,0.8930987821380244,0.8678227405446656,0.9160224580260252,-3.22185707842016e-05,-0.0024364118728390236,0.0023910583227894485
esci,gte_modernbert,native,primary_existing_evaluation,20,raw_mean_over_seven_schedules,lexical_ascending,pure complete-entry sorting,"new controlled retrieval, frozen pretrained encoder; not regenerated raw ranks",catalog_wide,10076,query_macro,499,4434,0.7181403988545487,0.6899295959013946,0.745465814441646,0.7160752887563573,0.687165595808512,0.7443670678099492,-0.0020651100981915176,-0.007903697186962206,0.0037724343699521356
esci,gte_modernbert,native,primary_existing_evaluation,20,raw_mean_over_seven_schedules,lexical_ascending,pure complete-entry sorting,"new controlled retrieval, frozen pretrained encoder; not regenerated raw ranks",catalog_wide,10076,pair_micro,499,4434,0.6658934209678459,0.6352784942461748,0.6968805574119814,0.6650879566982408,0.6341571785145902,0.6967256763170384,-0.0008054642696050006,-0.004677871631570005,0.0030809907662899746
esci,gte_modernbert,native,primary_existing_evaluation,100,raw_mean_over_seven_schedules,lexical_ascending,pure complete-entry sorting,"new controlled retrieval, frozen pretrained encoder; not regenerated raw ranks",catalog_wide,10076,query_macro,499,4434,0.8877371809824228,0.8662013225978349,0.9082199918773023,0.8880435603779677,0.8663971413108891,0.9088475105168647,0.00030637939554488056,-0.003387185789185852,0.004441229170835873
esci,gte_modernbert,native,primary_existing_evaluation,100,raw_mean_over_seven_schedules,lexical_ascending,pure complete-entry sorting,"new controlled retrieval, frozen pretrained encoder; not regenerated raw ranks",catalog_wide,10076,pair_micro,499,4434,0.8931310007088085,0.8676484566410619,0.9163815404415783,0.8930987821380244,0.8678227405446656,0.9160224580260252,-3.22185707842016e-05,-0.0024364118728390236,0.0023910583227894485
esci,gte_modernbert,native,historical_full,20,raw_mean_over_seven_schedules,lexical_descending,pure complete-entry sorting,"new controlled retrieval, frozen pretrained encoder; not regenerated raw ranks",catalog_wide,10076,query_macro,499,4434,0.7181403988545487,0.6899295959013946,0.745465814441646,0.7164475014853268,0.6882218346691764,0.7439176842822404,-0.0016928973692219328,-0.007449538868152045,0.0037020071831108193
esci,gte_modernbert,native,historical_full,20,raw_mean_over_seven_schedules,lexical_descending,pure complete-entry sorting,"new controlled retrieval, frozen pretrained encoder; not regenerated raw ranks",catalog_wide,10076,pair_micro,499,4434,0.6658934209678459,0.6352784942461748,0.6968805574119814,0.6655390166892197,0.6348593672562555,0.6966125884748574,-0.0003544042786262015,-0.0036540649146591304,0.0028109528939537953
esci,gte_modernbert,native,historical_full,100,raw_mean_over_seven_schedules,lexical_descending,pure complete-entry sorting,"new controlled retrieval, frozen pretrained encoder; not regenerated raw ranks",catalog_wide,10076,query_macro,499,4434,0.8877371809824228,0.8662013225978349,0.9082199918773023,0.8870941261125812,0.8648602792644962,0.9082524150123663,-0.0006430548698415209,-0.004688406270807258,0.003348805459206911
esci,gte_modernbert,native,historical_full,100,raw_mean_over_seven_schedules,lexical_descending,pure complete-entry sorting,"new controlled retrieval, frozen pretrained encoder; not regenerated raw ranks",catalog_wide,10076,pair_micro,499,4434,0.8931310007088085,0.8676484566410619,0.9163815404415783,0.892873252142535,0.8670028708815986,0.9163693329544986,-0.0002577485662736015,-0.002358048229859554,0.0018561678431898306
esci,gte_modernbert,native,primary_existing_evaluation,20,raw_mean_over_seven_schedules,lexical_descending,pure complete-entry sorting,"new controlled retrieval, frozen pretrained encoder; not regenerated raw ranks",catalog_wide,10076,query_macro,499,4434,0.7181403988545487,0.6899295959013946,0.745465814441646,0.7164475014853268,0.6882218346691764,0.7439176842822404,-0.0016928973692219328,-0.007449538868152045,0.0037020071831108193
esci,gte_modernbert,native,primary_existing_evaluation,20,raw_mean_over_seven_schedules,lexical_descending,pure complete-entry sorting,"new controlled retrieval, frozen pretrained encoder; not regenerated raw ranks",catalog_wide,10076,pair_micro,499,4434,0.6658934209678459,0.6352784942461748,0.6968805574119814,0.6655390166892197,0.6348593672562555,0.6966125884748574,-0.0003544042786262015,-0.0036540649146591304,0.0028109528939537953
esci,gte_modernbert,native,primary_existing_evaluation,100,raw_mean_over_seven_schedules,lexical_descending,pure complete-entry sorting,"new controlled retrieval, frozen pretrained encoder; not regenerated raw ranks",catalog_wide,10076,query_macro,499,4434,0.8877371809824228,0.8662013225978349,0.9082199918773023,0.8870941261125812,0.8648602792644962,0.9082524150123663,-0.0006430548698415209,-0.004688406270807258,0.003348805459206911
esci,gte_modernbert,native,primary_existing_evaluation,100,raw_mean_over_seven_schedules,lexical_descending,pure complete-entry sorting,"new controlled retrieval, frozen pretrained encoder; not regenerated raw ranks",catalog_wide,10076,pair_micro,499,4434,0.8931310007088085,0.8676484566410619,0.9163815404415783,0.892873252142535,0.8670028708815986,0.9163693329544986,-0.0002577485662736015,-0.002358048229859554,0.0018561678431898306
esci,gte_modernbert,native,historical_full,20,raw_mean_over_seven_schedules,field_priority_type,pure complete-entry sorting,"new controlled retrieval, frozen pretrained encoder; not regenerated raw ranks",catalog_wide,10076,query_macro,499,4434,0.7181403988545487,0.6899295959013946,0.745465814441646,0.7168147630429257,0.6878983008587157,0.7450151049925089,-0.001325635811623043,-0.007113486497459633,0.004429604269995994
esci,gte_modernbert,native,historical_full,20,raw_mean_over_seven_schedules,field_priority_type,pure complete-entry sorting,"new controlled retrieval, frozen pretrained encoder; not regenerated raw ranks",catalog_wide,10076,pair_micro,499,4434,0.6658934209678459,0.6352784942461748,0.6968805574119814,0.6659900766801985,0.6350574574019111,0.6974997133917433,9.665571235259999e-05,-0.003580530687171797,0.003830599762239761
esci,gte_modernbert,native,historical_full,100,raw_mean_over_seven_schedules,field_priority_type,pure complete-entry sorting,"new controlled retrieval, frozen pretrained encoder; not regenerated raw ranks",catalog_wide,10076,query_macro,499,4434,0.8877371809824228,0.8662013225978349,0.9082199918773023,0.888297915241541,0.8666408523927949,0.9090152265147905,0.0005607342591181808,-0.0031349536632548835,0.004664902196663084
esci,gte_modernbert,native,historical_full,100,raw_mean_over_seven_schedules,field_priority_type,pure complete-entry sorting,"new controlled retrieval, frozen pretrained encoder; not regenerated raw ranks",catalog_wide,10076,pair_micro,499,4434,0.8931310007088085,0.8676484566410619,0.9163815404415783,0.8935498421290031,0.868309039769698,0.9163130170322733,0.0004188414201945982,-0.0019283698790065523,0.002801199450899489
esci,gte_modernbert,native,primary_existing_evaluation,20,raw_mean_over_seven_schedules,field_priority_type,pure complete-entry sorting,"new controlled retrieval, frozen pretrained encoder; not regenerated raw ranks",catalog_wide,10076,query_macro,499,4434,0.7181403988545487,0.6899295959013946,0.745465814441646,0.7168147630429257,0.6878983008587157,0.7450151049925089,-0.001325635811623043,-0.007113486497459633,0.004429604269995994
esci,gte_modernbert,native,primary_existing_evaluation,20,raw_mean_over_seven_schedules,field_priority_type,pure complete-entry sorting,"new controlled retrieval, frozen pretrained encoder; not regenerated raw ranks",catalog_wide,10076,pair_micro,499,4434,0.6658934209678459,0.6352784942461748,0.6968805574119814,0.6659900766801985,0.6350574574019111,0.6974997133917433,9.665571235259999e-05,-0.003580530687171797,0.003830599762239761
esci,gte_modernbert,native,primary_existing_evaluation,100,raw_mean_over_seven_schedules,field_priority_type,pure complete-entry sorting,"new controlled retrieval, frozen pretrained encoder; not regenerated raw ranks",catalog_wide,10076,query_macro,499,4434,0.8877371809824228,0.8662013225978349,0.9082199918773023,0.888297915241541,0.8666408523927949,0.9090152265147905,0.0005607342591181808,-0.0031349536632548835,0.004664902196663084
esci,gte_modernbert,native,primary_existing_evaluation,100,raw_mean_over_seven_schedules,field_priority_type,pure complete-entry sorting,"new controlled retrieval, frozen pretrained encoder; not regenerated raw ranks",catalog_wide,10076,pair_micro,499,4434,0.8931310007088085,0.8676484566410619,0.9163815404415783,0.8935498421290031,0.868309039769698,0.9163130170322733,0.0004188414201945982,-0.0019283698790065523,0.002801199450899489
esci,gte_modernbert,native,historical_full,20,raw_mean_over_seven_schedules,historical_M2_template,changes framing and section placement,inherited ranks,catalog_wide,10076,query_macro,499,4434,0.7181403988545487,0.6899295959013946,0.745465814441646,0.7282422639590233,0.7007669984122533,0.7552954111047206,0.010101865104474462,-0.00048469525308450685,0.020924720253571116
esci,gte_modernbert,native,historical_full,20,raw_mean_over_seven_schedules,historical_M2_template,changes framing and section placement,inherited ranks,catalog_wide,10076,pair_micro,499,4434,0.6658934209678459,0.6352784942461748,0.6968805574119814,0.6768155164636896,0.6467447581848648,0.7072289583665474,0.010922095495843803,0.0032959082550823595,0.018736041690277833
esci,gte_modernbert,native,historical_full,100,raw_mean_over_seven_schedules,historical_M2_template,changes framing and section placement,inherited ranks,catalog_wide,10076,query_macro,499,4434,0.8877371809824228,0.8662013225978349,0.9082199918773023,0.894381812949756,0.8728940470431742,0.9148812882857132,0.006644631967333307,-0.0021576761198757676,0.015270446909563773
esci,gte_modernbert,native,historical_full,100,raw_mean_over_seven_schedules,historical_M2_template,changes framing and section placement,inherited ranks,catalog_wide,10076,pair_micro,499,4434,0.8931310007088085,0.8676484566410619,0.9163815404415783,0.8985115020297699,0.8739917565056461,0.9209136566083116,0.005380501320961402,-0.0009345874449341933,0.012001026967523667
esci,gte_modernbert,native,primary_existing_evaluation,20,raw_mean_over_seven_schedules,historical_M2_template,changes framing and section placement,inherited ranks,catalog_wide,10076,query_macro,499,4434,0.7181403988545487,0.6899295959013946,0.745465814441646,0.7282422639590233,0.7007669984122533,0.7552954111047206,0.010101865104474462,-0.00048469525308450685,0.020924720253571116
esci,gte_modernbert,native,primary_existing_evaluation,20,raw_mean_over_seven_schedules,historical_M2_template,changes framing and section placement,inherited ranks,catalog_wide,10076,pair_micro,499,4434,0.6658934209678459,0.6352784942461748,0.6968805574119814,0.6768155164636896,0.6467447581848648,0.7072289583665474,0.010922095495843803,0.0032959082550823595,0.018736041690277833
esci,gte_modernbert,native,primary_existing_evaluation,100,raw_mean_over_seven_schedules,historical_M2_template,changes framing and section placement,inherited ranks,catalog_wide,10076,query_macro,499,4434,0.8877371809824228,0.8662013225978349,0.9082199918773023,0.894381812949756,0.8728940470431742,0.9148812882857132,0.006644631967333307,-0.0021576761198757676,0.015270446909563773
esci,gte_modernbert,native,primary_existing_evaluation,100,raw_mean_over_seven_schedules,historical_M2_template,changes framing and section placement,inherited ranks,catalog_wide,10076,pair_micro,499,4434,0.8931310007088085,0.8676484566410619,0.9163815404415783,0.8985115020297699,0.8739917565056461,0.9209136566083116,0.005380501320961402,-0.0009345874449341933,0.012001026967523667
