query_id,Recall@20,VI@20,Robust@20,Never@20,C0_Recall@20,C1_Recall@20,C2s1_Recall@20,C2s2_Recall@20,C2s3_Recall@20,C2s4_Recall@20,C2s5_Recall@20,Recall@100,VI@100,Robust@100,Never@100,C0_Recall@100,C1_Recall@100,C2s1_Recall@100,C2s2_Recall@100,C2s3_Recall@100,C2s4_Recall@100,C2s5_Recall@100,rank_range,worst_schedule@20,schedule_spread@20,worst_schedule@100,schedule_spread@100
0,0.3333333333333333,0.0,0.3333333333333333,0.6666666666666666,0.3333333333333333,0.3333333333333333,0.3333333333333333,0.3333333333333333,0.3333333333333333,0.3333333333333333,0.3333333333333333,0.8205128205128205,0.0,0.8205128205128205,0.1794871794871795,0.8205128205128205,0.8205128205128205,0.8205128205128205,0.8205128205128205,0.8205128205128205,0.8205128205128205,0.8205128205128205,0.0,0.3333333333333333,0.0,0.8205128205128205,0.0
1,0.125,0.0,0.125,0.875,0.125,0.125,0.125,0.125,0.125,0.125,0.125,0.25,0.0,0.25,0.75,0.25,0.25,0.25,0.25,0.25,0.25,0.25,0.0,0.125,0.0,0.25,0.0
2,0.12582781456953643,0.0,0.12582781456953643,0.8741721854304636,0.12582781456953643,0.12582781456953643,0.12582781456953643,0.12582781456953643,0.12582781456953643,0.12582781456953643,0.12582781456953643,0.6357615894039735,0.0,0.6357615894039735,0.36423841059602646,0.6357615894039735,0.6357615894039735,0.6357615894039735,0.6357615894039735,0.6357615894039735,0.6357615894039735,0.6357615894039735,0.0,0.12582781456953643,0.0,0.6357615894039735,0.0
3,0.14545454545454545,0.0,0.14545454545454545,0.8545454545454545,0.14545454545454545,0.14545454545454545,0.14545454545454545,0.14545454545454545,0.14545454545454545,0.14545454545454545,0.14545454545454545,0.16363636363636364,0.0,0.16363636363636364,0.8363636363636363,0.16363636363636364,0.16363636363636364,0.16363636363636364,0.16363636363636364,0.16363636363636364,0.16363636363636364,0.16363636363636364,0.0,0.14545454545454545,0.0,0.16363636363636364,0.0
4,0.043478260869565216,0.0,0.043478260869565216,0.9565217391304348,0.043478260869565216,0.043478260869565216,0.043478260869565216,0.043478260869565216,0.043478260869565216,0.043478260869565216,0.043478260869565216,0.2608695652173913,0.0,0.2608695652173913,0.7391304347826086,0.2608695652173913,0.2608695652173913,0.2608695652173913,0.2608695652173913,0.2608695652173913,0.2608695652173913,0.2608695652173913,0.0,0.043478260869565216,0.0,0.2608695652173913,0.0
5,0.10614525139664804,0.0,0.10614525139664804,0.8938547486033519,0.10614525139664804,0.10614525139664804,0.10614525139664804,0.10614525139664804,0.10614525139664804,0.10614525139664804,0.10614525139664804,0.44692737430167595,0.0,0.44692737430167595,0.553072625698324,0.44692737430167595,0.44692737430167595,0.44692737430167595,0.44692737430167595,0.44692737430167595,0.44692737430167595,0.44692737430167595,0.0,0.10614525139664804,0.0,0.44692737430167595,0.0
6,0.16279069767441862,0.0,0.16279069767441862,0.8372093023255814,0.16279069767441862,0.16279069767441862,0.16279069767441862,0.16279069767441862,0.16279069767441862,0.16279069767441862,0.16279069767441862,0.3023255813953488,0.0,0.3023255813953488,0.6976744186046512,0.3023255813953488,0.3023255813953488,0.3023255813953488,0.3023255813953488,0.3023255813953488,0.3023255813953488,0.3023255813953488,0.0,0.16279069767441862,0.0,0.3023255813953488,0.0
7,0.4782608695652174,0.0,0.4782608695652174,0.5217391304347826,0.4782608695652174,0.4782608695652174,0.4782608695652174,0.4782608695652174,0.4782608695652174,0.4782608695652174,0.4782608695652174,0.6956521739130435,0.0,0.6956521739130435,0.30434782608695654,0.6956521739130435,0.6956521739130435,0.6956521739130435,0.6956521739130435,0.6956521739130435,0.6956521739130435,0.6956521739130435,0.0,0.4782608695652174,0.0,0.6956521739130435,0.0
9,0.24324324324324326,0.0,0.24324324324324326,0.7567567567567568,0.24324324324324326,0.24324324324324326,0.24324324324324326,0.24324324324324326,0.24324324324324326,0.24324324324324326,0.24324324324324326,0.9324324324324325,0.0,0.9324324324324325,0.06756756756756757,0.9324324324324325,0.9324324324324325,0.9324324324324325,0.9324324324324325,0.9324324324324325,0.9324324324324325,0.9324324324324325,0.0,0.24324324324324326,0.0,0.9324324324324325,0.0
10,0.5714285714285714,0.0,0.5714285714285714,0.42857142857142855,0.5714285714285714,0.5714285714285714,0.5714285714285714,0.5714285714285714,0.5714285714285714,0.5714285714285714,0.5714285714285714,0.9523809523809523,0.0,0.9523809523809523,0.047619047619047616,0.9523809523809523,0.9523809523809523,0.9523809523809523,0.9523809523809523,0.9523809523809523,0.9523809523809523,0.9523809523809523,0.0,0.5714285714285714,0.0,0.9523809523809523,0.0
11,0.2923076923076923,0.0,0.2923076923076923,0.7076923076923077,0.2923076923076923,0.2923076923076923,0.2923076923076923,0.2923076923076923,0.2923076923076923,0.2923076923076923,0.2923076923076923,0.9692307692307692,0.0,0.9692307692307692,0.03076923076923077,0.9692307692307692,0.9692307692307692,0.9692307692307692,0.9692307692307692,0.9692307692307692,0.9692307692307692,0.9692307692307692,0.0,0.2923076923076923,0.0,0.9692307692307692,0.0
13,0.2826086956521739,0.0,0.2826086956521739,0.717391304347826,0.2826086956521739,0.2826086956521739,0.2826086956521739,0.2826086956521739,0.2826086956521739,0.2826086956521739,0.2826086956521739,0.8260869565217391,0.0,0.8260869565217391,0.17391304347826086,0.8260869565217391,0.8260869565217391,0.8260869565217391,0.8260869565217391,0.8260869565217391,0.8260869565217391,0.8260869565217391,0.0,0.2826086956521739,0.0,0.8260869565217391,0.0
14,0.6,0.0,0.6,0.4,0.6,0.6,0.6,0.6,0.6,0.6,0.6,0.8,0.0,0.8,0.2,0.8,0.8,0.8,0.8,0.8,0.8,0.8,0.0,0.6,0.0,0.8,0.0
16,0.0,0.0,0.0,1.0,0.0,0.0,0.0,0.0,0.0,0.0,0.0,0.5,0.0,0.5,0.5,0.5,0.5,0.5,0.5,0.5,0.5,0.5,0.0,0.0,0.0,0.5,0.0
17,0.38095238095238093,0.0,0.38095238095238093,0.6190476190476191,0.38095238095238093,0.38095238095238093,0.38095238095238093,0.38095238095238093,0.38095238095238093,0.38095238095238093,0.38095238095238093,0.6666666666666666,0.0,0.6666666666666666,0.3333333333333333,0.6666666666666666,0.6666666666666666,0.6666666666666666,0.6666666666666666,0.6666666666666666,0.6666666666666666,0.6666666666666666,0.0,0.38095238095238093,0.0,0.6666666666666666,0.0
20,0.0,0.0,0.0,1.0,0.0,0.0,0.0,0.0,0.0,0.0,0.0,0.0,0.0,0.0,1.0,0.0,0.0,0.0,0.0,0.0,0.0,0.0,0.0,0.0,0.0,0.0,0.0
22,0.13636363636363635,0.0,0.13636363636363635,0.8636363636363636,0.13636363636363635,0.13636363636363635,0.13636363636363635,0.13636363636363635,0.13636363636363635,0.13636363636363635,0.13636363636363635,0.18181818181818182,0.0,0.18181818181818182,0.8181818181818182,0.18181818181818182,0.18181818181818182,0.18181818181818182,0.18181818181818182,0.18181818181818182,0.18181818181818182,0.18181818181818182,0.0,0.13636363636363635,0.0,0.18181818181818182,0.0
26,0.017123287671232876,0.0,0.017123287671232876,0.9828767123287672,0.017123287671232876,0.017123287671232876,0.017123287671232876,0.017123287671232876,0.017123287671232876,0.017123287671232876,0.017123287671232876,0.08904109589041095,0.0,0.08904109589041095,0.910958904109589,0.08904109589041095,0.08904109589041095,0.08904109589041095,0.08904109589041095,0.08904109589041095,0.08904109589041095,0.08904109589041095,0.005707762557077625,0.017123287671232876,0.0,0.08904109589041095,0.0
27,0.15,0.0,0.15,0.85,0.15,0.15,0.15,0.15,0.15,0.15,0.15,0.43,0.0,0.43,0.57,0.43,0.43,0.43,0.43,0.43,0.43,0.43,0.0,0.15,0.0,0.43,0.0
28,0.11428571428571428,0.0,0.11428571428571428,0.8857142857142857,0.11428571428571428,0.11428571428571428,0.11428571428571428,0.11428571428571428,0.11428571428571428,0.11428571428571428,0.11428571428571428,0.56,0.0,0.56,0.44,0.56,0.56,0.56,0.56,0.56,0.56,0.56,0.0,0.11428571428571428,0.0,0.56,0.0
31,0.0,0.0,0.0,1.0,0.0,0.0,0.0,0.0,0.0,0.0,0.0,0.0,0.0,0.0,1.0,0.0,0.0,0.0,0.0,0.0,0.0,0.0,0.0,0.0,0.0,0.0,0.0
35,0.0392156862745098,0.0,0.0392156862745098,0.9607843137254902,0.0392156862745098,0.0392156862745098,0.0392156862745098,0.0392156862745098,0.0392156862745098,0.0392156862745098,0.0392156862745098,0.49019607843137253,0.0,0.49019607843137253,0.5098039215686274,0.49019607843137253,0.49019607843137253,0.49019607843137253,0.49019607843137253,0.49019607843137253,0.49019607843137253,0.49019607843137253,0.0,0.0392156862745098,0.0,0.49019607843137253,0.0
36,0.35135135135135137,0.0,0.35135135135135137,0.6486486486486487,0.35135135135135137,0.35135135135135137,0.35135135135135137,0.35135135135135137,0.35135135135135137,0.35135135135135137,0.35135135135135137,0.8378378378378378,0.0,0.8378378378378378,0.16216216216216217,0.8378378378378378,0.8378378378378378,0.8378378378378378,0.8378378378378378,0.8378378378378378,0.8378378378378378,0.8378378378378378,0.0,0.35135135135135137,0.0,0.8378378378378378,0.0
37,0.09090909090909091,0.0,0.09090909090909091,0.9090909090909091,0.09090909090909091,0.09090909090909091,0.09090909090909091,0.09090909090909091,0.09090909090909091,0.09090909090909091,0.09090909090909091,0.21818181818181817,0.0,0.21818181818181817,0.7818181818181819,0.21818181818181817,0.21818181818181817,0.21818181818181817,0.21818181818181817,0.21818181818181817,0.21818181818181817,0.21818181818181817,0.0,0.09090909090909091,0.0,0.21818181818181817,0.0
38,1.0,0.0,1.0,0.0,1.0,1.0,1.0,1.0,1.0,1.0,1.0,1.0,0.0,1.0,0.0,1.0,1.0,1.0,1.0,1.0,1.0,1.0,0.0,1.0,0.0,1.0,0.0
39,0.06451612903225806,0.0,0.06451612903225806,0.9354838709677419,0.06451612903225806,0.06451612903225806,0.06451612903225806,0.06451612903225806,0.06451612903225806,0.06451612903225806,0.06451612903225806,0.7096774193548387,0.0,0.7096774193548387,0.2903225806451613,0.7096774193548387,0.7096774193548387,0.7096774193548387,0.7096774193548387,0.7096774193548387,0.7096774193548387,0.7096774193548387,0.0,0.06451612903225806,0.0,0.7096774193548387,0.0
40,0.25,0.0,0.25,0.75,0.25,0.25,0.25,0.25,0.25,0.25,0.25,0.775,0.0,0.775,0.225,0.775,0.775,0.775,0.775,0.775,0.775,0.775,0.0,0.25,0.0,0.775,0.0
41,0.5789473684210527,0.0,0.5789473684210527,0.42105263157894735,0.5789473684210527,0.5789473684210527,0.5789473684210527,0.5789473684210527,0.5789473684210527,0.5789473684210527,0.5789473684210527,0.8947368421052632,0.0,0.8947368421052632,0.10526315789473684,0.8947368421052632,0.8947368421052632,0.8947368421052632,0.8947368421052632,0.8947368421052632,0.8947368421052632,0.8947368421052632,0.0,0.5789473684210527,0.0,0.8947368421052632,0.0
42,0.0,0.0,0.0,1.0,0.0,0.0,0.0,0.0,0.0,0.0,0.0,1.0,0.0,1.0,0.0,1.0,1.0,1.0,1.0,1.0,1.0,1.0,0.0,0.0,0.0,1.0,0.0
44,0.15151515151515152,0.0,0.15151515151515152,0.8484848484848485,0.15151515151515152,0.15151515151515152,0.15151515151515152,0.15151515151515152,0.15151515151515152,0.15151515151515152,0.15151515151515152,0.5454545454545454,0.0,0.5454545454545454,0.45454545454545453,0.5454545454545454,0.5454545454545454,0.5454545454545454,0.5454545454545454,0.5454545454545454,0.5454545454545454,0.5454545454545454,0.0,0.15151515151515152,0.0,0.5454545454545454,0.0
45,0.15,0.0,0.15,0.85,0.15,0.15,0.15,0.15,0.15,0.15,0.15,0.35,0.0,0.35,0.65,0.35,0.35,0.35,0.35,0.35,0.35,0.35,0.0,0.15,0.0,0.35,0.0
46,0.8,0.0,0.8,0.2,0.8,0.8,0.8,0.8,0.8,0.8,0.8,0.8,0.0,0.8,0.2,0.8,0.8,0.8,0.8,0.8,0.8,0.8,0.0,0.8,0.0,0.8,0.0
48,1.0,0.0,1.0,0.0,1.0,1.0,1.0,1.0,1.0,1.0,1.0,1.0,0.0,1.0,0.0,1.0,1.0,1.0,1.0,1.0,1.0,1.0,0.0,1.0,0.0,1.0,0.0
50,0.25,0.0,0.25,0.75,0.25,0.25,0.25,0.25,0.25,0.25,0.25,0.5714285714285714,0.0,0.5714285714285714,0.42857142857142855,0.5714285714285714,0.5714285714285714,0.5714285714285714,0.5714285714285714,0.5714285714285714,0.5714285714285714,0.5714285714285714,0.0,0.25,0.0,0.5714285714285714,0.0
51,1.0,0.0,1.0,0.0,1.0,1.0,1.0,1.0,1.0,1.0,1.0,1.0,0.0,1.0,0.0,1.0,1.0,1.0,1.0,1.0,1.0,1.0,0.0,1.0,0.0,1.0,0.0
54,0.6,0.0,0.6,0.4,0.6,0.6,0.6,0.6,0.6,0.6,0.6,0.6,0.0,0.6,0.4,0.6,0.6,0.6,0.6,0.6,0.6,0.6,0.0,0.6,0.0,0.6,0.0
55,1.0,0.0,1.0,0.0,1.0,1.0,1.0,1.0,1.0,1.0,1.0,1.0,0.0,1.0,0.0,1.0,1.0,1.0,1.0,1.0,1.0,1.0,0.0,1.0,0.0,1.0,0.0
59,0.46511627906976744,0.0,0.46511627906976744,0.5348837209302325,0.46511627906976744,0.46511627906976744,0.46511627906976744,0.46511627906976744,0.46511627906976744,0.46511627906976744,0.46511627906976744,1.0,0.0,1.0,0.0,1.0,1.0,1.0,1.0,1.0,1.0,1.0,0.0,0.46511627906976744,0.0,1.0,0.0
60,1.0,0.0,1.0,0.0,1.0,1.0,1.0,1.0,1.0,1.0,1.0,1.0,0.0,1.0,0.0,1.0,1.0,1.0,1.0,1.0,1.0,1.0,0.0,1.0,0.0,1.0,0.0
62,0.6666666666666666,0.0,0.6666666666666666,0.3333333333333333,0.6666666666666666,0.6666666666666666,0.6666666666666666,0.6666666666666666,0.6666666666666666,0.6666666666666666,0.6666666666666666,0.8888888888888888,0.0,0.8888888888888888,0.1111111111111111,0.8888888888888888,0.8888888888888888,0.8888888888888888,0.8888888888888888,0.8888888888888888,0.8888888888888888,0.8888888888888888,0.0,0.6666666666666666,0.0,0.8888888888888888,0.0
63,0.20833333333333334,0.0,0.20833333333333334,0.7916666666666666,0.20833333333333334,0.20833333333333334,0.20833333333333334,0.20833333333333334,0.20833333333333334,0.20833333333333334,0.20833333333333334,0.9027777777777778,0.0,0.9027777777777778,0.09722222222222222,0.9027777777777778,0.9027777777777778,0.9027777777777778,0.9027777777777778,0.9027777777777778,0.9027777777777778,0.9027777777777778,0.0,0.20833333333333334,0.0,0.9027777777777778,0.0
64,1.0,0.0,1.0,0.0,1.0,1.0,1.0,1.0,1.0,1.0,1.0,1.0,0.0,1.0,0.0,1.0,1.0,1.0,1.0,1.0,1.0,1.0,0.0,1.0,0.0,1.0,0.0
65,0.10526315789473684,0.0,0.10526315789473684,0.8947368421052632,0.10526315789473684,0.10526315789473684,0.10526315789473684,0.10526315789473684,0.10526315789473684,0.10526315789473684,0.10526315789473684,0.6578947368421053,0.0,0.6578947368421053,0.34210526315789475,0.6578947368421053,0.6578947368421053,0.6578947368421053,0.6578947368421053,0.6578947368421053,0.6578947368421053,0.6578947368421053,0.0,0.10526315789473684,0.0,0.6578947368421053,0.0
66,1.0,0.0,1.0,0.0,1.0,1.0,1.0,1.0,1.0,1.0,1.0,1.0,0.0,1.0,0.0,1.0,1.0,1.0,1.0,1.0,1.0,1.0,0.0,1.0,0.0,1.0,0.0
68,0.15730337078651685,0.0,0.15730337078651685,0.8426966292134831,0.15730337078651685,0.15730337078651685,0.15730337078651685,0.15730337078651685,0.15730337078651685,0.15730337078651685,0.15730337078651685,0.7303370786516854,0.0,0.7303370786516854,0.2696629213483146,0.7303370786516854,0.7303370786516854,0.7303370786516854,0.7303370786516854,0.7303370786516854,0.7303370786516854,0.7303370786516854,0.0,0.15730337078651685,0.0,0.7303370786516854,0.0
69,0.23076923076923078,0.0,0.23076923076923078,0.7692307692307693,0.23076923076923078,0.23076923076923078,0.23076923076923078,0.23076923076923078,0.23076923076923078,0.23076923076923078,0.23076923076923078,0.6923076923076923,0.0,0.6923076923076923,0.3076923076923077,0.6923076923076923,0.6923076923076923,0.6923076923076923,0.6923076923076923,0.6923076923076923,0.6923076923076923,0.6923076923076923,0.0,0.23076923076923078,0.0,0.6923076923076923,0.0
70,1.0,0.0,1.0,0.0,1.0,1.0,1.0,1.0,1.0,1.0,1.0,1.0,0.0,1.0,0.0,1.0,1.0,1.0,1.0,1.0,1.0,1.0,0.0,1.0,0.0,1.0,0.0
71,0.2553191489361702,0.0,0.2553191489361702,0.7446808510638298,0.2553191489361702,0.2553191489361702,0.2553191489361702,0.2553191489361702,0.2553191489361702,0.2553191489361702,0.2553191489361702,0.851063829787234,0.0,0.851063829787234,0.14893617021276595,0.851063829787234,0.851063829787234,0.851063829787234,0.851063829787234,0.851063829787234,0.851063829787234,0.851063829787234,0.0,0.2553191489361702,0.0,0.851063829787234,0.0
72,0.2,0.0,0.2,0.8,0.2,0.2,0.2,0.2,0.2,0.2,0.2,0.7764705882352941,0.0,0.7764705882352941,0.2235294117647059,0.7764705882352941,0.7764705882352941,0.7764705882352941,0.7764705882352941,0.7764705882352941,0.7764705882352941,0.7764705882352941,0.0,0.2,0.0,0.7764705882352941,0.0
74,1.0,0.0,1.0,0.0,1.0,1.0,1.0,1.0,1.0,1.0,1.0,1.0,0.0,1.0,0.0,1.0,1.0,1.0,1.0,1.0,1.0,1.0,0.0,1.0,0.0,1.0,0.0
75,0.25,0.0,0.25,0.75,0.25,0.25,0.25,0.25,0.25,0.25,0.25,0.5,0.0,0.5,0.5,0.5,0.5,0.5,0.5,0.5,0.5,0.5,0.0,0.25,0.0,0.5,0.0
76,0.0,0.0,0.0,1.0,0.0,0.0,0.0,0.0,0.0,0.0,0.0,0.0,0.0,0.0,1.0,0.0,0.0,0.0,0.0,0.0,0.0,0.0,0.0,0.0,0.0,0.0,0.0
77,0.0,0.0,0.0,1.0,0.0,0.0,0.0,0.0,0.0,0.0,0.0,0.0,0.0,0.0,1.0,0.0,0.0,0.0,0.0,0.0,0.0,0.0,0.0,0.0,0.0,0.0,0.0
78,0.0,0.0,0.0,1.0,0.0,0.0,0.0,0.0,0.0,0.0,0.0,0.0,0.0,0.0,1.0,0.0,0.0,0.0,0.0,0.0,0.0,0.0,0.0,0.0,0.0,0.0,0.0
81,0.05333333333333334,0.0,0.05333333333333334,0.9466666666666667,0.05333333333333334,0.05333333333333334,0.05333333333333334,0.05333333333333334,0.05333333333333334,0.05333333333333334,0.05333333333333334,0.32,0.0,0.32,0.68,0.32,0.32,0.32,0.32,0.32,0.32,0.32,0.0,0.05333333333333334,0.0,0.32,0.0
82,0.03773584905660377,0.0,0.03773584905660377,0.9622641509433962,0.03773584905660377,0.03773584905660377,0.03773584905660377,0.03773584905660377,0.03773584905660377,0.03773584905660377,0.03773584905660377,0.32075471698113206,0.0,0.32075471698113206,0.6792452830188679,0.32075471698113206,0.32075471698113206,0.32075471698113206,0.32075471698113206,0.32075471698113206,0.32075471698113206,0.32075471698113206,0.0,0.03773584905660377,0.0,0.32075471698113206,0.0
84,0.0,0.0,0.0,1.0,0.0,0.0,0.0,0.0,0.0,0.0,0.0,0.0,0.0,0.0,1.0,0.0,0.0,0.0,0.0,0.0,0.0,0.0,0.0,0.0,0.0,0.0,0.0
86,0.4666666666666667,0.0,0.4666666666666667,0.5333333333333333,0.4666666666666667,0.4666666666666667,0.4666666666666667,0.4666666666666667,0.4666666666666667,0.4666666666666667,0.4666666666666667,1.0,0.0,1.0,0.0,1.0,1.0,1.0,1.0,1.0,1.0,1.0,0.0,0.4666666666666667,0.0,1.0,0.0
88,1.0,0.0,1.0,0.0,1.0,1.0,1.0,1.0,1.0,1.0,1.0,1.0,0.0,1.0,0.0,1.0,1.0,1.0,1.0,1.0,1.0,1.0,0.0,1.0,0.0,1.0,0.0
89,0.07352941176470588,0.0,0.07352941176470588,0.9264705882352942,0.07352941176470588,0.07352941176470588,0.07352941176470588,0.07352941176470588,0.07352941176470588,0.07352941176470588,0.07352941176470588,0.27941176470588236,0.0,0.27941176470588236,0.7205882352941176,0.27941176470588236,0.27941176470588236,0.27941176470588236,0.27941176470588236,0.27941176470588236,0.27941176470588236,0.27941176470588236,0.0,0.07352941176470588,0.0,0.27941176470588236,0.0
91,0.375,0.0,0.375,0.625,0.375,0.375,0.375,0.375,0.375,0.375,0.375,0.625,0.0,0.625,0.375,0.625,0.625,0.625,0.625,0.625,0.625,0.625,0.0,0.375,0.0,0.625,0.0
93,0.017241379310344827,0.0,0.017241379310344827,0.9827586206896551,0.017241379310344827,0.017241379310344827,0.017241379310344827,0.017241379310344827,0.017241379310344827,0.017241379310344827,0.017241379310344827,0.1206896551724138,0.0,0.1206896551724138,0.8793103448275862,0.1206896551724138,0.1206896551724138,0.1206896551724138,0.1206896551724138,0.1206896551724138,0.1206896551724138,0.1206896551724138,0.0,0.017241379310344827,0.0,0.1206896551724138,0.0
94,0.25,0.0,0.25,0.75,0.25,0.25,0.25,0.25,0.25,0.25,0.25,1.0,0.0,1.0,0.0,1.0,1.0,1.0,1.0,1.0,1.0,1.0,0.0,0.25,0.0,1.0,0.0
95,0.0,0.0,0.0,1.0,0.0,0.0,0.0,0.0,0.0,0.0,0.0,0.0,0.0,0.0,1.0,0.0,0.0,0.0,0.0,0.0,0.0,0.0,0.0,0.0,0.0,0.0,0.0
97,0.0,0.0,0.0,1.0,0.0,0.0,0.0,0.0,0.0,0.0,0.0,0.0,0.0,0.0,1.0,0.0,0.0,0.0,0.0,0.0,0.0,0.0,0.0,0.0,0.0,0.0,0.0
101,0.25,0.0,0.25,0.75,0.25,0.25,0.25,0.25,0.25,0.25,0.25,0.5,0.0,0.5,0.5,0.5,0.5,0.5,0.5,0.5,0.5,0.5,0.0,0.25,0.0,0.5,0.0
102,0.3333333333333333,0.0,0.3333333333333333,0.6666666666666666,0.3333333333333333,0.3333333333333333,0.3333333333333333,0.3333333333333333,0.3333333333333333,0.3333333333333333,0.3333333333333333,1.0,0.0,1.0,0.0,1.0,1.0,1.0,1.0,1.0,1.0,1.0,0.0,0.3333333333333333,0.0,1.0,0.0
104,0.3333333333333333,0.0,0.3333333333333333,0.6666666666666666,0.3333333333333333,0.3333333333333333,0.3333333333333333,0.3333333333333333,0.3333333333333333,0.3333333333333333,0.3333333333333333,0.5,0.0,0.5,0.5,0.5,0.5,0.5,0.5,0.5,0.5,0.5,0.0,0.3333333333333333,0.0,0.5,0.0
107,0.06976744186046512,0.0,0.06976744186046512,0.9302325581395349,0.06976744186046512,0.06976744186046512,0.06976744186046512,0.06976744186046512,0.06976744186046512,0.06976744186046512,0.06976744186046512,0.13953488372093023,0.0,0.13953488372093023,0.8604651162790697,0.13953488372093023,0.13953488372093023,0.13953488372093023,0.13953488372093023,0.13953488372093023,0.13953488372093023,0.13953488372093023,0.0,0.06976744186046512,0.0,0.13953488372093023,0.0
108,0.24691358024691357,0.0,0.24691358024691357,0.7530864197530864,0.24691358024691357,0.24691358024691357,0.24691358024691357,0.24691358024691357,0.24691358024691357,0.24691358024691357,0.24691358024691357,0.9012345679012346,0.0,0.9012345679012346,0.09876543209876543,0.9012345679012346,0.9012345679012346,0.9012345679012346,0.9012345679012346,0.9012345679012346,0.9012345679012346,0.9012345679012346,0.0,0.24691358024691357,0.0,0.9012345679012346,0.0
109,0.4358974358974359,0.0,0.4358974358974359,0.5641025641025641,0.4358974358974359,0.4358974358974359,0.4358974358974359,0.4358974358974359,0.4358974358974359,0.4358974358974359,0.4358974358974359,0.9487179487179487,0.0,0.9487179487179487,0.05128205128205128,0.9487179487179487,0.9487179487179487,0.9487179487179487,0.9487179487179487,0.9487179487179487,0.9487179487179487,0.9487179487179487,0.0,0.4358974358974359,0.0,0.9487179487179487,0.0
111,0.2898550724637681,0.0,0.2898550724637681,0.7101449275362319,0.2898550724637681,0.2898550724637681,0.2898550724637681,0.2898550724637681,0.2898550724637681,0.2898550724637681,0.2898550724637681,0.8405797101449275,0.0,0.8405797101449275,0.15942028985507245,0.8405797101449275,0.8405797101449275,0.8405797101449275,0.8405797101449275,0.8405797101449275,0.8405797101449275,0.8405797101449275,0.0,0.2898550724637681,0.0,0.8405797101449275,0.0
112,0.07142857142857142,0.0,0.07142857142857142,0.9285714285714286,0.07142857142857142,0.07142857142857142,0.07142857142857142,0.07142857142857142,0.07142857142857142,0.07142857142857142,0.07142857142857142,0.37218045112781956,0.0,0.37218045112781956,0.6278195488721805,0.37218045112781956,0.37218045112781956,0.37218045112781956,0.37218045112781956,0.37218045112781956,0.37218045112781956,0.37218045112781956,0.0,0.07142857142857142,0.0,0.37218045112781956,0.0
114,0.3333333333333333,0.0,0.3333333333333333,0.6666666666666666,0.3333333333333333,0.3333333333333333,0.3333333333333333,0.3333333333333333,0.3333333333333333,0.3333333333333333,0.3333333333333333,0.3333333333333333,0.0,0.3333333333333333,0.6666666666666666,0.3333333333333333,0.3333333333333333,0.3333333333333333,0.3333333333333333,0.3333333333333333,0.3333333333333333,0.3333333333333333,0.0,0.3333333333333333,0.0,0.3333333333333333,0.0
115,0.09900990099009901,0.0,0.09900990099009901,0.900990099009901,0.09900990099009901,0.09900990099009901,0.09900990099009901,0.09900990099009901,0.09900990099009901,0.09900990099009901,0.09900990099009901,0.4801980198019802,0.0,0.4801980198019802,0.5198019801980198,0.4801980198019802,0.4801980198019802,0.4801980198019802,0.4801980198019802,0.4801980198019802,0.4801980198019802,0.4801980198019802,0.0,0.09900990099009901,0.0,0.4801980198019802,0.0
119,0.11392405063291139,0.0,0.11392405063291139,0.8860759493670886,0.11392405063291139,0.11392405063291139,0.11392405063291139,0.11392405063291139,0.11392405063291139,0.11392405063291139,0.11392405063291139,0.37341772151898733,0.0,0.37341772151898733,0.6265822784810127,0.37341772151898733,0.37341772151898733,0.37341772151898733,0.37341772151898733,0.37341772151898733,0.37341772151898733,0.37341772151898733,0.0,0.11392405063291139,0.0,0.37341772151898733,0.0
120,0.5454545454545454,0.0,0.5454545454545454,0.45454545454545453,0.5454545454545454,0.5454545454545454,0.5454545454545454,0.5454545454545454,0.5454545454545454,0.5454545454545454,0.5454545454545454,1.0,0.0,1.0,0.0,1.0,1.0,1.0,1.0,1.0,1.0,1.0,0.0,0.5454545454545454,0.0,1.0,0.0
121,0.027548209366391185,0.0,0.027548209366391185,0.9724517906336089,0.027548209366391185,0.027548209366391185,0.027548209366391185,0.027548209366391185,0.027548209366391185,0.027548209366391185,0.027548209366391185,0.11707988980716254,0.0,0.11707988980716254,0.8829201101928374,0.11707988980716254,0.11707988980716254,0.11707988980716254,0.11707988980716254,0.11707988980716254,0.11707988980716254,0.11707988980716254,0.0013774104683195593,0.027548209366391185,0.0,0.11707988980716254,0.0
122,0.04,0.0,0.04,0.96,0.04,0.04,0.04,0.04,0.04,0.04,0.04,0.13866666666666666,0.0,0.13866666666666666,0.8613333333333333,0.13866666666666666,0.13866666666666666,0.13866666666666666,0.13866666666666666,0.13866666666666666,0.13866666666666666,0.13866666666666666,0.0,0.04,0.0,0.13866666666666666,0.0
123,0.058823529411764705,0.0,0.058823529411764705,0.9411764705882353,0.058823529411764705,0.058823529411764705,0.058823529411764705,0.058823529411764705,0.058823529411764705,0.058823529411764705,0.058823529411764705,0.1497326203208556,0.0,0.1497326203208556,0.8502673796791443,0.1497326203208556,0.1497326203208556,0.1497326203208556,0.1497326203208556,0.1497326203208556,0.1497326203208556,0.1497326203208556,0.0053475935828877,0.058823529411764705,0.0,0.1497326203208556,0.0
124,0.006172839506172839,0.0,0.006172839506172839,0.9938271604938271,0.006172839506172839,0.006172839506172839,0.006172839506172839,0.006172839506172839,0.006172839506172839,0.006172839506172839,0.006172839506172839,0.040123456790123455,0.0,0.040123456790123455,0.9598765432098766,0.040123456790123455,0.040123456790123455,0.040123456790123455,0.040123456790123455,0.040123456790123455,0.040123456790123455,0.040123456790123455,0.0030864197530864196,0.006172839506172839,0.0,0.040123456790123455,0.0
125,0.0,0.0,0.0,1.0,0.0,0.0,0.0,0.0,0.0,0.0,0.0,1.0,0.0,1.0,0.0,1.0,1.0,1.0,1.0,1.0,1.0,1.0,0.0,0.0,0.0,1.0,0.0
126,0.08298755186721991,0.0,0.08298755186721991,0.91701244813278,0.08298755186721991,0.08298755186721991,0.08298755186721991,0.08298755186721991,0.08298755186721991,0.08298755186721991,0.08298755186721991,0.2946058091286307,0.0,0.2946058091286307,0.7053941908713693,0.2946058091286307,0.2946058091286307,0.2946058091286307,0.2946058091286307,0.2946058091286307,0.2946058091286307,0.2946058091286307,0.0,0.08298755186721991,0.0,0.2946058091286307,0.0
127,0.11320754716981132,0.0,0.11320754716981132,0.8867924528301887,0.11320754716981132,0.11320754716981132,0.11320754716981132,0.11320754716981132,0.11320754716981132,0.11320754716981132,0.11320754716981132,0.5220125786163522,0.0,0.5220125786163522,0.4779874213836478,0.5220125786163522,0.5220125786163522,0.5220125786163522,0.5220125786163522,0.5220125786163522,0.5220125786163522,0.5220125786163522,0.0,0.11320754716981132,0.0,0.5220125786163522,0.0
128,0.168141592920354,0.0,0.168141592920354,0.831858407079646,0.168141592920354,0.168141592920354,0.168141592920354,0.168141592920354,0.168141592920354,0.168141592920354,0.168141592920354,0.5132743362831859,0.0,0.5132743362831859,0.48672566371681414,0.5132743362831859,0.5132743362831859,0.5132743362831859,0.5132743362831859,0.5132743362831859,0.5132743362831859,0.5132743362831859,0.0,0.168141592920354,0.0,0.5132743362831859,0.0
129,0.07142857142857142,0.0,0.07142857142857142,0.9285714285714286,0.07142857142857142,0.07142857142857142,0.07142857142857142,0.07142857142857142,0.07142857142857142,0.07142857142857142,0.07142857142857142,0.14285714285714285,0.0,0.14285714285714285,0.8571428571428571,0.14285714285714285,0.14285714285714285,0.14285714285714285,0.14285714285714285,0.14285714285714285,0.14285714285714285,0.14285714285714285,0.10714285714285714,0.07142857142857142,0.0,0.14285714285714285,0.0
130,0.0213903743315508,0.0,0.0213903743315508,0.9786096256684492,0.0213903743315508,0.0213903743315508,0.0213903743315508,0.0213903743315508,0.0213903743315508,0.0213903743315508,0.0213903743315508,0.0962566844919786,0.0,0.0962566844919786,0.9037433155080213,0.0962566844919786,0.0962566844919786,0.0962566844919786,0.0962566844919786,0.0962566844919786,0.0962566844919786,0.0962566844919786,0.0,0.0213903743315508,0.0,0.0962566844919786,0.0
131,0.10404624277456648,0.0,0.10404624277456648,0.8959537572254336,0.10404624277456648,0.10404624277456648,0.10404624277456648,0.10404624277456648,0.10404624277456648,0.10404624277456648,0.10404624277456648,0.4913294797687861,0.0,0.4913294797687861,0.5086705202312138,0.4913294797687861,0.4913294797687861,0.4913294797687861,0.4913294797687861,0.4913294797687861,0.4913294797687861,0.4913294797687861,0.0,0.10404624277456648,0.0,0.4913294797687861,0.0
132,0.2619047619047619,0.0,0.2619047619047619,0.7380952380952381,0.2619047619047619,0.2619047619047619,0.2619047619047619,0.2619047619047619,0.2619047619047619,0.2619047619047619,0.2619047619047619,0.5714285714285714,0.0,0.5714285714285714,0.42857142857142855,0.5714285714285714,0.5714285714285714,0.5714285714285714,0.5714285714285714,0.5714285714285714,0.5714285714285714,0.5714285714285714,0.0,0.2619047619047619,0.0,0.5714285714285714,0.0
137,0.0875,0.0,0.0875,0.9125,0.0875,0.0875,0.0875,0.0875,0.0875,0.0875,0.0875,0.375,0.0,0.375,0.625,0.375,0.375,0.375,0.375,0.375,0.375,0.375,0.0,0.0875,0.0,0.375,0.0
138,0.13380281690140844,0.0,0.13380281690140844,0.8661971830985915,0.13380281690140844,0.13380281690140844,0.13380281690140844,0.13380281690140844,0.13380281690140844,0.13380281690140844,0.13380281690140844,0.647887323943662,0.0,0.647887323943662,0.352112676056338,0.647887323943662,0.647887323943662,0.647887323943662,0.647887323943662,0.647887323943662,0.647887323943662,0.647887323943662,0.0,0.13380281690140844,0.0,0.647887323943662,0.0
140,0.3333333333333333,0.0,0.3333333333333333,0.6666666666666666,0.3333333333333333,0.3333333333333333,0.3333333333333333,0.3333333333333333,0.3333333333333333,0.3333333333333333,0.3333333333333333,0.6666666666666666,0.0,0.6666666666666666,0.3333333333333333,0.6666666666666666,0.6666666666666666,0.6666666666666666,0.6666666666666666,0.6666666666666666,0.6666666666666666,0.6666666666666666,0.0,0.3333333333333333,0.0,0.6666666666666666,0.0
141,0.3333333333333333,0.0,0.3333333333333333,0.6666666666666666,0.3333333333333333,0.3333333333333333,0.3333333333333333,0.3333333333333333,0.3333333333333333,0.3333333333333333,0.3333333333333333,0.3333333333333333,0.0,0.3333333333333333,0.6666666666666666,0.3333333333333333,0.3333333333333333,0.3333333333333333,0.3333333333333333,0.3333333333333333,0.3333333333333333,0.3333333333333333,0.0,0.3333333333333333,0.0,0.3333333333333333,0.0
142,0.2,0.0,0.2,0.8,0.2,0.2,0.2,0.2,0.2,0.2,0.2,0.2,0.0,0.2,0.8,0.2,0.2,0.2,0.2,0.2,0.2,0.2,0.0,0.2,0.0,0.2,0.0
143,0.0,0.0,0.0,1.0,0.0,0.0,0.0,0.0,0.0,0.0,0.0,0.3333333333333333,0.0,0.3333333333333333,0.6666666666666666,0.3333333333333333,0.3333333333333333,0.3333333333333333,0.3333333333333333,0.3333333333333333,0.3333333333333333,0.3333333333333333,0.0,0.0,0.0,0.3333333333333333,0.0
144,0.16379310344827586,0.0,0.16379310344827586,0.8362068965517241,0.16379310344827586,0.16379310344827586,0.16379310344827586,0.16379310344827586,0.16379310344827586,0.16379310344827586,0.16379310344827586,0.853448275862069,0.0,0.853448275862069,0.14655172413793102,0.853448275862069,0.853448275862069,0.853448275862069,0.853448275862069,0.853448275862069,0.853448275862069,0.853448275862069,0.0,0.16379310344827586,0.0,0.853448275862069,0.0
145,0.25,0.0,0.25,0.75,0.25,0.25,0.25,0.25,0.25,0.25,0.25,0.46875,0.0,0.46875,0.53125,0.46875,0.46875,0.46875,0.46875,0.46875,0.46875,0.46875,0.0,0.25,0.0,0.46875,0.0
146,0.0,0.0,0.0,1.0,0.0,0.0,0.0,0.0,0.0,0.0,0.0,0.0,0.0,0.0,1.0,0.0,0.0,0.0,0.0,0.0,0.0,0.0,0.0,0.0,0.0,0.0,0.0
147,0.8333333333333334,0.0,0.8333333333333334,0.16666666666666666,0.8333333333333334,0.8333333333333334,0.8333333333333334,0.8333333333333334,0.8333333333333334,0.8333333333333334,0.8333333333333334,0.8333333333333334,0.0,0.8333333333333334,0.16666666666666666,0.8333333333333334,0.8333333333333334,0.8333333333333334,0.8333333333333334,0.8333333333333334,0.8333333333333334,0.8333333333333334,0.0,0.8333333333333334,0.0,0.8333333333333334,0.0
148,0.09278350515463918,0.0,0.09278350515463918,0.9072164948453608,0.09278350515463918,0.09278350515463918,0.09278350515463918,0.09278350515463918,0.09278350515463918,0.09278350515463918,0.09278350515463918,0.33505154639175255,0.0,0.33505154639175255,0.6649484536082474,0.33505154639175255,0.33505154639175255,0.33505154639175255,0.33505154639175255,0.33505154639175255,0.33505154639175255,0.33505154639175255,0.010309278350515464,0.09278350515463918,0.0,0.33505154639175255,0.0
150,0.8095238095238095,0.0,0.8095238095238095,0.19047619047619047,0.8095238095238095,0.8095238095238095,0.8095238095238095,0.8095238095238095,0.8095238095238095,0.8095238095238095,0.8095238095238095,0.9523809523809523,0.0,0.9523809523809523,0.047619047619047616,0.9523809523809523,0.9523809523809523,0.9523809523809523,0.9523809523809523,0.9523809523809523,0.9523809523809523,0.9523809523809523,0.0,0.8095238095238095,0.0,0.9523809523809523,0.0
151,0.015873015873015872,0.0,0.015873015873015872,0.9841269841269841,0.015873015873015872,0.015873015873015872,0.015873015873015872,0.015873015873015872,0.015873015873015872,0.015873015873015872,0.015873015873015872,0.08095238095238096,0.0,0.08095238095238096,0.919047619047619,0.08095238095238096,0.08095238095238096,0.08095238095238096,0.08095238095238096,0.08095238095238096,0.08095238095238096,0.08095238095238096,0.0,0.015873015873015872,0.0,0.08095238095238096,0.0
153,0.10344827586206896,0.0,0.10344827586206896,0.896551724137931,0.10344827586206896,0.10344827586206896,0.10344827586206896,0.10344827586206896,0.10344827586206896,0.10344827586206896,0.10344827586206896,0.296551724137931,0.0,0.296551724137931,0.7034482758620689,0.296551724137931,0.296551724137931,0.296551724137931,0.296551724137931,0.296551724137931,0.296551724137931,0.296551724137931,0.020689655172413793,0.10344827586206896,0.0,0.296551724137931,0.0
155,0.5,0.0,0.5,0.5,0.5,0.5,0.5,0.5,0.5,0.5,0.5,0.5,0.0,0.5,0.5,0.5,0.5,0.5,0.5,0.5,0.5,0.5,0.0,0.5,0.0,0.5,0.0
158,0.3181818181818182,0.0,0.3181818181818182,0.6818181818181818,0.3181818181818182,0.3181818181818182,0.3181818181818182,0.3181818181818182,0.3181818181818182,0.3181818181818182,0.3181818181818182,0.7727272727272727,0.0,0.7727272727272727,0.22727272727272727,0.7727272727272727,0.7727272727272727,0.7727272727272727,0.7727272727272727,0.7727272727272727,0.7727272727272727,0.7727272727272727,0.0,0.3181818181818182,0.0,0.7727272727272727,0.0
159,0.1935483870967742,0.0,0.1935483870967742,0.8064516129032258,0.1935483870967742,0.1935483870967742,0.1935483870967742,0.1935483870967742,0.1935483870967742,0.1935483870967742,0.1935483870967742,0.8064516129032258,0.0,0.8064516129032258,0.1935483870967742,0.8064516129032258,0.8064516129032258,0.8064516129032258,0.8064516129032258,0.8064516129032258,0.8064516129032258,0.8064516129032258,0.0,0.1935483870967742,0.0,0.8064516129032258,0.0
160,0.07964601769911504,0.0,0.07964601769911504,0.9203539823008849,0.07964601769911504,0.07964601769911504,0.07964601769911504,0.07964601769911504,0.07964601769911504,0.07964601769911504,0.07964601769911504,0.3584070796460177,0.0,0.3584070796460177,0.6415929203539823,0.3584070796460177,0.3584070796460177,0.3584070796460177,0.3584070796460177,0.3584070796460177,0.3584070796460177,0.3584070796460177,0.0,0.07964601769911504,0.0,0.3584070796460177,0.0
161,0.05263157894736842,0.0,0.05263157894736842,0.9473684210526315,0.05263157894736842,0.05263157894736842,0.05263157894736842,0.05263157894736842,0.05263157894736842,0.05263157894736842,0.05263157894736842,0.07894736842105263,0.0,0.07894736842105263,0.9210526315789473,0.07894736842105263,0.07894736842105263,0.07894736842105263,0.07894736842105263,0.07894736842105263,0.07894736842105263,0.07894736842105263,0.0,0.05263157894736842,0.0,0.07894736842105263,0.0
163,0.3404255319148936,0.0,0.3404255319148936,0.6595744680851063,0.3404255319148936,0.3404255319148936,0.3404255319148936,0.3404255319148936,0.3404255319148936,0.3404255319148936,0.3404255319148936,0.9787234042553191,0.0,0.9787234042553191,0.02127659574468085,0.9787234042553191,0.9787234042553191,0.9787234042553191,0.9787234042553191,0.9787234042553191,0.9787234042553191,0.9787234042553191,0.0,0.3404255319148936,0.0,0.9787234042553191,0.0
164,0.0390625,0.0,0.0390625,0.9609375,0.0390625,0.0390625,0.0390625,0.0390625,0.0390625,0.0390625,0.0390625,0.0625,0.0,0.0625,0.9375,0.0625,0.0625,0.0625,0.0625,0.0625,0.0625,0.0625,0.0,0.0390625,0.0,0.0625,0.0
165,0.08695652173913043,0.0,0.08695652173913043,0.9130434782608695,0.08695652173913043,0.08695652173913043,0.08695652173913043,0.08695652173913043,0.08695652173913043,0.08695652173913043,0.08695652173913043,0.2753623188405797,0.0,0.2753623188405797,0.7246376811594203,0.2753623188405797,0.2753623188405797,0.2753623188405797,0.2753623188405797,0.2753623188405797,0.2753623188405797,0.2753623188405797,0.0,0.08695652173913043,0.0,0.2753623188405797,0.0
166,0.6538461538461539,0.0,0.6538461538461539,0.34615384615384615,0.6538461538461539,0.6538461538461539,0.6538461538461539,0.6538461538461539,0.6538461538461539,0.6538461538461539,0.6538461538461539,0.8846153846153846,0.0,0.8846153846153846,0.11538461538461539,0.8846153846153846,0.8846153846153846,0.8846153846153846,0.8846153846153846,0.8846153846153846,0.8846153846153846,0.8846153846153846,0.0,0.6538461538461539,0.0,0.8846153846153846,0.0
167,0.19540229885057472,0.0,0.19540229885057472,0.8045977011494253,0.19540229885057472,0.19540229885057472,0.19540229885057472,0.19540229885057472,0.19540229885057472,0.19540229885057472,0.19540229885057472,0.5862068965517241,0.0,0.5862068965517241,0.41379310344827586,0.5862068965517241,0.5862068965517241,0.5862068965517241,0.5862068965517241,0.5862068965517241,0.5862068965517241,0.5862068965517241,0.0,0.19540229885057472,0.0,0.5862068965517241,0.0
169,0.037037037037037035,0.0,0.037037037037037035,0.9629629629629629,0.037037037037037035,0.037037037037037035,0.037037037037037035,0.037037037037037035,0.037037037037037035,0.037037037037037035,0.037037037037037035,0.07407407407407407,0.0,0.07407407407407407,0.9259259259259259,0.07407407407407407,0.07407407407407407,0.07407407407407407,0.07407407407407407,0.07407407407407407,0.07407407407407407,0.07407407407407407,0.0,0.037037037037037035,0.0,0.07407407407407407,0.0
170,0.16161616161616163,0.0,0.16161616161616163,0.8383838383838383,0.16161616161616163,0.16161616161616163,0.16161616161616163,0.16161616161616163,0.16161616161616163,0.16161616161616163,0.16161616161616163,0.6262626262626263,0.0,0.6262626262626263,0.37373737373737376,0.6262626262626263,0.6262626262626263,0.6262626262626263,0.6262626262626263,0.6262626262626263,0.6262626262626263,0.6262626262626263,0.0,0.16161616161616163,0.0,0.6262626262626263,0.0
172,0.47619047619047616,0.0,0.47619047619047616,0.5238095238095238,0.47619047619047616,0.47619047619047616,0.47619047619047616,0.47619047619047616,0.47619047619047616,0.47619047619047616,0.47619047619047616,0.9047619047619048,0.0,0.9047619047619048,0.09523809523809523,0.9047619047619048,0.9047619047619048,0.9047619047619048,0.9047619047619048,0.9047619047619048,0.9047619047619048,0.9047619047619048,0.0,0.47619047619047616,0.0,0.9047619047619048,0.0
173,0.0,0.0,0.0,1.0,0.0,0.0,0.0,0.0,0.0,0.0,0.0,0.0,0.0,0.0,1.0,0.0,0.0,0.0,0.0,0.0,0.0,0.0,0.0,0.0,0.0,0.0,0.0
175,0.2857142857142857,0.0,0.2857142857142857,0.7142857142857143,0.2857142857142857,0.2857142857142857,0.2857142857142857,0.2857142857142857,0.2857142857142857,0.2857142857142857,0.2857142857142857,0.6571428571428571,0.0,0.6571428571428571,0.34285714285714286,0.6571428571428571,0.6571428571428571,0.6571428571428571,0.6571428571428571,0.6571428571428571,0.6571428571428571,0.6571428571428571,0.0,0.2857142857142857,0.0,0.6571428571428571,0.0
176,0.5217391304347826,0.0,0.5217391304347826,0.4782608695652174,0.5217391304347826,0.5217391304347826,0.5217391304347826,0.5217391304347826,0.5217391304347826,0.5217391304347826,0.5217391304347826,0.782608695652174,0.0,0.782608695652174,0.21739130434782608,0.782608695652174,0.782608695652174,0.782608695652174,0.782608695652174,0.782608695652174,0.782608695652174,0.782608695652174,0.0,0.5217391304347826,0.0,0.782608695652174,0.0
177,0.25,0.0,0.25,0.75,0.25,0.25,0.25,0.25,0.25,0.25,0.25,0.375,0.0,0.375,0.625,0.375,0.375,0.375,0.375,0.375,0.375,0.375,0.0,0.25,0.0,0.375,0.0
178,0.375,0.0,0.375,0.625,0.375,0.375,0.375,0.375,0.375,0.375,0.375,1.0,0.0,1.0,0.0,1.0,1.0,1.0,1.0,1.0,1.0,1.0,0.0,0.375,0.0,1.0,0.0
180,0.125,0.0,0.125,0.875,0.125,0.125,0.125,0.125,0.125,0.125,0.125,0.5,0.0,0.5,0.5,0.5,0.5,0.5,0.5,0.5,0.5,0.5,0.0,0.125,0.0,0.5,0.0
182,0.3103448275862069,0.0,0.3103448275862069,0.6896551724137931,0.3103448275862069,0.3103448275862069,0.3103448275862069,0.3103448275862069,0.3103448275862069,0.3103448275862069,0.3103448275862069,1.0,0.0,1.0,0.0,1.0,1.0,1.0,1.0,1.0,1.0,1.0,0.0,0.3103448275862069,0.0,1.0,0.0
183,0.6666666666666666,0.0,0.6666666666666666,0.3333333333333333,0.6666666666666666,0.6666666666666666,0.6666666666666666,0.6666666666666666,0.6666666666666666,0.6666666666666666,0.6666666666666666,1.0,0.0,1.0,0.0,1.0,1.0,1.0,1.0,1.0,1.0,1.0,0.0,0.6666666666666666,0.0,1.0,0.0
184,0.2033898305084746,0.0,0.2033898305084746,0.7966101694915254,0.2033898305084746,0.2033898305084746,0.2033898305084746,0.2033898305084746,0.2033898305084746,0.2033898305084746,0.2033898305084746,0.6779661016949152,0.0,0.6779661016949152,0.3220338983050847,0.6779661016949152,0.6779661016949152,0.6779661016949152,0.6779661016949152,0.6779661016949152,0.6779661016949152,0.6779661016949152,0.0,0.2033898305084746,0.0,0.6779661016949152,0.0
185,0.5882352941176471,0.0,0.5882352941176471,0.4117647058823529,0.5882352941176471,0.5882352941176471,0.5882352941176471,0.5882352941176471,0.5882352941176471,0.5882352941176471,0.5882352941176471,1.0,0.0,1.0,0.0,1.0,1.0,1.0,1.0,1.0,1.0,1.0,0.0,0.5882352941176471,0.0,1.0,0.0
186,0.5,0.0,0.5,0.5,0.5,0.5,0.5,0.5,0.5,0.5,0.5,0.75,0.0,0.75,0.25,0.75,0.75,0.75,0.75,0.75,0.75,0.75,0.0,0.5,0.0,0.75,0.0
189,0.22580645161290322,0.0,0.22580645161290322,0.7741935483870968,0.22580645161290322,0.22580645161290322,0.22580645161290322,0.22580645161290322,0.22580645161290322,0.22580645161290322,0.22580645161290322,0.5483870967741935,0.0,0.5483870967741935,0.45161290322580644,0.5483870967741935,0.5483870967741935,0.5483870967741935,0.5483870967741935,0.5483870967741935,0.5483870967741935,0.5483870967741935,0.0,0.22580645161290322,0.0,0.5483870967741935,0.0
190,0.0,0.0,0.0,1.0,0.0,0.0,0.0,0.0,0.0,0.0,0.0,0.0,0.0,0.0,1.0,0.0,0.0,0.0,0.0,0.0,0.0,0.0,0.0,0.0,0.0,0.0,0.0
195,1.0,0.0,1.0,0.0,1.0,1.0,1.0,1.0,1.0,1.0,1.0,1.0,0.0,1.0,0.0,1.0,1.0,1.0,1.0,1.0,1.0,1.0,0.0,1.0,0.0,1.0,0.0
197,0.43478260869565216,0.0,0.43478260869565216,0.5652173913043478,0.43478260869565216,0.43478260869565216,0.43478260869565216,0.43478260869565216,0.43478260869565216,0.43478260869565216,0.43478260869565216,0.9565217391304348,0.0,0.9565217391304348,0.043478260869565216,0.9565217391304348,0.9565217391304348,0.9565217391304348,0.9565217391304348,0.9565217391304348,0.9565217391304348,0.9565217391304348,0.0,0.43478260869565216,0.0,0.9565217391304348,0.0
198,0.4,0.0,0.4,0.6,0.4,0.4,0.4,0.4,0.4,0.4,0.4,0.7,0.0,0.7,0.3,0.7,0.7,0.7,0.7,0.7,0.7,0.7,0.0,0.4,0.0,0.7,0.0
200,1.0,0.0,1.0,0.0,1.0,1.0,1.0,1.0,1.0,1.0,1.0,1.0,0.0,1.0,0.0,1.0,1.0,1.0,1.0,1.0,1.0,1.0,0.0,1.0,0.0,1.0,0.0
202,0.24444444444444444,0.0,0.24444444444444444,0.7555555555555555,0.24444444444444444,0.24444444444444444,0.24444444444444444,0.24444444444444444,0.24444444444444444,0.24444444444444444,0.24444444444444444,0.5777777777777777,0.0,0.5777777777777777,0.4222222222222222,0.5777777777777777,0.5777777777777777,0.5777777777777777,0.5777777777777777,0.5777777777777777,0.5777777777777777,0.5777777777777777,0.0,0.24444444444444444,0.0,0.5777777777777777,0.0
203,0.4,0.0,0.4,0.6,0.4,0.4,0.4,0.4,0.4,0.4,0.4,1.0,0.0,1.0,0.0,1.0,1.0,1.0,1.0,1.0,1.0,1.0,0.0,0.4,0.0,1.0,0.0
204,0.14285714285714285,0.0,0.14285714285714285,0.8571428571428571,0.14285714285714285,0.14285714285714285,0.14285714285714285,0.14285714285714285,0.14285714285714285,0.14285714285714285,0.14285714285714285,0.8571428571428571,0.0,0.8571428571428571,0.14285714285714285,0.8571428571428571,0.8571428571428571,0.8571428571428571,0.8571428571428571,0.8571428571428571,0.8571428571428571,0.8571428571428571,0.0,0.14285714285714285,0.0,0.8571428571428571,0.0
206,1.0,0.0,1.0,0.0,1.0,1.0,1.0,1.0,1.0,1.0,1.0,1.0,0.0,1.0,0.0,1.0,1.0,1.0,1.0,1.0,1.0,1.0,0.0,1.0,0.0,1.0,0.0
210,0.5555555555555556,0.0,0.5555555555555556,0.4444444444444444,0.5555555555555556,0.5555555555555556,0.5555555555555556,0.5555555555555556,0.5555555555555556,0.5555555555555556,0.5555555555555556,1.0,0.0,1.0,0.0,1.0,1.0,1.0,1.0,1.0,1.0,1.0,0.0,0.5555555555555556,0.0,1.0,0.0
212,1.0,0.0,1.0,0.0,1.0,1.0,1.0,1.0,1.0,1.0,1.0,1.0,0.0,1.0,0.0,1.0,1.0,1.0,1.0,1.0,1.0,1.0,0.0,1.0,0.0,1.0,0.0
213,1.0,0.0,1.0,0.0,1.0,1.0,1.0,1.0,1.0,1.0,1.0,1.0,0.0,1.0,0.0,1.0,1.0,1.0,1.0,1.0,1.0,1.0,0.0,1.0,0.0,1.0,0.0
215,0.13333333333333333,0.0,0.13333333333333333,0.8666666666666667,0.13333333333333333,0.13333333333333333,0.13333333333333333,0.13333333333333333,0.13333333333333333,0.13333333333333333,0.13333333333333333,0.4666666666666667,0.0,0.4666666666666667,0.5333333333333333,0.4666666666666667,0.4666666666666667,0.4666666666666667,0.4666666666666667,0.4666666666666667,0.4666666666666667,0.4666666666666667,0.0,0.13333333333333333,0.0,0.4666666666666667,0.0
216,0.625,0.0,0.625,0.375,0.625,0.625,0.625,0.625,0.625,0.625,0.625,0.875,0.0,0.875,0.125,0.875,0.875,0.875,0.875,0.875,0.875,0.875,0.0,0.625,0.0,0.875,0.0
220,0.25,0.0,0.25,0.75,0.25,0.25,0.25,0.25,0.25,0.25,0.25,0.9230769230769231,0.0,0.9230769230769231,0.07692307692307693,0.9230769230769231,0.9230769230769231,0.9230769230769231,0.9230769230769231,0.9230769230769231,0.9230769230769231,0.9230769230769231,0.0,0.25,0.0,0.9230769230769231,0.0
221,0.0958904109589041,0.0,0.0958904109589041,0.9041095890410958,0.0958904109589041,0.0958904109589041,0.0958904109589041,0.0958904109589041,0.0958904109589041,0.0958904109589041,0.0958904109589041,0.410958904109589,0.0,0.410958904109589,0.589041095890411,0.410958904109589,0.410958904109589,0.410958904109589,0.410958904109589,0.410958904109589,0.410958904109589,0.410958904109589,0.0,0.0958904109589041,0.0,0.410958904109589,0.0
222,0.0,0.0,0.0,1.0,0.0,0.0,0.0,0.0,0.0,0.0,0.0,0.03225806451612903,0.0,0.03225806451612903,0.967741935483871,0.03225806451612903,0.03225806451612903,0.03225806451612903,0.03225806451612903,0.03225806451612903,0.03225806451612903,0.03225806451612903,0.03225806451612903,0.0,0.0,0.03225806451612903,0.0
223,1.0,0.0,1.0,0.0,1.0,1.0,1.0,1.0,1.0,1.0,1.0,1.0,0.0,1.0,0.0,1.0,1.0,1.0,1.0,1.0,1.0,1.0,0.0,1.0,0.0,1.0,0.0
226,0.06091370558375635,0.0,0.06091370558375635,0.9390862944162437,0.06091370558375635,0.06091370558375635,0.06091370558375635,0.06091370558375635,0.06091370558375635,0.06091370558375635,0.06091370558375635,0.3248730964467005,0.0,0.3248730964467005,0.6751269035532995,0.3248730964467005,0.3248730964467005,0.3248730964467005,0.3248730964467005,0.3248730964467005,0.3248730964467005,0.3248730964467005,0.0,0.06091370558375635,0.0,0.3248730964467005,0.0
227,0.11363636363636363,0.0,0.11363636363636363,0.8863636363636364,0.11363636363636363,0.11363636363636363,0.11363636363636363,0.11363636363636363,0.11363636363636363,0.11363636363636363,0.11363636363636363,0.5681818181818182,0.0,0.5681818181818182,0.4318181818181818,0.5681818181818182,0.5681818181818182,0.5681818181818182,0.5681818181818182,0.5681818181818182,0.5681818181818182,0.5681818181818182,0.0,0.11363636363636363,0.0,0.5681818181818182,0.0
229,0.14285714285714285,0.0,0.14285714285714285,0.8571428571428571,0.14285714285714285,0.14285714285714285,0.14285714285714285,0.14285714285714285,0.14285714285714285,0.14285714285714285,0.14285714285714285,0.6992481203007519,0.0,0.6992481203007519,0.3007518796992481,0.6992481203007519,0.6992481203007519,0.6992481203007519,0.6992481203007519,0.6992481203007519,0.6992481203007519,0.6992481203007519,0.0,0.14285714285714285,0.0,0.6992481203007519,0.0
230,0.05263157894736842,0.0,0.05263157894736842,0.9473684210526315,0.05263157894736842,0.05263157894736842,0.05263157894736842,0.05263157894736842,0.05263157894736842,0.05263157894736842,0.05263157894736842,0.2412280701754386,0.0,0.2412280701754386,0.7587719298245614,0.2412280701754386,0.2412280701754386,0.2412280701754386,0.2412280701754386,0.2412280701754386,0.2412280701754386,0.2412280701754386,0.008771929824561403,0.05263157894736842,0.0,0.2412280701754386,0.0
231,0.06514657980456026,0.0,0.06514657980456026,0.9348534201954397,0.06514657980456026,0.06514657980456026,0.06514657980456026,0.06514657980456026,0.06514657980456026,0.06514657980456026,0.06514657980456026,0.32247557003257327,0.0,0.32247557003257327,0.6775244299674267,0.32247557003257327,0.32247557003257327,0.32247557003257327,0.32247557003257327,0.32247557003257327,0.32247557003257327,0.32247557003257327,0.0,0.06514657980456026,0.0,0.32247557003257327,0.0
232,0.03309692671394799,0.0,0.03309692671394799,0.966903073286052,0.03309692671394799,0.03309692671394799,0.03309692671394799,0.03309692671394799,0.03309692671394799,0.03309692671394799,0.03309692671394799,0.1607565011820331,0.0,0.1607565011820331,0.8392434988179669,0.1607565011820331,0.1607565011820331,0.1607565011820331,0.1607565011820331,0.1607565011820331,0.1607565011820331,0.1607565011820331,0.0,0.03309692671394799,0.0,0.1607565011820331,0.0
233,0.16049382716049382,0.0,0.16049382716049382,0.8395061728395061,0.16049382716049382,0.16049382716049382,0.16049382716049382,0.16049382716049382,0.16049382716049382,0.16049382716049382,0.16049382716049382,0.4567901234567901,0.0,0.4567901234567901,0.5432098765432098,0.4567901234567901,0.4567901234567901,0.4567901234567901,0.4567901234567901,0.4567901234567901,0.4567901234567901,0.4567901234567901,0.0,0.16049382716049382,0.0,0.4567901234567901,0.0
234,0.18691588785046728,0.0,0.18691588785046728,0.8130841121495327,0.18691588785046728,0.18691588785046728,0.18691588785046728,0.18691588785046728,0.18691588785046728,0.18691588785046728,0.18691588785046728,0.8037383177570093,0.0,0.8037383177570093,0.19626168224299065,0.8037383177570093,0.8037383177570093,0.8037383177570093,0.8037383177570093,0.8037383177570093,0.8037383177570093,0.8037383177570093,0.0,0.18691588785046728,0.0,0.8037383177570093,0.0
235,0.14285714285714285,0.0,0.14285714285714285,0.8571428571428571,0.14285714285714285,0.14285714285714285,0.14285714285714285,0.14285714285714285,0.14285714285714285,0.14285714285714285,0.14285714285714285,0.45112781954887216,0.0,0.45112781954887216,0.5488721804511278,0.45112781954887216,0.45112781954887216,0.45112781954887216,0.45112781954887216,0.45112781954887216,0.45112781954887216,0.45112781954887216,0.0,0.14285714285714285,0.0,0.45112781954887216,0.0
236,0.20689655172413793,0.0,0.20689655172413793,0.7931034482758621,0.20689655172413793,0.20689655172413793,0.20689655172413793,0.20689655172413793,0.20689655172413793,0.20689655172413793,0.20689655172413793,0.5517241379310345,0.0,0.5517241379310345,0.4482758620689655,0.5517241379310345,0.5517241379310345,0.5517241379310345,0.5517241379310345,0.5517241379310345,0.5517241379310345,0.5517241379310345,0.0,0.20689655172413793,0.0,0.5517241379310345,0.0
238,0.16666666666666666,0.0,0.16666666666666666,0.8333333333333334,0.16666666666666666,0.16666666666666666,0.16666666666666666,0.16666666666666666,0.16666666666666666,0.16666666666666666,0.16666666666666666,0.5740740740740741,0.0,0.5740740740740741,0.42592592592592593,0.5740740740740741,0.5740740740740741,0.5740740740740741,0.5740740740740741,0.5740740740740741,0.5740740740740741,0.5740740740740741,0.0,0.16666666666666666,0.0,0.5740740740740741,0.0
239,0.11643835616438356,0.0,0.11643835616438356,0.8835616438356164,0.11643835616438356,0.11643835616438356,0.11643835616438356,0.11643835616438356,0.11643835616438356,0.11643835616438356,0.11643835616438356,0.5205479452054794,0.0,0.5205479452054794,0.4794520547945205,0.5205479452054794,0.5205479452054794,0.5205479452054794,0.5205479452054794,0.5205479452054794,0.5205479452054794,0.5205479452054794,0.0,0.11643835616438356,0.0,0.5205479452054794,0.0
241,0.10135135135135136,0.0,0.10135135135135136,0.8986486486486487,0.10135135135135136,0.10135135135135136,0.10135135135135136,0.10135135135135136,0.10135135135135136,0.10135135135135136,0.10135135135135136,0.5202702702702703,0.0,0.5202702702702703,0.4797297297297297,0.5202702702702703,0.5202702702702703,0.5202702702702703,0.5202702702702703,0.5202702702702703,0.5202702702702703,0.5202702702702703,0.0,0.10135135135135136,0.0,0.5202702702702703,0.0
242,0.045714285714285714,0.0,0.045714285714285714,0.9542857142857143,0.045714285714285714,0.045714285714285714,0.045714285714285714,0.045714285714285714,0.045714285714285714,0.045714285714285714,0.045714285714285714,0.2342857142857143,0.0,0.2342857142857143,0.7657142857142857,0.2342857142857143,0.2342857142857143,0.2342857142857143,0.2342857142857143,0.2342857142857143,0.2342857142857143,0.2342857142857143,0.0,0.045714285714285714,0.0,0.2342857142857143,0.0
243,0.13333333333333333,0.0,0.13333333333333333,0.8666666666666667,0.13333333333333333,0.13333333333333333,0.13333333333333333,0.13333333333333333,0.13333333333333333,0.13333333333333333,0.13333333333333333,0.5851851851851851,0.0,0.5851851851851851,0.4148148148148148,0.5851851851851851,0.5851851851851851,0.5851851851851851,0.5851851851851851,0.5851851851851851,0.5851851851851851,0.5851851851851851,0.0,0.13333333333333333,0.0,0.5851851851851851,0.0
244,0.1111111111111111,0.0,0.1111111111111111,0.8888888888888888,0.1111111111111111,0.1111111111111111,0.1111111111111111,0.1111111111111111,0.1111111111111111,0.1111111111111111,0.1111111111111111,0.4444444444444444,0.0,0.4444444444444444,0.5555555555555556,0.4444444444444444,0.4444444444444444,0.4444444444444444,0.4444444444444444,0.4444444444444444,0.4444444444444444,0.4444444444444444,0.0,0.1111111111111111,0.0,0.4444444444444444,0.0
245,0.3508771929824561,0.0,0.3508771929824561,0.6491228070175439,0.3508771929824561,0.3508771929824561,0.3508771929824561,0.3508771929824561,0.3508771929824561,0.3508771929824561,0.3508771929824561,0.8771929824561403,0.0,0.8771929824561403,0.12280701754385964,0.8771929824561403,0.8771929824561403,0.8771929824561403,0.8771929824561403,0.8771929824561403,0.8771929824561403,0.8771929824561403,0.0,0.3508771929824561,0.0,0.8771929824561403,0.0
246,0.5833333333333334,0.0,0.5833333333333334,0.4166666666666667,0.5833333333333334,0.5833333333333334,0.5833333333333334,0.5833333333333334,0.5833333333333334,0.5833333333333334,0.5833333333333334,0.75,0.0,0.75,0.25,0.75,0.75,0.75,0.75,0.75,0.75,0.75,0.0,0.5833333333333334,0.0,0.75,0.0
247,0.5,0.0,0.5,0.5,0.5,0.5,0.5,0.5,0.5,0.5,0.5,0.925,0.0,0.925,0.075,0.925,0.925,0.925,0.925,0.925,0.925,0.925,0.0,0.5,0.0,0.925,0.0
248,0.5128205128205128,0.0,0.5128205128205128,0.48717948717948717,0.5128205128205128,0.5128205128205128,0.5128205128205128,0.5128205128205128,0.5128205128205128,0.5128205128205128,0.5128205128205128,0.9743589743589743,0.0,0.9743589743589743,0.02564102564102564,0.9743589743589743,0.9743589743589743,0.9743589743589743,0.9743589743589743,0.9743589743589743,0.9743589743589743,0.9743589743589743,0.0,0.5128205128205128,0.0,0.9743589743589743,0.0
249,0.1532258064516129,0.0,0.1532258064516129,0.8467741935483871,0.1532258064516129,0.1532258064516129,0.1532258064516129,0.1532258064516129,0.1532258064516129,0.1532258064516129,0.1532258064516129,0.6532258064516129,0.0,0.6532258064516129,0.3467741935483871,0.6532258064516129,0.6532258064516129,0.6532258064516129,0.6532258064516129,0.6532258064516129,0.6532258064516129,0.6532258064516129,0.0,0.1532258064516129,0.0,0.6532258064516129,0.0
250,0.1875,0.0,0.1875,0.8125,0.1875,0.1875,0.1875,0.1875,0.1875,0.1875,0.1875,0.4583333333333333,0.0,0.4583333333333333,0.5416666666666666,0.4583333333333333,0.4583333333333333,0.4583333333333333,0.4583333333333333,0.4583333333333333,0.4583333333333333,0.4583333333333333,0.0,0.1875,0.0,0.4583333333333333,0.0
251,0.2111111111111111,0.0,0.2111111111111111,0.7888888888888889,0.2111111111111111,0.2111111111111111,0.2111111111111111,0.2111111111111111,0.2111111111111111,0.2111111111111111,0.2111111111111111,0.7222222222222222,0.0,0.7222222222222222,0.2777777777777778,0.7222222222222222,0.7222222222222222,0.7222222222222222,0.7222222222222222,0.7222222222222222,0.7222222222222222,0.7222222222222222,0.0,0.2111111111111111,0.0,0.7222222222222222,0.0
252,0.01,0.0,0.01,0.99,0.01,0.01,0.01,0.01,0.01,0.01,0.01,0.14,0.0,0.14,0.86,0.14,0.14,0.14,0.14,0.14,0.14,0.14,0.0,0.01,0.0,0.14,0.0
253,0.2,0.0,0.2,0.8,0.2,0.2,0.2,0.2,0.2,0.2,0.2,0.4,0.0,0.4,0.6,0.4,0.4,0.4,0.4,0.4,0.4,0.4,0.0,0.2,0.0,0.4,0.0
254,0.022900763358778626,0.0,0.022900763358778626,0.9770992366412213,0.022900763358778626,0.022900763358778626,0.022900763358778626,0.022900763358778626,0.022900763358778626,0.022900763358778626,0.022900763358778626,0.11450381679389313,0.0,0.11450381679389313,0.8854961832061069,0.11450381679389313,0.11450381679389313,0.11450381679389313,0.11450381679389313,0.11450381679389313,0.11450381679389313,0.11450381679389313,0.0,0.022900763358778626,0.0,0.11450381679389313,0.0
255,0.17757009345794392,0.0,0.17757009345794392,0.822429906542056,0.17757009345794392,0.17757009345794392,0.17757009345794392,0.17757009345794392,0.17757009345794392,0.17757009345794392,0.17757009345794392,0.6728971962616822,0.0,0.6728971962616822,0.32710280373831774,0.6728971962616822,0.6728971962616822,0.6728971962616822,0.6728971962616822,0.6728971962616822,0.6728971962616822,0.6728971962616822,0.0,0.17757009345794392,0.0,0.6728971962616822,0.0
257,0.12121212121212122,0.0,0.12121212121212122,0.8787878787878788,0.12121212121212122,0.12121212121212122,0.12121212121212122,0.12121212121212122,0.12121212121212122,0.12121212121212122,0.12121212121212122,0.5075757575757576,0.0,0.5075757575757576,0.49242424242424243,0.5075757575757576,0.5075757575757576,0.5075757575757576,0.5075757575757576,0.5075757575757576,0.5075757575757576,0.5075757575757576,0.0,0.12121212121212122,0.0,0.5075757575757576,0.0
260,0.6153846153846154,0.0,0.6153846153846154,0.38461538461538464,0.6153846153846154,0.6153846153846154,0.6153846153846154,0.6153846153846154,0.6153846153846154,0.6153846153846154,0.6153846153846154,1.0,0.0,1.0,0.0,1.0,1.0,1.0,1.0,1.0,1.0,1.0,0.0,0.6153846153846154,0.0,1.0,0.0
263,0.10666666666666667,0.0,0.10666666666666667,0.8933333333333333,0.10666666666666667,0.10666666666666667,0.10666666666666667,0.10666666666666667,0.10666666666666667,0.10666666666666667,0.10666666666666667,0.68,0.0,0.68,0.32,0.68,0.68,0.68,0.68,0.68,0.68,0.68,0.0,0.10666666666666667,0.0,0.68,0.0
264,1.0,0.0,1.0,0.0,1.0,1.0,1.0,1.0,1.0,1.0,1.0,1.0,0.0,1.0,0.0,1.0,1.0,1.0,1.0,1.0,1.0,1.0,0.0,1.0,0.0,1.0,0.0
266,0.0,0.0,0.0,1.0,0.0,0.0,0.0,0.0,0.0,0.0,0.0,0.0,0.0,0.0,1.0,0.0,0.0,0.0,0.0,0.0,0.0,0.0,0.0,0.0,0.0,0.0,0.0
267,1.0,0.0,1.0,0.0,1.0,1.0,1.0,1.0,1.0,1.0,1.0,1.0,0.0,1.0,0.0,1.0,1.0,1.0,1.0,1.0,1.0,1.0,0.0,1.0,0.0,1.0,0.0
268,1.0,0.0,1.0,0.0,1.0,1.0,1.0,1.0,1.0,1.0,1.0,1.0,0.0,1.0,0.0,1.0,1.0,1.0,1.0,1.0,1.0,1.0,0.0,1.0,0.0,1.0,0.0
270,0.42857142857142855,0.0,0.42857142857142855,0.5714285714285714,0.42857142857142855,0.42857142857142855,0.42857142857142855,0.42857142857142855,0.42857142857142855,0.42857142857142855,0.42857142857142855,1.0,0.0,1.0,0.0,1.0,1.0,1.0,1.0,1.0,1.0,1.0,0.0,0.42857142857142855,0.0,1.0,0.0
271,0.0,0.0,0.0,1.0,0.0,0.0,0.0,0.0,0.0,0.0,0.0,1.0,0.0,1.0,0.0,1.0,1.0,1.0,1.0,1.0,1.0,1.0,0.0,0.0,0.0,1.0,0.0
273,0.5,0.0,0.5,0.5,0.5,0.5,0.5,0.5,0.5,0.5,0.5,0.75,0.0,0.75,0.25,0.75,0.75,0.75,0.75,0.75,0.75,0.75,0.0,0.5,0.0,0.75,0.0
274,1.0,0.0,1.0,0.0,1.0,1.0,1.0,1.0,1.0,1.0,1.0,1.0,0.0,1.0,0.0,1.0,1.0,1.0,1.0,1.0,1.0,1.0,0.0,1.0,0.0,1.0,0.0
275,0.7692307692307693,0.0,0.7692307692307693,0.23076923076923078,0.7692307692307693,0.7692307692307693,0.7692307692307693,0.7692307692307693,0.7692307692307693,0.7692307692307693,0.7692307692307693,1.0,0.0,1.0,0.0,1.0,1.0,1.0,1.0,1.0,1.0,1.0,0.0,0.7692307692307693,0.0,1.0,0.0
277,0.0,0.0,0.0,1.0,0.0,0.0,0.0,0.0,0.0,0.0,0.0,0.09090909090909091,0.0,0.09090909090909091,0.9090909090909091,0.09090909090909091,0.09090909090909091,0.09090909090909091,0.09090909090909091,0.09090909090909091,0.09090909090909091,0.09090909090909091,0.0,0.0,0.0,0.09090909090909091,0.0
278,0.5714285714285714,0.0,0.5714285714285714,0.42857142857142855,0.5714285714285714,0.5714285714285714,0.5714285714285714,0.5714285714285714,0.5714285714285714,0.5714285714285714,0.5714285714285714,0.8571428571428571,0.0,0.8571428571428571,0.14285714285714285,0.8571428571428571,0.8571428571428571,0.8571428571428571,0.8571428571428571,0.8571428571428571,0.8571428571428571,0.8571428571428571,0.0,0.5714285714285714,0.0,0.8571428571428571,0.0
279,1.0,0.0,1.0,0.0,1.0,1.0,1.0,1.0,1.0,1.0,1.0,1.0,0.0,1.0,0.0,1.0,1.0,1.0,1.0,1.0,1.0,1.0,0.0,1.0,0.0,1.0,0.0
281,1.0,0.0,1.0,0.0,1.0,1.0,1.0,1.0,1.0,1.0,1.0,1.0,0.0,1.0,0.0,1.0,1.0,1.0,1.0,1.0,1.0,1.0,0.0,1.0,0.0,1.0,0.0
282,1.0,0.0,1.0,0.0,1.0,1.0,1.0,1.0,1.0,1.0,1.0,1.0,0.0,1.0,0.0,1.0,1.0,1.0,1.0,1.0,1.0,1.0,0.0,1.0,0.0,1.0,0.0
285,0.14285714285714285,0.0,0.14285714285714285,0.8571428571428571,0.14285714285714285,0.14285714285714285,0.14285714285714285,0.14285714285714285,0.14285714285714285,0.14285714285714285,0.14285714285714285,0.8571428571428571,0.0,0.8571428571428571,0.14285714285714285,0.8571428571428571,0.8571428571428571,0.8571428571428571,0.8571428571428571,0.8571428571428571,0.8571428571428571,0.8571428571428571,0.0,0.14285714285714285,0.0,0.8571428571428571,0.0
289,0.5185185185185185,0.0,0.5185185185185185,0.48148148148148145,0.5185185185185185,0.5185185185185185,0.5185185185185185,0.5185185185185185,0.5185185185185185,0.5185185185185185,0.5185185185185185,0.9629629629629629,0.0,0.9629629629629629,0.037037037037037035,0.9629629629629629,0.9629629629629629,0.9629629629629629,0.9629629629629629,0.9629629629629629,0.9629629629629629,0.9629629629629629,0.0,0.5185185185185185,0.0,0.9629629629629629,0.0
291,0.0,0.0,0.0,1.0,0.0,0.0,0.0,0.0,0.0,0.0,0.0,0.2,0.0,0.2,0.8,0.2,0.2,0.2,0.2,0.2,0.2,0.2,0.0,0.0,0.0,0.2,0.0
292,0.0,0.0,0.0,1.0,0.0,0.0,0.0,0.0,0.0,0.0,0.0,0.16666666666666666,0.0,0.16666666666666666,0.8333333333333334,0.16666666666666666,0.16666666666666666,0.16666666666666666,0.16666666666666666,0.16666666666666666,0.16666666666666666,0.16666666666666666,0.0,0.0,0.0,0.16666666666666666,0.0
295,0.16666666666666666,0.0,0.16666666666666666,0.8333333333333334,0.16666666666666666,0.16666666666666666,0.16666666666666666,0.16666666666666666,0.16666666666666666,0.16666666666666666,0.16666666666666666,0.3333333333333333,0.0,0.3333333333333333,0.6666666666666666,0.3333333333333333,0.3333333333333333,0.3333333333333333,0.3333333333333333,0.3333333333333333,0.3333333333333333,0.3333333333333333,0.0,0.16666666666666666,0.0,0.3333333333333333,0.0
296,1.0,0.0,1.0,0.0,1.0,1.0,1.0,1.0,1.0,1.0,1.0,1.0,0.0,1.0,0.0,1.0,1.0,1.0,1.0,1.0,1.0,1.0,0.0,1.0,0.0,1.0,0.0
297,0.125,0.0,0.125,0.875,0.125,0.125,0.125,0.125,0.125,0.125,0.125,0.5,0.0,0.5,0.5,0.5,0.5,0.5,0.5,0.5,0.5,0.5,0.0,0.125,0.0,0.5,0.0
298,0.2222222222222222,0.0,0.2222222222222222,0.7777777777777778,0.2222222222222222,0.2222222222222222,0.2222222222222222,0.2222222222222222,0.2222222222222222,0.2222222222222222,0.2222222222222222,1.0,0.0,1.0,0.0,1.0,1.0,1.0,1.0,1.0,1.0,1.0,0.0,0.2222222222222222,0.0,1.0,0.0
300,0.0,0.0,0.0,1.0,0.0,0.0,0.0,0.0,0.0,0.0,0.0,0.0,0.0,0.0,1.0,0.0,0.0,0.0,0.0,0.0,0.0,0.0,0.0,0.0,0.0,0.0,0.0
301,0.0,0.0,0.0,1.0,0.0,0.0,0.0,0.0,0.0,0.0,0.0,1.0,0.0,1.0,0.0,1.0,1.0,1.0,1.0,1.0,1.0,1.0,0.0,0.0,0.0,1.0,0.0
302,0.1864406779661017,0.0,0.1864406779661017,0.8135593220338984,0.1864406779661017,0.1864406779661017,0.1864406779661017,0.1864406779661017,0.1864406779661017,0.1864406779661017,0.1864406779661017,0.7796610169491526,0.0,0.7796610169491526,0.22033898305084745,0.7796610169491526,0.7796610169491526,0.7796610169491526,0.7796610169491526,0.7796610169491526,0.7796610169491526,0.7796610169491526,0.0,0.1864406779661017,0.0,0.7796610169491526,0.0
303,1.0,0.0,1.0,0.0,1.0,1.0,1.0,1.0,1.0,1.0,1.0,1.0,0.0,1.0,0.0,1.0,1.0,1.0,1.0,1.0,1.0,1.0,0.0,1.0,0.0,1.0,0.0
305,0.09326424870466321,0.0,0.09326424870466321,0.9067357512953368,0.09326424870466321,0.09326424870466321,0.09326424870466321,0.09326424870466321,0.09326424870466321,0.09326424870466321,0.09326424870466321,0.47668393782383417,0.0,0.47668393782383417,0.5233160621761658,0.47668393782383417,0.47668393782383417,0.47668393782383417,0.47668393782383417,0.47668393782383417,0.47668393782383417,0.47668393782383417,0.0,0.09326424870466321,0.0,0.47668393782383417,0.0
306,1.0,0.0,1.0,0.0,1.0,1.0,1.0,1.0,1.0,1.0,1.0,1.0,0.0,1.0,0.0,1.0,1.0,1.0,1.0,1.0,1.0,1.0,0.0,1.0,0.0,1.0,0.0
307,0.6666666666666666,0.0,0.6666666666666666,0.3333333333333333,0.6666666666666666,0.6666666666666666,0.6666666666666666,0.6666666666666666,0.6666666666666666,0.6666666666666666,0.6666666666666666,1.0,0.0,1.0,0.0,1.0,1.0,1.0,1.0,1.0,1.0,1.0,0.0,0.6666666666666666,0.0,1.0,0.0
308,0.5,0.0,0.5,0.5,0.5,0.5,0.5,0.5,0.5,0.5,0.5,1.0,0.0,1.0,0.0,1.0,1.0,1.0,1.0,1.0,1.0,1.0,0.0,0.5,0.0,1.0,0.0
310,1.0,0.0,1.0,0.0,1.0,1.0,1.0,1.0,1.0,1.0,1.0,1.0,0.0,1.0,0.0,1.0,1.0,1.0,1.0,1.0,1.0,1.0,0.0,1.0,0.0,1.0,0.0
311,0.5,0.0,0.5,0.5,0.5,0.5,0.5,0.5,0.5,0.5,0.5,0.5,0.0,0.5,0.5,0.5,0.5,0.5,0.5,0.5,0.5,0.5,0.0,0.5,0.0,0.5,0.0
313,1.0,0.0,1.0,0.0,1.0,1.0,1.0,1.0,1.0,1.0,1.0,1.0,0.0,1.0,0.0,1.0,1.0,1.0,1.0,1.0,1.0,1.0,0.0,1.0,0.0,1.0,0.0
315,1.0,0.0,1.0,0.0,1.0,1.0,1.0,1.0,1.0,1.0,1.0,1.0,0.0,1.0,0.0,1.0,1.0,1.0,1.0,1.0,1.0,1.0,0.0,1.0,0.0,1.0,0.0
316,1.0,0.0,1.0,0.0,1.0,1.0,1.0,1.0,1.0,1.0,1.0,1.0,0.0,1.0,0.0,1.0,1.0,1.0,1.0,1.0,1.0,1.0,0.0,1.0,0.0,1.0,0.0
317,1.0,0.0,1.0,0.0,1.0,1.0,1.0,1.0,1.0,1.0,1.0,1.0,0.0,1.0,0.0,1.0,1.0,1.0,1.0,1.0,1.0,1.0,0.0,1.0,0.0,1.0,0.0
319,1.0,0.0,1.0,0.0,1.0,1.0,1.0,1.0,1.0,1.0,1.0,1.0,0.0,1.0,0.0,1.0,1.0,1.0,1.0,1.0,1.0,1.0,0.0,1.0,0.0,1.0,0.0
320,1.0,0.0,1.0,0.0,1.0,1.0,1.0,1.0,1.0,1.0,1.0,1.0,0.0,1.0,0.0,1.0,1.0,1.0,1.0,1.0,1.0,1.0,0.0,1.0,0.0,1.0,0.0
323,1.0,0.0,1.0,0.0,1.0,1.0,1.0,1.0,1.0,1.0,1.0,1.0,0.0,1.0,0.0,1.0,1.0,1.0,1.0,1.0,1.0,1.0,0.0,1.0,0.0,1.0,0.0
325,0.043478260869565216,0.0,0.043478260869565216,0.9565217391304348,0.043478260869565216,0.043478260869565216,0.043478260869565216,0.043478260869565216,0.043478260869565216,0.043478260869565216,0.043478260869565216,0.13043478260869565,0.0,0.13043478260869565,0.8695652173913043,0.13043478260869565,0.13043478260869565,0.13043478260869565,0.13043478260869565,0.13043478260869565,0.13043478260869565,0.13043478260869565,0.0,0.043478260869565216,0.0,0.13043478260869565,0.0
326,1.0,0.0,1.0,0.0,1.0,1.0,1.0,1.0,1.0,1.0,1.0,1.0,0.0,1.0,0.0,1.0,1.0,1.0,1.0,1.0,1.0,1.0,0.0,1.0,0.0,1.0,0.0
327,0.375,0.0,0.375,0.625,0.375,0.375,0.375,0.375,0.375,0.375,0.375,0.5,0.0,0.5,0.5,0.5,0.5,0.5,0.5,0.5,0.5,0.5,0.0,0.375,0.0,0.5,0.0
328,1.0,0.0,1.0,0.0,1.0,1.0,1.0,1.0,1.0,1.0,1.0,1.0,0.0,1.0,0.0,1.0,1.0,1.0,1.0,1.0,1.0,1.0,0.0,1.0,0.0,1.0,0.0
329,1.0,0.0,1.0,0.0,1.0,1.0,1.0,1.0,1.0,1.0,1.0,1.0,0.0,1.0,0.0,1.0,1.0,1.0,1.0,1.0,1.0,1.0,0.0,1.0,0.0,1.0,0.0
330,1.0,0.0,1.0,0.0,1.0,1.0,1.0,1.0,1.0,1.0,1.0,1.0,0.0,1.0,0.0,1.0,1.0,1.0,1.0,1.0,1.0,1.0,0.0,1.0,0.0,1.0,0.0
331,0.07692307692307693,0.0,0.07692307692307693,0.9230769230769231,0.07692307692307693,0.07692307692307693,0.07692307692307693,0.07692307692307693,0.07692307692307693,0.07692307692307693,0.07692307692307693,0.21153846153846154,0.0,0.21153846153846154,0.7884615384615384,0.21153846153846154,0.21153846153846154,0.21153846153846154,0.21153846153846154,0.21153846153846154,0.21153846153846154,0.21153846153846154,0.019230769230769232,0.07692307692307693,0.0,0.21153846153846154,0.0
332,1.0,0.0,1.0,0.0,1.0,1.0,1.0,1.0,1.0,1.0,1.0,1.0,0.0,1.0,0.0,1.0,1.0,1.0,1.0,1.0,1.0,1.0,0.0,1.0,0.0,1.0,0.0
333,0.6190476190476191,0.0,0.6190476190476191,0.38095238095238093,0.6190476190476191,0.6190476190476191,0.6190476190476191,0.6190476190476191,0.6190476190476191,0.6190476190476191,0.6190476190476191,1.0,0.0,1.0,0.0,1.0,1.0,1.0,1.0,1.0,1.0,1.0,0.0,0.6190476190476191,0.0,1.0,0.0
334,1.0,0.0,1.0,0.0,1.0,1.0,1.0,1.0,1.0,1.0,1.0,1.0,0.0,1.0,0.0,1.0,1.0,1.0,1.0,1.0,1.0,1.0,0.0,1.0,0.0,1.0,0.0
335,0.4523809523809524,0.0,0.4523809523809524,0.5476190476190477,0.4523809523809524,0.4523809523809524,0.4523809523809524,0.4523809523809524,0.4523809523809524,0.4523809523809524,0.4523809523809524,0.8333333333333334,0.0,0.8333333333333334,0.16666666666666666,0.8333333333333334,0.8333333333333334,0.8333333333333334,0.8333333333333334,0.8333333333333334,0.8333333333333334,0.8333333333333334,0.023809523809523808,0.4523809523809524,0.0,0.8333333333333334,0.0
337,0.4358974358974359,0.0,0.4358974358974359,0.5641025641025641,0.4358974358974359,0.4358974358974359,0.4358974358974359,0.4358974358974359,0.4358974358974359,0.4358974358974359,0.4358974358974359,0.8974358974358975,0.0,0.8974358974358975,0.10256410256410256,0.8974358974358975,0.8974358974358975,0.8974358974358975,0.8974358974358975,0.8974358974358975,0.8974358974358975,0.8974358974358975,0.0,0.4358974358974359,0.0,0.8974358974358975,0.0
339,1.0,0.0,1.0,0.0,1.0,1.0,1.0,1.0,1.0,1.0,1.0,1.0,0.0,1.0,0.0,1.0,1.0,1.0,1.0,1.0,1.0,1.0,0.0,1.0,0.0,1.0,0.0
341,0.5,0.0,0.5,0.5,0.5,0.5,0.5,0.5,0.5,0.5,0.5,0.7272727272727273,0.0,0.7272727272727273,0.2727272727272727,0.7272727272727273,0.7272727272727273,0.7272727272727273,0.7272727272727273,0.7272727272727273,0.7272727272727273,0.7272727272727273,0.0,0.5,0.0,0.7272727272727273,0.0
342,1.0,0.0,1.0,0.0,1.0,1.0,1.0,1.0,1.0,1.0,1.0,1.0,0.0,1.0,0.0,1.0,1.0,1.0,1.0,1.0,1.0,1.0,0.0,1.0,0.0,1.0,0.0
346,0.5789473684210527,0.0,0.5789473684210527,0.42105263157894735,0.5789473684210527,0.5789473684210527,0.5789473684210527,0.5789473684210527,0.5789473684210527,0.5789473684210527,0.5789473684210527,0.8947368421052632,0.0,0.8947368421052632,0.10526315789473684,0.8947368421052632,0.8947368421052632,0.8947368421052632,0.8947368421052632,0.8947368421052632,0.8947368421052632,0.8947368421052632,0.0,0.5789473684210527,0.0,0.8947368421052632,0.0
349,0.8,0.0,0.8,0.2,0.8,0.8,0.8,0.8,0.8,0.8,0.8,0.8,0.0,0.8,0.2,0.8,0.8,0.8,0.8,0.8,0.8,0.8,0.0,0.8,0.0,0.8,0.0
352,0.6896551724137931,0.0,0.6896551724137931,0.3103448275862069,0.6896551724137931,0.6896551724137931,0.6896551724137931,0.6896551724137931,0.6896551724137931,0.6896551724137931,0.6896551724137931,0.9655172413793104,0.0,0.9655172413793104,0.034482758620689655,0.9655172413793104,0.9655172413793104,0.9655172413793104,0.9655172413793104,0.9655172413793104,0.9655172413793104,0.9655172413793104,0.0,0.6896551724137931,0.0,0.9655172413793104,0.0
353,1.0,0.0,1.0,0.0,1.0,1.0,1.0,1.0,1.0,1.0,1.0,1.0,0.0,1.0,0.0,1.0,1.0,1.0,1.0,1.0,1.0,1.0,0.0,1.0,0.0,1.0,0.0
355,0.6666666666666666,0.0,0.6666666666666666,0.3333333333333333,0.6666666666666666,0.6666666666666666,0.6666666666666666,0.6666666666666666,0.6666666666666666,0.6666666666666666,0.6666666666666666,1.0,0.0,1.0,0.0,1.0,1.0,1.0,1.0,1.0,1.0,1.0,0.0,0.6666666666666666,0.0,1.0,0.0
357,0.3235294117647059,0.0,0.3235294117647059,0.6764705882352942,0.3235294117647059,0.3235294117647059,0.3235294117647059,0.3235294117647059,0.3235294117647059,0.3235294117647059,0.3235294117647059,1.0,0.0,1.0,0.0,1.0,1.0,1.0,1.0,1.0,1.0,1.0,0.0,0.3235294117647059,0.0,1.0,0.0
358,1.0,0.0,1.0,0.0,1.0,1.0,1.0,1.0,1.0,1.0,1.0,1.0,0.0,1.0,0.0,1.0,1.0,1.0,1.0,1.0,1.0,1.0,0.0,1.0,0.0,1.0,0.0
359,0.75,0.0,0.75,0.25,0.75,0.75,0.75,0.75,0.75,0.75,0.75,1.0,0.0,1.0,0.0,1.0,1.0,1.0,1.0,1.0,1.0,1.0,0.0,0.75,0.0,1.0,0.0
367,0.16666666666666666,0.0,0.16666666666666666,0.8333333333333334,0.16666666666666666,0.16666666666666666,0.16666666666666666,0.16666666666666666,0.16666666666666666,0.16666666666666666,0.16666666666666666,0.47619047619047616,0.0,0.47619047619047616,0.5238095238095238,0.47619047619047616,0.47619047619047616,0.47619047619047616,0.47619047619047616,0.47619047619047616,0.47619047619047616,0.47619047619047616,0.0,0.16666666666666666,0.0,0.47619047619047616,0.0
368,0.24691358024691357,0.0,0.24691358024691357,0.7530864197530864,0.24691358024691357,0.24691358024691357,0.24691358024691357,0.24691358024691357,0.24691358024691357,0.24691358024691357,0.24691358024691357,0.8148148148148148,0.0,0.8148148148148148,0.18518518518518517,0.8148148148148148,0.8148148148148148,0.8148148148148148,0.8148148148148148,0.8148148148148148,0.8148148148148148,0.8148148148148148,0.0,0.24691358024691357,0.0,0.8148148148148148,0.0
369,0.0,0.0,0.0,1.0,0.0,0.0,0.0,0.0,0.0,0.0,0.0,0.0,0.0,0.0,1.0,0.0,0.0,0.0,0.0,0.0,0.0,0.0,0.0,0.0,0.0,0.0,0.0
370,0.0,0.0,0.0,1.0,0.0,0.0,0.0,0.0,0.0,0.0,0.0,0.0,0.0,0.0,1.0,0.0,0.0,0.0,0.0,0.0,0.0,0.0,0.0,0.0,0.0,0.0,0.0
371,0.125,0.0,0.125,0.875,0.125,0.125,0.125,0.125,0.125,0.125,0.125,0.5,0.0,0.5,0.5,0.5,0.5,0.5,0.5,0.5,0.5,0.5,0.0,0.125,0.0,0.5,0.0
372,1.0,0.0,1.0,0.0,1.0,1.0,1.0,1.0,1.0,1.0,1.0,1.0,0.0,1.0,0.0,1.0,1.0,1.0,1.0,1.0,1.0,1.0,0.0,1.0,0.0,1.0,0.0
376,0.6666666666666666,0.0,0.6666666666666666,0.3333333333333333,0.6666666666666666,0.6666666666666666,0.6666666666666666,0.6666666666666666,0.6666666666666666,0.6666666666666666,0.6666666666666666,0.6666666666666666,0.0,0.6666666666666666,0.3333333333333333,0.6666666666666666,0.6666666666666666,0.6666666666666666,0.6666666666666666,0.6666666666666666,0.6666666666666666,0.6666666666666666,0.0,0.6666666666666666,0.0,0.6666666666666666,0.0
380,1.0,0.0,1.0,0.0,1.0,1.0,1.0,1.0,1.0,1.0,1.0,1.0,0.0,1.0,0.0,1.0,1.0,1.0,1.0,1.0,1.0,1.0,0.0,1.0,0.0,1.0,0.0
382,0.0,0.0,0.0,1.0,0.0,0.0,0.0,0.0,0.0,0.0,0.0,0.25,0.0,0.25,0.75,0.25,0.25,0.25,0.25,0.25,0.25,0.25,0.0,0.0,0.0,0.25,0.0
389,0.050955414012738856,0.0,0.050955414012738856,0.9490445859872612,0.050955414012738856,0.050955414012738856,0.050955414012738856,0.050955414012738856,0.050955414012738856,0.050955414012738856,0.050955414012738856,0.2611464968152866,0.0,0.2611464968152866,0.7388535031847133,0.2611464968152866,0.2611464968152866,0.2611464968152866,0.2611464968152866,0.2611464968152866,0.2611464968152866,0.2611464968152866,0.012738853503184714,0.050955414012738856,0.0,0.2611464968152866,0.0
396,1.0,0.0,1.0,0.0,1.0,1.0,1.0,1.0,1.0,1.0,1.0,1.0,0.0,1.0,0.0,1.0,1.0,1.0,1.0,1.0,1.0,1.0,0.0,1.0,0.0,1.0,0.0
398,0.47368421052631576,0.0,0.47368421052631576,0.5263157894736842,0.47368421052631576,0.47368421052631576,0.47368421052631576,0.47368421052631576,0.47368421052631576,0.47368421052631576,0.47368421052631576,0.631578947368421,0.0,0.631578947368421,0.3684210526315789,0.631578947368421,0.631578947368421,0.631578947368421,0.631578947368421,0.631578947368421,0.631578947368421,0.631578947368421,0.0,0.47368421052631576,0.0,0.631578947368421,0.0
402,0.0,0.0,0.0,1.0,0.0,0.0,0.0,0.0,0.0,0.0,0.0,1.0,0.0,1.0,0.0,1.0,1.0,1.0,1.0,1.0,1.0,1.0,0.0,0.0,0.0,1.0,0.0
403,0.06451612903225806,0.0,0.06451612903225806,0.9354838709677419,0.06451612903225806,0.06451612903225806,0.06451612903225806,0.06451612903225806,0.06451612903225806,0.06451612903225806,0.06451612903225806,0.1935483870967742,0.0,0.1935483870967742,0.8064516129032258,0.1935483870967742,0.1935483870967742,0.1935483870967742,0.1935483870967742,0.1935483870967742,0.1935483870967742,0.1935483870967742,0.0,0.06451612903225806,0.0,0.1935483870967742,0.0
404,0.25,0.0,0.25,0.75,0.25,0.25,0.25,0.25,0.25,0.25,0.25,0.25,0.0,0.25,0.75,0.25,0.25,0.25,0.25,0.25,0.25,0.25,0.0,0.25,0.0,0.25,0.0
406,0.36363636363636365,0.0,0.36363636363636365,0.6363636363636364,0.36363636363636365,0.36363636363636365,0.36363636363636365,0.36363636363636365,0.36363636363636365,0.36363636363636365,0.36363636363636365,1.0,0.0,1.0,0.0,1.0,1.0,1.0,1.0,1.0,1.0,1.0,0.0,0.36363636363636365,0.0,1.0,0.0
407,0.0,0.0,0.0,1.0,0.0,0.0,0.0,0.0,0.0,0.0,0.0,0.45454545454545453,0.0,0.45454545454545453,0.5454545454545454,0.45454545454545453,0.45454545454545453,0.45454545454545453,0.45454545454545453,0.45454545454545453,0.45454545454545453,0.45454545454545453,0.0,0.0,0.0,0.45454545454545453,0.0
408,0.5161290322580645,0.0,0.5161290322580645,0.4838709677419355,0.5161290322580645,0.5161290322580645,0.5161290322580645,0.5161290322580645,0.5161290322580645,0.5161290322580645,0.5161290322580645,1.0,0.0,1.0,0.0,1.0,1.0,1.0,1.0,1.0,1.0,1.0,0.0,0.5161290322580645,0.0,1.0,0.0
409,0.05,0.0,0.05,0.95,0.05,0.05,0.05,0.05,0.05,0.05,0.05,0.05,0.0,0.05,0.95,0.05,0.05,0.05,0.05,0.05,0.05,0.05,0.0,0.05,0.0,0.05,0.0
410,0.3103448275862069,0.0,0.3103448275862069,0.6896551724137931,0.3103448275862069,0.3103448275862069,0.3103448275862069,0.3103448275862069,0.3103448275862069,0.3103448275862069,0.3103448275862069,0.9137931034482759,0.0,0.9137931034482759,0.08620689655172414,0.9137931034482759,0.9137931034482759,0.9137931034482759,0.9137931034482759,0.9137931034482759,0.9137931034482759,0.9137931034482759,0.0,0.3103448275862069,0.0,0.9137931034482759,0.0
412,1.0,0.0,1.0,0.0,1.0,1.0,1.0,1.0,1.0,1.0,1.0,1.0,0.0,1.0,0.0,1.0,1.0,1.0,1.0,1.0,1.0,1.0,0.0,1.0,0.0,1.0,0.0
415,0.24,0.02666666666666667,0.22666666666666666,0.7466666666666667,0.24,0.24,0.24,0.24,0.24,0.24,0.24,0.92,0.0,0.92,0.08,0.92,0.92,0.92,0.92,0.92,0.92,0.92,0.02666666666666667,0.24,0.0,0.92,0.0
417,0.06382978723404255,0.0,0.06382978723404255,0.9361702127659575,0.06382978723404255,0.06382978723404255,0.06382978723404255,0.06382978723404255,0.06382978723404255,0.06382978723404255,0.06382978723404255,0.2925531914893617,0.0,0.2925531914893617,0.7074468085106383,0.2925531914893617,0.2925531914893617,0.2925531914893617,0.2925531914893617,0.2925531914893617,0.2925531914893617,0.2925531914893617,0.0,0.06382978723404255,0.0,0.2925531914893617,0.0
418,0.03125,0.0,0.03125,0.96875,0.03125,0.03125,0.03125,0.03125,0.03125,0.03125,0.03125,0.15460526315789475,0.0,0.15460526315789475,0.8453947368421053,0.15460526315789475,0.15460526315789475,0.15460526315789475,0.15460526315789475,0.15460526315789475,0.15460526315789475,0.15460526315789475,0.0,0.03125,0.0,0.15460526315789475,0.0
419,0.0,0.0,0.0,1.0,0.0,0.0,0.0,0.0,0.0,0.0,0.0,0.3125,0.0,0.3125,0.6875,0.3125,0.3125,0.3125,0.3125,0.3125,0.3125,0.3125,0.125,0.0,0.0,0.3125,0.0
420,0.024804177545691905,0.0,0.024804177545691905,0.9751958224543081,0.024804177545691905,0.024804177545691905,0.024804177545691905,0.024804177545691905,0.024804177545691905,0.024804177545691905,0.024804177545691905,0.1279373368146214,0.0,0.1279373368146214,0.8720626631853786,0.1279373368146214,0.1279373368146214,0.1279373368146214,0.1279373368146214,0.1279373368146214,0.1279373368146214,0.1279373368146214,0.0,0.024804177545691905,0.0,0.1279373368146214,0.0
421,0.02773497688751926,0.0,0.02773497688751926,0.9722650231124808,0.02773497688751926,0.02773497688751926,0.02773497688751926,0.02773497688751926,0.02773497688751926,0.02773497688751926,0.02773497688751926,0.11864406779661017,0.0,0.11864406779661017,0.8813559322033898,0.11864406779661017,0.11864406779661017,0.11864406779661017,0.11864406779661017,0.11864406779661017,0.11864406779661017,0.11864406779661017,0.0,0.02773497688751926,0.0,0.11864406779661017,0.0
422,0.04439252336448598,0.0,0.04439252336448598,0.955607476635514,0.04439252336448598,0.04439252336448598,0.04439252336448598,0.04439252336448598,0.04439252336448598,0.04439252336448598,0.04439252336448598,0.205607476635514,0.0,0.205607476635514,0.794392523364486,0.205607476635514,0.205607476635514,0.205607476635514,0.205607476635514,0.205607476635514,0.205607476635514,0.205607476635514,0.002336448598130841,0.04439252336448598,0.0,0.205607476635514,0.0
423,0.06666666666666667,0.0,0.06666666666666667,0.9333333333333333,0.06666666666666667,0.06666666666666667,0.06666666666666667,0.06666666666666667,0.06666666666666667,0.06666666666666667,0.06666666666666667,0.3157894736842105,0.0,0.3157894736842105,0.6842105263157895,0.3157894736842105,0.3157894736842105,0.3157894736842105,0.3157894736842105,0.3157894736842105,0.3157894736842105,0.3157894736842105,0.0,0.06666666666666667,0.0,0.3157894736842105,0.0
425,0.05357142857142857,0.0,0.05357142857142857,0.9464285714285714,0.05357142857142857,0.05357142857142857,0.05357142857142857,0.05357142857142857,0.05357142857142857,0.05357142857142857,0.05357142857142857,0.21428571428571427,0.0,0.21428571428571427,0.7857142857142857,0.21428571428571427,0.21428571428571427,0.21428571428571427,0.21428571428571427,0.21428571428571427,0.21428571428571427,0.21428571428571427,0.0,0.05357142857142857,0.0,0.21428571428571427,0.0
426,0.08071748878923767,0.0,0.08071748878923767,0.9192825112107623,0.08071748878923767,0.08071748878923767,0.08071748878923767,0.08071748878923767,0.08071748878923767,0.08071748878923767,0.08071748878923767,0.3811659192825112,0.0,0.3811659192825112,0.6188340807174888,0.3811659192825112,0.3811659192825112,0.3811659192825112,0.3811659192825112,0.3811659192825112,0.3811659192825112,0.3811659192825112,0.0,0.08071748878923767,0.0,0.3811659192825112,0.0
428,0.10606060606060606,0.0,0.10606060606060606,0.8939393939393939,0.10606060606060606,0.10606060606060606,0.10606060606060606,0.10606060606060606,0.10606060606060606,0.10606060606060606,0.10606060606060606,0.3181818181818182,0.0,0.3181818181818182,0.6818181818181818,0.3181818181818182,0.3181818181818182,0.3181818181818182,0.3181818181818182,0.3181818181818182,0.3181818181818182,0.3181818181818182,0.0,0.10606060606060606,0.0,0.3181818181818182,0.0
429,0.09574468085106383,0.0,0.09574468085106383,0.9042553191489362,0.09574468085106383,0.09574468085106383,0.09574468085106383,0.09574468085106383,0.09574468085106383,0.09574468085106383,0.09574468085106383,0.2553191489361702,0.0,0.2553191489361702,0.7446808510638298,0.2553191489361702,0.2553191489361702,0.2553191489361702,0.2553191489361702,0.2553191489361702,0.2553191489361702,0.2553191489361702,0.0,0.09574468085106383,0.0,0.2553191489361702,0.0
431,0.25333333333333335,0.0,0.25333333333333335,0.7466666666666667,0.25333333333333335,0.25333333333333335,0.25333333333333335,0.25333333333333335,0.25333333333333335,0.25333333333333335,0.25333333333333335,0.7866666666666666,0.0,0.7866666666666666,0.21333333333333335,0.7866666666666666,0.7866666666666666,0.7866666666666666,0.7866666666666666,0.7866666666666666,0.7866666666666666,0.7866666666666666,0.0,0.25333333333333335,0.0,0.7866666666666666,0.0
432,0.30952380952380953,0.0,0.30952380952380953,0.6904761904761905,0.30952380952380953,0.30952380952380953,0.30952380952380953,0.30952380952380953,0.30952380952380953,0.30952380952380953,0.30952380952380953,0.9047619047619048,0.0,0.9047619047619048,0.09523809523809523,0.9047619047619048,0.9047619047619048,0.9047619047619048,0.9047619047619048,0.9047619047619048,0.9047619047619048,0.9047619047619048,0.0,0.30952380952380953,0.0,0.9047619047619048,0.0
433,0.17699115044247787,0.0,0.17699115044247787,0.8230088495575221,0.17699115044247787,0.17699115044247787,0.17699115044247787,0.17699115044247787,0.17699115044247787,0.17699115044247787,0.17699115044247787,0.8230088495575221,0.0,0.8230088495575221,0.17699115044247787,0.8230088495575221,0.8230088495575221,0.8230088495575221,0.8230088495575221,0.8230088495575221,0.8230088495575221,0.8230088495575221,0.0,0.17699115044247787,0.0,0.8230088495575221,0.0
434,0.08849557522123894,0.0,0.08849557522123894,0.911504424778761,0.08849557522123894,0.08849557522123894,0.08849557522123894,0.08849557522123894,0.08849557522123894,0.08849557522123894,0.08849557522123894,0.4336283185840708,0.0,0.4336283185840708,0.5663716814159292,0.4336283185840708,0.4336283185840708,0.4336283185840708,0.4336283185840708,0.4336283185840708,0.4336283185840708,0.4336283185840708,0.0,0.08849557522123894,0.0,0.4336283185840708,0.0
435,0.0851063829787234,0.0,0.0851063829787234,0.9148936170212766,0.0851063829787234,0.0851063829787234,0.0851063829787234,0.0851063829787234,0.0851063829787234,0.0851063829787234,0.0851063829787234,0.425531914893617,0.0,0.425531914893617,0.574468085106383,0.425531914893617,0.425531914893617,0.425531914893617,0.425531914893617,0.425531914893617,0.425531914893617,0.425531914893617,0.0,0.0851063829787234,0.0,0.425531914893617,0.0
436,0.2391304347826087,0.0,0.2391304347826087,0.7608695652173914,0.2391304347826087,0.2391304347826087,0.2391304347826087,0.2391304347826087,0.2391304347826087,0.2391304347826087,0.2391304347826087,0.5652173913043478,0.0,0.5652173913043478,0.43478260869565216,0.5652173913043478,0.5652173913043478,0.5652173913043478,0.5652173913043478,0.5652173913043478,0.5652173913043478,0.5652173913043478,0.0,0.2391304347826087,0.0,0.5652173913043478,0.0
437,0.2553191489361702,0.0,0.2553191489361702,0.7446808510638298,0.2553191489361702,0.2553191489361702,0.2553191489361702,0.2553191489361702,0.2553191489361702,0.2553191489361702,0.2553191489361702,0.723404255319149,0.0,0.723404255319149,0.2765957446808511,0.723404255319149,0.723404255319149,0.723404255319149,0.723404255319149,0.723404255319149,0.723404255319149,0.723404255319149,0.0,0.2553191489361702,0.0,0.723404255319149,0.0
438,0.18811881188118812,0.0,0.18811881188118812,0.8118811881188119,0.18811881188118812,0.18811881188118812,0.18811881188118812,0.18811881188118812,0.18811881188118812,0.18811881188118812,0.18811881188118812,0.7128712871287128,0.0,0.7128712871287128,0.2871287128712871,0.7128712871287128,0.7128712871287128,0.7128712871287128,0.7128712871287128,0.7128712871287128,0.7128712871287128,0.7128712871287128,0.0,0.18811881188118812,0.0,0.7128712871287128,0.0
439,0.09259259259259259,0.0,0.09259259259259259,0.9074074074074074,0.09259259259259259,0.09259259259259259,0.09259259259259259,0.09259259259259259,0.09259259259259259,0.09259259259259259,0.09259259259259259,0.4444444444444444,0.0,0.4444444444444444,0.5555555555555556,0.4444444444444444,0.4444444444444444,0.4444444444444444,0.4444444444444444,0.4444444444444444,0.4444444444444444,0.4444444444444444,0.0,0.09259259259259259,0.0,0.4444444444444444,0.0
440,0.054901960784313725,0.0,0.054901960784313725,0.9450980392156862,0.054901960784313725,0.054901960784313725,0.054901960784313725,0.054901960784313725,0.054901960784313725,0.054901960784313725,0.054901960784313725,0.22745098039215686,0.0,0.22745098039215686,0.7725490196078432,0.22745098039215686,0.22745098039215686,0.22745098039215686,0.22745098039215686,0.22745098039215686,0.22745098039215686,0.22745098039215686,0.0,0.054901960784313725,0.0,0.22745098039215686,0.0
441,0.19230769230769232,0.0,0.19230769230769232,0.8076923076923077,0.19230769230769232,0.19230769230769232,0.19230769230769232,0.19230769230769232,0.19230769230769232,0.19230769230769232,0.19230769230769232,0.782051282051282,0.0,0.782051282051282,0.21794871794871795,0.782051282051282,0.782051282051282,0.782051282051282,0.782051282051282,0.782051282051282,0.782051282051282,0.782051282051282,0.0,0.19230769230769232,0.0,0.782051282051282,0.0
442,0.2857142857142857,0.0,0.2857142857142857,0.7142857142857143,0.2857142857142857,0.2857142857142857,0.2857142857142857,0.2857142857142857,0.2857142857142857,0.2857142857142857,0.2857142857142857,0.9285714285714286,0.0,0.9285714285714286,0.07142857142857142,0.9285714285714286,0.9285714285714286,0.9285714285714286,0.9285714285714286,0.9285714285714286,0.9285714285714286,0.9285714285714286,0.0,0.2857142857142857,0.0,0.9285714285714286,0.0
443,0.014204545454545454,0.0,0.014204545454545454,0.9857954545454546,0.014204545454545454,0.014204545454545454,0.014204545454545454,0.014204545454545454,0.014204545454545454,0.014204545454545454,0.014204545454545454,0.09659090909090909,0.0,0.09659090909090909,0.9034090909090909,0.09659090909090909,0.09659090909090909,0.09659090909090909,0.09659090909090909,0.09659090909090909,0.09659090909090909,0.09659090909090909,0.005681818181818182,0.014204545454545454,0.0,0.09659090909090909,0.0
444,0.07894736842105263,0.0,0.07894736842105263,0.9210526315789473,0.07894736842105263,0.07894736842105263,0.07894736842105263,0.07894736842105263,0.07894736842105263,0.07894736842105263,0.07894736842105263,0.21929824561403508,0.0,0.21929824561403508,0.7807017543859649,0.21929824561403508,0.21929824561403508,0.21929824561403508,0.21929824561403508,0.21929824561403508,0.21929824561403508,0.21929824561403508,0.0,0.07894736842105263,0.0,0.21929824561403508,0.0
445,0.1,0.0,0.1,0.9,0.1,0.1,0.1,0.1,0.1,0.1,0.1,0.4176470588235294,0.0,0.4176470588235294,0.5823529411764706,0.4176470588235294,0.4176470588235294,0.4176470588235294,0.4176470588235294,0.4176470588235294,0.4176470588235294,0.4176470588235294,0.0,0.1,0.0,0.4176470588235294,0.0
446,0.3508771929824561,0.0,0.3508771929824561,0.6491228070175439,0.3508771929824561,0.3508771929824561,0.3508771929824561,0.3508771929824561,0.3508771929824561,0.3508771929824561,0.3508771929824561,0.9298245614035088,0.0,0.9298245614035088,0.07017543859649122,0.9298245614035088,0.9298245614035088,0.9298245614035088,0.9298245614035088,0.9298245614035088,0.9298245614035088,0.9298245614035088,0.0,0.3508771929824561,0.0,0.9298245614035088,0.0
447,0.0,0.0,0.0,1.0,0.0,0.0,0.0,0.0,0.0,0.0,0.0,0.3333333333333333,0.0,0.3333333333333333,0.6666666666666666,0.3333333333333333,0.3333333333333333,0.3333333333333333,0.3333333333333333,0.3333333333333333,0.3333333333333333,0.3333333333333333,0.0,0.0,0.0,0.3333333333333333,0.0
448,0.012345679012345678,0.0,0.012345679012345678,0.9876543209876543,0.012345679012345678,0.012345679012345678,0.012345679012345678,0.012345679012345678,0.012345679012345678,0.012345679012345678,0.012345679012345678,0.024691358024691357,0.0,0.024691358024691357,0.9753086419753086,0.024691358024691357,0.024691358024691357,0.024691358024691357,0.024691358024691357,0.024691358024691357,0.024691358024691357,0.024691358024691357,0.0,0.012345679012345678,0.0,0.024691358024691357,0.0
453,0.16,0.0,0.16,0.84,0.16,0.16,0.16,0.16,0.16,0.16,0.16,0.48,0.0,0.48,0.52,0.48,0.48,0.48,0.48,0.48,0.48,0.48,0.0,0.16,0.0,0.48,0.0
455,1.0,0.0,1.0,0.0,1.0,1.0,1.0,1.0,1.0,1.0,1.0,1.0,0.0,1.0,0.0,1.0,1.0,1.0,1.0,1.0,1.0,1.0,0.0,1.0,0.0,1.0,0.0
456,0.17105263157894737,0.0,0.17105263157894737,0.8289473684210527,0.17105263157894737,0.17105263157894737,0.17105263157894737,0.17105263157894737,0.17105263157894737,0.17105263157894737,0.17105263157894737,0.5394736842105263,0.0,0.5394736842105263,0.4605263157894737,0.5394736842105263,0.5394736842105263,0.5394736842105263,0.5394736842105263,0.5394736842105263,0.5394736842105263,0.5394736842105263,0.02631578947368421,0.17105263157894737,0.0,0.5394736842105263,0.0
459,0.3684210526315789,0.0,0.3684210526315789,0.631578947368421,0.3684210526315789,0.3684210526315789,0.3684210526315789,0.3684210526315789,0.3684210526315789,0.3684210526315789,0.3684210526315789,0.7894736842105263,0.0,0.7894736842105263,0.21052631578947367,0.7894736842105263,0.7894736842105263,0.7894736842105263,0.7894736842105263,0.7894736842105263,0.7894736842105263,0.7894736842105263,0.0,0.3684210526315789,0.0,0.7894736842105263,0.0
460,0.0,0.0,0.0,1.0,0.0,0.0,0.0,0.0,0.0,0.0,0.0,0.14285714285714285,0.0,0.14285714285714285,0.8571428571428571,0.14285714285714285,0.14285714285714285,0.14285714285714285,0.14285714285714285,0.14285714285714285,0.14285714285714285,0.14285714285714285,0.14285714285714285,0.0,0.0,0.14285714285714285,0.0
461,1.0,0.0,1.0,0.0,1.0,1.0,1.0,1.0,1.0,1.0,1.0,1.0,0.0,1.0,0.0,1.0,1.0,1.0,1.0,1.0,1.0,1.0,0.0,1.0,0.0,1.0,0.0
464,0.23529411764705882,0.0,0.23529411764705882,0.7647058823529411,0.23529411764705882,0.23529411764705882,0.23529411764705882,0.23529411764705882,0.23529411764705882,0.23529411764705882,0.23529411764705882,0.8235294117647058,0.0,0.8235294117647058,0.17647058823529413,0.8235294117647058,0.8235294117647058,0.8235294117647058,0.8235294117647058,0.8235294117647058,0.8235294117647058,0.8235294117647058,0.0,0.23529411764705882,0.0,0.8235294117647058,0.0
465,0.0,0.0,0.0,1.0,0.0,0.0,0.0,0.0,0.0,0.0,0.0,0.0,0.0,0.0,1.0,0.0,0.0,0.0,0.0,0.0,0.0,0.0,1.0,0.0,0.0,0.0,0.0
466,0.0,0.0,0.0,1.0,0.0,0.0,0.0,0.0,0.0,0.0,0.0,0.0,0.0,0.0,1.0,0.0,0.0,0.0,0.0,0.0,0.0,0.0,0.0,0.0,0.0,0.0,0.0
468,1.0,0.0,1.0,0.0,1.0,1.0,1.0,1.0,1.0,1.0,1.0,1.0,0.0,1.0,0.0,1.0,1.0,1.0,1.0,1.0,1.0,1.0,0.0,1.0,0.0,1.0,0.0
469,0.265625,0.0,0.265625,0.734375,0.265625,0.265625,0.265625,0.265625,0.265625,0.265625,0.265625,0.828125,0.0,0.828125,0.171875,0.828125,0.828125,0.828125,0.828125,0.828125,0.828125,0.828125,0.0,0.265625,0.0,0.828125,0.0
470,0.4444444444444444,0.0,0.4444444444444444,0.5555555555555556,0.4444444444444444,0.4444444444444444,0.4444444444444444,0.4444444444444444,0.4444444444444444,0.4444444444444444,0.4444444444444444,0.9777777777777777,0.0,0.9777777777777777,0.022222222222222223,0.9777777777777777,0.9777777777777777,0.9777777777777777,0.9777777777777777,0.9777777777777777,0.9777777777777777,0.9777777777777777,0.0,0.4444444444444444,0.0,0.9777777777777777,0.0
471,1.0,0.0,1.0,0.0,1.0,1.0,1.0,1.0,1.0,1.0,1.0,1.0,0.0,1.0,0.0,1.0,1.0,1.0,1.0,1.0,1.0,1.0,0.0,1.0,0.0,1.0,0.0
472,0.425531914893617,0.0,0.425531914893617,0.574468085106383,0.425531914893617,0.425531914893617,0.425531914893617,0.425531914893617,0.425531914893617,0.425531914893617,0.425531914893617,0.9148936170212766,0.0,0.9148936170212766,0.0851063829787234,0.9148936170212766,0.9148936170212766,0.9148936170212766,0.9148936170212766,0.9148936170212766,0.9148936170212766,0.9148936170212766,0.0,0.425531914893617,0.0,0.9148936170212766,0.0
473,0.12698412698412698,0.0,0.12698412698412698,0.873015873015873,0.12698412698412698,0.12698412698412698,0.12698412698412698,0.12698412698412698,0.12698412698412698,0.12698412698412698,0.12698412698412698,0.5555555555555556,0.0,0.5555555555555556,0.4444444444444444,0.5555555555555556,0.5555555555555556,0.5555555555555556,0.5555555555555556,0.5555555555555556,0.5555555555555556,0.5555555555555556,0.0,0.12698412698412698,0.0,0.5555555555555556,0.0
476,0.023474178403755867,0.0,0.023474178403755867,0.9765258215962441,0.023474178403755867,0.023474178403755867,0.023474178403755867,0.023474178403755867,0.023474178403755867,0.023474178403755867,0.023474178403755867,0.10954616588419405,0.0,0.10954616588419405,0.8904538341158059,0.10954616588419405,0.10954616588419405,0.10954616588419405,0.10954616588419405,0.10954616588419405,0.10954616588419405,0.10954616588419405,0.003129890453834116,0.023474178403755867,0.0,0.10954616588419405,0.0
481,0.0,0.0,0.0,1.0,0.0,0.0,0.0,0.0,0.0,0.0,0.0,0.0,0.0,0.0,1.0,0.0,0.0,0.0,0.0,0.0,0.0,0.0,0.0,0.0,0.0,0.0,0.0
482,0.5,0.0,0.5,0.5,0.5,0.5,0.5,0.5,0.5,0.5,0.5,0.8333333333333334,0.0,0.8333333333333334,0.16666666666666666,0.8333333333333334,0.8333333333333334,0.8333333333333334,0.8333333333333334,0.8333333333333334,0.8333333333333334,0.8333333333333334,0.0,0.5,0.0,0.8333333333333334,0.0
483,0.5,0.0,0.5,0.5,0.5,0.5,0.5,0.5,0.5,0.5,0.5,0.5,0.0,0.5,0.5,0.5,0.5,0.5,0.5,0.5,0.5,0.5,0.0,0.5,0.0,0.5,0.0
