dataset,model,support,K,contrast,metric,estimate,ci_low,ci_high,queries,pairs,weighting,bootstrap_seed,bootstrap_resamples,interval
wands,minilm,full,20,16 minus 7,persistent_inclusion,-0.013978546935817845,-0.022757643413924531,-0.0073685425716207139,128,7125,query_macro,2026091701,10000,95% unadjusted paired query-cluster percentile
wands,minilm,full,20,16 minus 7,VI,0.036562722385023713,0.027689784304724355,0.0468255872103144,128,7125,query_macro,2026091701,10000,95% unadjusted paired query-cluster percentile
wands,minilm,full,20,16 minus 7,persistent_omission,-0.022584175449205875,-0.029302253952389144,-0.016608193150346572,128,7125,query_macro,2026091701,10000,95% unadjusted paired query-cluster percentile
wands,minilm,full,100,16 minus 7,persistent_inclusion,-0.027192889167919357,-0.039888319972062568,-0.01692737869915413,128,7125,query_macro,2026091701,10000,95% unadjusted paired query-cluster percentile
wands,minilm,full,100,16 minus 7,VI,0.059392619604702018,0.042732647765584372,0.08037701891070359,128,7125,query_macro,2026091701,10000,95% unadjusted paired query-cluster percentile
wands,minilm,full,100,16 minus 7,persistent_omission,-0.032199730436782675,-0.051054662131796956,-0.019380972847120561,128,7125,query_macro,2026091701,10000,95% unadjusted paired query-cluster percentile
wands,minilm,full,20,32 minus 16,persistent_inclusion,-0.012436634602057441,-0.021811187621256927,-0.0052351998364962909,128,7125,query_macro,2026091701,10000,95% unadjusted paired query-cluster percentile
wands,minilm,full,20,32 minus 16,VI,0.035253765774248477,0.025370214079334971,0.046449955521585304,128,7125,query_macro,2026091701,10000,95% unadjusted paired query-cluster percentile
wands,minilm,full,20,32 minus 16,persistent_omission,-0.022817131172191037,-0.030429116486519501,-0.01661607909293673,128,7125,query_macro,2026091701,10000,95% unadjusted paired query-cluster percentile
wands,minilm,full,20,32 minus 7,persistent_inclusion,-0.026415181537875282,-0.041525714612049666,-0.015133156265190158,128,7125,query_macro,2026091701,10000,95% unadjusted paired query-cluster percentile
wands,minilm,full,20,32 minus 7,VI,0.07181648815927219,0.057287653852964679,0.088919572654809736,128,7125,query_macro,2026091701,10000,95% unadjusted paired query-cluster percentile
wands,minilm,full,20,32 minus 7,persistent_omission,-0.045401306621396909,-0.055815336170828178,-0.035871630849305142,128,7125,query_macro,2026091701,10000,95% unadjusted paired query-cluster percentile
wands,minilm,full,100,32 minus 16,persistent_inclusion,-0.022326795843419411,-0.030526431223832494,-0.015210608791607376,128,7125,query_macro,2026091701,10000,95% unadjusted paired query-cluster percentile
wands,minilm,full,100,32 minus 16,VI,0.049943613779656892,0.037908914055988008,0.063823958782499954,128,7125,query_macro,2026091701,10000,95% unadjusted paired query-cluster percentile
wands,minilm,full,100,32 minus 16,persistent_omission,-0.027616817936237485,-0.039668663663211791,-0.017803538578406098,128,7125,query_macro,2026091701,10000,95% unadjusted paired query-cluster percentile
wands,minilm,full,100,32 minus 7,persistent_inclusion,-0.049519685011338771,-0.064807479781846991,-0.036195541724923203,128,7125,query_macro,2026091701,10000,95% unadjusted paired query-cluster percentile
wands,minilm,full,100,32 minus 7,VI,0.10933623338435892,0.087639800927014608,0.13377394108076071,128,7125,query_macro,2026091701,10000,95% unadjusted paired query-cluster percentile
wands,minilm,full,100,32 minus 7,persistent_omission,-0.059816548373020161,-0.080984429460349949,-0.042133569617246035,128,7125,query_macro,2026091701,10000,95% unadjusted paired query-cluster percentile
wands,minilm,common_all_fitting,20,16 minus 7,persistent_inclusion,-0.0051663614163614162,-0.011763583638583638,-0.0003720238095238095,48,354,query_macro,2026091701,10000,95% unadjusted paired query-cluster percentile
wands,minilm,common_all_fitting,20,16 minus 7,VI,0.039836137594289771,0.0093592094424295499,0.088328494799282814,48,354,query_macro,2026091701,10000,95% unadjusted paired query-cluster percentile
wands,minilm,common_all_fitting,20,16 minus 7,persistent_omission,-0.034669776177928352,-0.083619936260900946,-0.005065699698851873,48,354,query_macro,2026091701,10000,95% unadjusted paired query-cluster percentile
wands,minilm,common_all_fitting,100,16 minus 7,persistent_inclusion,-0.030737876254180601,-0.059103260869565216,-0.0091032608695652169,48,354,query_macro,2026091701,10000,95% unadjusted paired query-cluster percentile
wands,minilm,common_all_fitting,100,16 minus 7,VI,0.074381154272458616,0.025082242699430199,0.14023319461838482,48,354,query_macro,2026091701,10000,95% unadjusted paired query-cluster percentile
wands,minilm,common_all_fitting,100,16 minus 7,persistent_omission,-0.043643278018278019,-0.095065235690235686,-0.0075231481481481477,48,354,query_macro,2026091701,10000,95% unadjusted paired query-cluster percentile
wands,minilm,common_all_fitting,20,32 minus 16,persistent_inclusion,-0.0079119375994375993,-0.017746142746142748,-0.0011574074074074073,48,354,query_macro,2026091701,10000,95% unadjusted paired query-cluster percentile
wands,minilm,common_all_fitting,20,32 minus 16,VI,0.012646497021497021,0.001736111111111111,0.027057173150923149,48,354,query_macro,2026091701,10000,95% unadjusted paired query-cluster percentile
wands,minilm,common_all_fitting,20,32 minus 16,persistent_omission,-0.0047345594220594223,-0.012302223239723241,0,48,354,query_macro,2026091701,10000,95% unadjusted paired query-cluster percentile
wands,minilm,common_all_fitting,20,32 minus 7,persistent_inclusion,-0.013078299015799016,-0.024665149665149669,-0.0039351851851851848,48,354,query_macro,2026091701,10000,95% unadjusted paired query-cluster percentile
wands,minilm,common_all_fitting,20,32 minus 7,VI,0.05248263461578679,0.018233787146830622,0.10248400068882405,48,354,query_macro,2026091701,10000,95% unadjusted paired query-cluster percentile
wands,minilm,common_all_fitting,20,32 minus 7,persistent_omission,-0.039404335599987773,-0.088851193216003002,-0.0086658510571554059,48,354,query_macro,2026091701,10000,95% unadjusted paired query-cluster percentile
wands,minilm,common_all_fitting,100,32 minus 16,persistent_inclusion,-0.025386650386650389,-0.070831743487993495,-0.0016025641025641027,48,354,query_macro,2026091701,10000,95% unadjusted paired query-cluster percentile
wands,minilm,common_all_fitting,100,32 minus 16,VI,0.055216195841195838,0.0084125509906759904,0.11916600471287966,48,354,query_macro,2026091701,10000,95% unadjusted paired query-cluster percentile
wands,minilm,common_all_fitting,100,32 minus 16,persistent_omission,-0.029829545454545456,-0.076728219696969677,0,48,354,query_macro,2026091701,10000,95% unadjusted paired query-cluster percentile
wands,minilm,common_all_fitting,100,32 minus 7,persistent_inclusion,-0.056124526640830986,-0.11013582394356851,-0.018427978900125649,48,354,query_macro,2026091701,10000,95% unadjusted paired query-cluster percentile
wands,minilm,common_all_fitting,100,32 minus 7,VI,0.12959735011365447,0.057297585227272727,0.21447850515275782,48,354,query_macro,2026091701,10000,95% unadjusted paired query-cluster percentile
wands,minilm,common_all_fitting,100,32 minus 7,persistent_omission,-0.073472823472823467,-0.1407040080868206,-0.020833333333333332,48,354,query_macro,2026091701,10000,95% unadjusted paired query-cluster percentile
esci,minilm,full,20,exhaustive_target minus 7,persistent_inclusion,-0.0012280494710872707,-0.0022767256037676186,-0.00040063707052857763,499,4434,query_macro,2026091701,10000,95% unadjusted paired query-cluster percentile
esci,minilm,full,20,exhaustive_target minus 7,VI,0.003361270291682841,0.0016663694435617592,0.0054717418520023728,499,4434,query_macro,2026091701,10000,95% unadjusted paired query-cluster percentile
esci,minilm,full,20,exhaustive_target minus 7,persistent_omission,-0.0021332208205955701,-0.0039840924773289505,-0.00075146505131475127,499,4434,query_macro,2026091701,10000,95% unadjusted paired query-cluster percentile
esci,minilm,full,100,exhaustive_target minus 7,persistent_inclusion,-0.00029689007644919464,-0.00081644771023528539,0,499,4434,query_macro,2026091701,10000,95% unadjusted paired query-cluster percentile
esci,minilm,full,100,exhaustive_target minus 7,VI,0.00075614191345654261,7.4222519112298661e-05,0.0017442291991390186,499,4434,query_macro,2026091701,10000,95% unadjusted paired query-cluster percentile
esci,minilm,full,100,exhaustive_target minus 7,persistent_omission,-0.00045925183700734802,-0.001336005344021376,0,499,4434,query_macro,2026091701,10000,95% unadjusted paired query-cluster percentile
esci,minilm,common_all_fitting,20,exhaustive_target minus 7,persistent_inclusion,-0.00098631239935587762,-0.0020732689210950081,-0.00018115942028985507,460,2578,query_macro,2026091701,10000,95% unadjusted paired query-cluster percentile
esci,minilm,common_all_fitting,20,exhaustive_target minus 7,VI,0.0028692724344898256,0.0011619821402430097,0.0050175669740887127,460,2578,query_macro,2026091701,10000,95% unadjusted paired query-cluster percentile
esci,minilm,common_all_fitting,20,exhaustive_target minus 7,persistent_omission,-0.0018829600351339482,-0.0037550779534475187,-0.00047760210803689073,460,2578,query_macro,2026091701,10000,95% unadjusted paired query-cluster percentile
esci,minilm,common_all_fitting,100,exhaustive_target minus 7,persistent_inclusion,-0.00012077294685990338,-0.00036231884057971015,0,460,2578,query_macro,2026091701,10000,95% unadjusted paired query-cluster percentile
esci,minilm,common_all_fitting,100,exhaustive_target minus 7,VI,0.0002566425120772947,0,0.00064915458937198068,460,2578,query_macro,2026091701,10000,95% unadjusted paired query-cluster percentile
esci,minilm,common_all_fitting,100,exhaustive_target minus 7,persistent_omission,-0.00013586956521739131,-0.00040760869565217389,0,460,2578,query_macro,2026091701,10000,95% unadjusted paired query-cluster percentile
wands,bge_base,full,20,16 minus 7,persistent_inclusion,-0.011139153311544518,-0.018616505553973667,-0.0055564665186210926,128,7125,query_macro,2026091701,10000,95% unadjusted paired query-cluster percentile
wands,bge_base,full,20,16 minus 7,VI,0.035763762985649913,0.0242589226732613,0.049408596308530402,128,7125,query_macro,2026091701,10000,95% unadjusted paired query-cluster percentile
wands,bge_base,full,20,16 minus 7,persistent_omission,-0.024624609674105395,-0.037154883817395443,-0.014870692455360546,128,7125,query_macro,2026091701,10000,95% unadjusted paired query-cluster percentile
wands,bge_base,full,100,16 minus 7,persistent_inclusion,-0.015075812037475791,-0.021378314711696125,-0.009679024214713226,128,7125,query_macro,2026091701,10000,95% unadjusted paired query-cluster percentile
wands,bge_base,full,100,16 minus 7,VI,0.028519590934461575,0.021205960416724155,0.036711766524144623,128,7125,query_macro,2026091701,10000,95% unadjusted paired query-cluster percentile
wands,bge_base,full,100,16 minus 7,persistent_omission,-0.013443778896985784,-0.018383156151462313,-0.0090112205198795269,128,7125,query_macro,2026091701,10000,95% unadjusted paired query-cluster percentile
wands,bge_base,full,20,32 minus 16,persistent_inclusion,-0.0086227191841313344,-0.018310457427334888,-0.0026469915669951704,128,7125,query_macro,2026091701,10000,95% unadjusted paired query-cluster percentile
wands,bge_base,full,20,32 minus 16,VI,0.025134196853331445,0.015627789019535727,0.037055831720687167,128,7125,query_macro,2026091701,10000,95% unadjusted paired query-cluster percentile
wands,bge_base,full,20,32 minus 16,persistent_omission,-0.016511477669200112,-0.024808043513788177,-0.01013091289323508,128,7125,query_macro,2026091701,10000,95% unadjusted paired query-cluster percentile
wands,bge_base,full,20,32 minus 7,persistent_inclusion,-0.019761872495675847,-0.031439391806208354,-0.010681202221968581,128,7125,query_macro,2026091701,10000,95% unadjusted paired query-cluster percentile
wands,bge_base,full,20,32 minus 7,VI,0.060897959838981358,0.045633757844774026,0.078149698300551296,128,7125,query_macro,2026091701,10000,95% unadjusted paired query-cluster percentile
wands,bge_base,full,20,32 minus 7,persistent_omission,-0.041136087343305504,-0.05540144008492337,-0.02884857576497922,128,7125,query_macro,2026091701,10000,95% unadjusted paired query-cluster percentile
wands,bge_base,full,100,32 minus 16,persistent_inclusion,-0.011538479907935949,-0.015978671604283796,-0.0077389743317549595,128,7125,query_macro,2026091701,10000,95% unadjusted paired query-cluster percentile
wands,bge_base,full,100,32 minus 16,VI,0.018766849593766722,0.013866199700177119,0.024162598603721795,128,7125,query_macro,2026091701,10000,95% unadjusted paired query-cluster percentile
wands,bge_base,full,100,32 minus 16,persistent_omission,-0.0072283696858307751,-0.0099812739242748031,-0.004773731618460654,128,7125,query_macro,2026091701,10000,95% unadjusted paired query-cluster percentile
wands,bge_base,full,100,32 minus 7,persistent_inclusion,-0.026614291945411737,-0.034646750029817007,-0.01937509185294195,128,7125,query_macro,2026091701,10000,95% unadjusted paired query-cluster percentile
wands,bge_base,full,100,32 minus 7,VI,0.047286440528228293,0.03722431260090571,0.05802954811929905,128,7125,query_macro,2026091701,10000,95% unadjusted paired query-cluster percentile
wands,bge_base,full,100,32 minus 7,persistent_omission,-0.02067214858281656,-0.026881065167132557,-0.014895323596718496,128,7125,query_macro,2026091701,10000,95% unadjusted paired query-cluster percentile
wands,bge_base,common_all_fitting,20,16 minus 7,persistent_inclusion,-0.005614189505910425,-0.0091434683535677116,-0.0026216466998569719,92,2186,query_macro,2026091701,10000,95% unadjusted paired query-cluster percentile
wands,bge_base,common_all_fitting,20,16 minus 7,VI,0.043109772239257479,0.017830181522344418,0.077547438892394419,92,2186,query_macro,2026091701,10000,95% unadjusted paired query-cluster percentile
wands,bge_base,common_all_fitting,20,16 minus 7,persistent_omission,-0.037495582733347049,-0.071823124066877714,-0.012752083492906331,92,2186,query_macro,2026091701,10000,95% unadjusted paired query-cluster percentile
wands,bge_base,common_all_fitting,100,16 minus 7,persistent_inclusion,-0.012930536963263751,-0.020639445149639342,-0.0065669808677531914,92,2186,query_macro,2026091701,10000,95% unadjusted paired query-cluster percentile
wands,bge_base,common_all_fitting,100,16 minus 7,VI,0.028910002406849673,0.016774697502314629,0.043167001302250978,92,2186,query_macro,2026091701,10000,95% unadjusted paired query-cluster percentile
wands,bge_base,common_all_fitting,100,16 minus 7,persistent_omission,-0.01597946544358592,-0.02544746023137583,-0.0081820871015365407,92,2186,query_macro,2026091701,10000,95% unadjusted paired query-cluster percentile
wands,bge_base,common_all_fitting,20,32 minus 16,persistent_inclusion,-0.023049150728064273,-0.051754067919123223,-0.0047481478607935409,92,2186,query_macro,2026091701,10000,95% unadjusted paired query-cluster percentile
wands,bge_base,common_all_fitting,20,32 minus 16,VI,0.044951927321614023,0.020997001587280982,0.077230957434862607,92,2186,query_macro,2026091701,10000,95% unadjusted paired query-cluster percentile
wands,bge_base,common_all_fitting,20,32 minus 16,persistent_omission,-0.021902776593549753,-0.039043385512707161,-0.0093146319141610163,92,2186,query_macro,2026091701,10000,95% unadjusted paired query-cluster percentile
wands,bge_base,common_all_fitting,20,32 minus 7,persistent_inclusion,-0.0286633402339747,-0.057282586230177221,-0.0097820529918282283,92,2186,query_macro,2026091701,10000,95% unadjusted paired query-cluster percentile
wands,bge_base,common_all_fitting,20,32 minus 7,VI,0.088061699560871509,0.052715051970754392,0.13229231152314086,92,2186,query_macro,2026091701,10000,95% unadjusted paired query-cluster percentile
wands,bge_base,common_all_fitting,20,32 minus 7,persistent_omission,-0.059398359326896799,-0.09683519029855106,-0.029968310757298181,92,2186,query_macro,2026091701,10000,95% unadjusted paired query-cluster percentile
wands,bge_base,common_all_fitting,100,32 minus 16,persistent_inclusion,-0.017256121114611982,-0.031809874521859578,-0.0066501142751936122,92,2186,query_macro,2026091701,10000,95% unadjusted paired query-cluster percentile
wands,bge_base,common_all_fitting,100,32 minus 16,VI,0.023557962727563692,0.012325282431703178,0.038231168854513518,92,2186,query_macro,2026091701,10000,95% unadjusted paired query-cluster percentile
wands,bge_base,common_all_fitting,100,32 minus 16,persistent_omission,-0.0063018416129517101,-0.010547374703457731,-0.0027573402355050179,92,2186,query_macro,2026091701,10000,95% unadjusted paired query-cluster percentile
wands,bge_base,common_all_fitting,100,32 minus 7,persistent_inclusion,-0.030186658077875735,-0.047471959104576418,-0.016187043151992198,92,2186,query_macro,2026091701,10000,95% unadjusted paired query-cluster percentile
wands,bge_base,common_all_fitting,100,32 minus 7,VI,0.052467965134413375,0.033910892746240755,0.073668617279099069,92,2186,query_macro,2026091701,10000,95% unadjusted paired query-cluster percentile
wands,bge_base,common_all_fitting,100,32 minus 7,persistent_omission,-0.022281307056537632,-0.033161402145084402,-0.013079860004604442,92,2186,query_macro,2026091701,10000,95% unadjusted paired query-cluster percentile
esci,bge_base,full,20,exhaustive_target minus 7,persistent_inclusion,-0.0027116504070411889,-0.0051770941149698662,-0.00083500334001335998,499,4434,query_macro,2026091701,10000,95% unadjusted paired query-cluster percentile
esci,bge_base,full,20,exhaustive_target minus 7,VI,0.0073114177072092909,0.0032513256060350249,0.012741990008710947,499,4434,query_macro,2026091701,10000,95% unadjusted paired query-cluster percentile
esci,bge_base,full,20,exhaustive_target minus 7,persistent_omission,-0.0045997673001681016,-0.0097665316897531315,-0.0012835618581485322,499,4434,query_macro,2026091701,10000,95% unadjusted paired query-cluster percentile
esci,bge_base,full,100,exhaustive_target minus 7,persistent_inclusion,-0.0003118773158853319,-0.00076515209906993461,0,499,4434,query_macro,2026091701,10000,95% unadjusted paired query-cluster percentile
esci,bge_base,full,100,exhaustive_target minus 7,VI,0.00093812982089535191,0.00027940496377370128,0.0018115863901184543,499,4434,query_macro,2026091701,10000,95% unadjusted paired query-cluster percentile
esci,bge_base,full,100,exhaustive_target minus 7,persistent_omission,-0.00062625250501002002,-0.0014135413684511879,-7.1571714858287999e-05,499,4434,query_macro,2026091701,10000,95% unadjusted paired query-cluster percentile
esci,bge_base,common_all_fitting,20,exhaustive_target minus 7,persistent_inclusion,-0.0027403721051262033,-0.0053101824746291963,-0.0007399817850637523,488,3587,query_macro,2026091701,10000,95% unadjusted paired query-cluster percentile
esci,bge_base,common_all_fitting,20,exhaustive_target minus 7,VI,0.0080423672573345217,0.003684690374653514,0.013838175797680692,488,3587,query_macro,2026091701,10000,95% unadjusted paired query-cluster percentile
esci,bge_base,common_all_fitting,20,exhaustive_target minus 7,persistent_omission,-0.0053019951522083174,-0.010672656720292231,-0.0017125410096340925,488,3587,query_macro,2026091701,10000,95% unadjusted paired query-cluster percentile
esci,bge_base,common_all_fitting,100,exhaustive_target minus 7,persistent_inclusion,-0.00037393162393162396,-0.00086170659941151744,0,488,3587,query_macro,2026091701,10000,95% unadjusted paired query-cluster percentile
esci,bge_base,common_all_fitting,100,exhaustive_target minus 7,VI,0.0010865472187193499,0.00031306921675774133,0.0020837985585680252,488,3587,query_macro,2026091701,10000,95% unadjusted paired query-cluster percentile
esci,bge_base,common_all_fitting,100,exhaustive_target minus 7,persistent_omission,-0.0007126155947877259,-0.001612662226775956,-8.5382513661202186e-05,488,3587,query_macro,2026091701,10000,95% unadjusted paired query-cluster percentile
