query_id,query,n_judged,n_exact,cNDCG@10,cNDCG@20,Recall@10,ExactHit@10,JudgedCoverage@10,Recall@20,ExactHit@20,JudgedCoverage@20,Recall@50,ExactHit@50,JudgedCoverage@50,MRR,ExplicitIrrelevant@10,Unjudged@10,Top20BoundaryTied
0,salon chair,3301,39,0.9134166588977729,0.8863202679004962,0.003316749585406302,1.0,1.0,0.006301824212271974,1.0,1.0,0.013266998341625208,1.0,0.96,1.0,0.0,0.0,0.0
1,smart coffee table,1436,8,0.3649302102017378,0.5037445654553807,0.007052186177715092,0.0,1.0,0.013399153737658674,1.0,0.95,0.03244005641748942,1.0,0.92,1.0,0.0,0.0,0.0
2,dinosaur,165,151,1.0,1.0,0.06329113924050633,1.0,1.0,0.12658227848101267,1.0,1.0,0.31645569620253167,1.0,1.0,1.0,0.0,0.0,0.0
3,turquoise pillows,997,55,0.9510907186004265,0.8139609958071478,0.012953367875647668,1.0,1.0,0.02461139896373057,1.0,1.0,0.05181347150259067,1.0,0.86,1.0,0.0,0.0,0.0
4,chair and a half recliner,239,23,0.48006117753205346,0.44993667346748967,0.010526315789473684,1.0,0.2,0.021052631578947368,1.0,0.2,0.08947368421052632,1.0,0.34,1.0,0.0,0.8,0.0
5,sofa with ottoman,1344,179,0.9477344873475497,0.8956794768128695,0.006111535523300229,1.0,0.8,0.012987012987012988,1.0,0.85,0.03208556149732621,1.0,0.84,0.5,0.0,0.19999999999999996,0.0
6,acrylic clear chair,109,43,1.0,0.9197895220399404,0.09090909090909091,1.0,0.9,0.15151515151515152,1.0,0.75,0.21212121212121213,1.0,0.44,1.0,0.0,0.09999999999999998,0.0
7,driftwood mirror,603,23,0.9053206285482486,0.8722614021491524,0.018691588785046728,1.0,1.0,0.037383177570093455,1.0,1.0,0.09158878504672897,1.0,1.0,1.0,0.0,0.0,0.0
8,home sweet home sign,105,25,0.8481064169964802,0.7124972468919143,0.07446808510638298,1.0,0.7,0.09574468085106383,1.0,0.45,0.2765957446808511,1.0,0.52,1.0,0.0,0.30000000000000004,0.0
9,coffee table fire pit,1516,74,1.0,1.0,0.006622516556291391,1.0,1.0,0.013245033112582781,1.0,1.0,0.031788079470198675,1.0,0.96,1.0,0.0,0.0,0.0
10,king poster bed,177,21,0.955830517697074,0.8512460788179873,0.056818181818181816,1.0,1.0,0.11363636363636363,1.0,1.0,0.26136363636363635,1.0,0.92,1.0,0.0,0.0,0.0
11,ombre rug,1428,65,0.9477344873475497,0.9662695446835886,0.007042253521126761,1.0,1.0,0.014084507042253521,1.0,1.0,0.035211267605633804,1.0,1.0,1.0,0.0,0.0,0.0
12,large spoon and fork wall decor,225,27,0.955830517697074,0.8459246962131899,0.056818181818181816,1.0,1.0,0.10227272727272728,1.0,0.95,0.17613636363636365,1.0,0.68,1.0,0.0,0.0,0.0
13,outdoor privacy wall,122,46,0.9368077570869662,0.9369261288248365,0.14035087719298245,1.0,0.8,0.3157894736842105,1.0,0.9,0.5789473684210527,1.0,0.7,1.0,0.0,0.19999999999999996,0.0
14,beds that have leds,2692,20,0.4032683563902403,0.3775677805963978,0.004455760661998727,1.0,0.9,0.008274984086569064,1.0,0.8,0.01782304264799491,1.0,0.76,1.0,0.2,0.09999999999999998,0.0
15,black 5 drawer dresser by guilford,613,2,0.6675139551208341,0.7480915721080779,0.016722408026755852,1.0,1.0,0.033444816053511704,1.0,1.0,0.07859531772575251,1.0,0.96,1.0,0.0,0.0,0.0
16,blk 18x18 seat cushions,493,4,0.6123372897938478,0.6713566605004466,0.011278195488721804,0.0,0.3,0.03383458646616541,1.0,0.45,0.06390977443609022,1.0,0.36,1.0,0.0,0.7,0.0
17,closet storage with zipper,103,21,0.7322633779828331,0.6670310872762792,0.04854368932038835,1.0,0.5,0.11650485436893204,1.0,0.6,0.2815533980582524,1.0,0.58,1.0,0.0,0.5,0.0
18,chrome bathroom 4 light vanity light,1053,34,0.7123053030583436,0.6487314280568164,0.029197080291970802,1.0,0.8,0.06569343065693431,1.0,0.9,0.17518248175182483,1.0,0.96,1.0,0.0,0.19999999999999996,0.0
19,gurney  slade 56,14,0,0.9363792118010483,0.9958564045300905,0.5,,0.5,0.6,,0.3,0.6,,0.12,0.5,0.0,0.5,0.0
20,foutains with brick look,94,12,0.23158837202009963,0.34197444484616885,0.03333333333333333,0.0,0.5,0.08888888888888889,0.0,0.5,0.1111111111111111,0.0,0.26,0.5,0.2,0.5,0.0
21,living curtains pearl,127,1,0.8032285550939751,0.857572190184248,0.023622047244094488,0.0,0.3,0.05511811023622047,1.0,0.35,0.11811023622047244,1.0,0.3,0.3333333333333333,0.0,0.7,0.0
22,light and navy blue decorative pillow,251,22,0.4589627680851436,0.5330679306731299,0.04081632653061224,1.0,0.8,0.07653061224489796,1.0,0.75,0.14285714285714285,1.0,0.56,1.0,0.0,0.19999999999999996,0.0
23,stoneford end tables white and wood,1266,0,1.0,1.0,0.007328990228013029,,0.9,0.015472312703583062,,0.95,0.03664495114006515,,0.92,1.0,0.0,0.09999999999999998,0.0
24,wood coffee table set by storage,2559,84,0.558656096551199,0.5961499483035531,0.004764173415912339,1.0,1.0,0.009528346831824679,1.0,1.0,0.023820867079561697,1.0,1.0,1.0,0.0,0.0,0.0
25,sunflower,242,227,1.0,1.0,0.04329004329004329,1.0,1.0,0.08658008658008658,1.0,1.0,0.21645021645021645,1.0,1.0,1.0,0.0,0.0,0.0
26,leather chairs,3746,876,0.9537125187088151,0.9222461512321547,0.0030422878004259203,1.0,1.0,0.0060845756008518406,1.0,1.0,0.014298752662001825,1.0,0.96,1.0,0.0,0.0,0.0
27,outdoor welcome rug,344,100,0.5876535327723719,0.569738760141011,0.02631578947368421,1.0,0.9,0.03508771929824561,1.0,0.6,0.06140350877192982,1.0,0.42,1.0,0.0,0.09999999999999998,0.0
28,rooster decor,725,175,1.0,1.0,0.03333333333333333,1.0,1.0,0.06666666666666667,1.0,1.0,0.16666666666666666,1.0,1.0,1.0,0.0,0.0,0.0
29,bathroom vanity knobs,802,138,0.7542686714597936,0.5970313085887465,0.050724637681159424,1.0,1.0,0.07246376811594203,1.0,1.0,0.15942028985507245,1.0,0.98,1.0,0.3,0.0,0.0
30,3 1/2 inch drawer pull,549,88,0.5315796557430237,0.5342182677215221,0.026470588235294117,1.0,0.9,0.05588235294117647,1.0,0.95,0.12941176470588237,1.0,0.88,1.0,0.0,0.09999999999999998,0.0
31,burnt orange curtains,168,1,0.6943559465628248,0.7787676299523247,0.05357142857142857,0.0,0.9,0.09523809523809523,0.0,0.8,0.17261904761904762,0.0,0.58,1.0,0.0,0.09999999999999998,0.0
32,dark gray dresser,211,3,0.8864335680588812,0.9115210861339315,0.027472527472527472,1.0,0.5,0.06043956043956044,1.0,0.55,0.11538461538461539,1.0,0.42,1.0,0.0,0.5,0.0
33,non slip shower floor tile,669,125,0.45086673773561947,0.5255720088498653,0.01818181818181818,1.0,0.7,0.04155844155844156,1.0,0.8,0.09610389610389611,1.0,0.74,1.0,0.0,0.30000000000000004,0.0
34,bar stool with backrest,740,374,0.7568371608459036,0.7493433224654342,0.013605442176870748,1.0,1.0,0.02585034013605442,1.0,0.95,0.0653061224489796,1.0,0.96,1.0,0.0,0.0,0.0
35,enclosed shoe rack,174,51,0.3333333333333333,0.35974737803721046,0.05813953488372093,0.0,1.0,0.11046511627906977,1.0,0.95,0.27325581395348836,1.0,0.94,1.0,0.0,0.0,0.0
36,laundry basket with wheels,157,37,0.7890254564105805,0.7263721274949249,0.05128205128205128,1.0,0.8,0.08974358974358974,1.0,0.7,0.23717948717948717,1.0,0.74,1.0,0.0,0.19999999999999996,0.0
37,bar stool 24 inches height,875,110,0.4891005388287368,0.433860401720917,0.010935601458080195,1.0,0.9,0.023086269744835967,1.0,0.95,0.05953827460510328,1.0,0.98,1.0,0.0,0.09999999999999998,0.0
38,calvin patio chair,255,1,0.6943559465628248,0.8299559804270543,0.03773584905660377,0.0,0.8,0.07547169811320754,0.0,0.8,0.16037735849056603,1.0,0.68,1.0,0.0,0.19999999999999996,0.0
39,door jewelry organizer,149,31,0.48006117753205346,0.4522642184147975,0.06711409395973154,1.0,1.0,0.1342281879194631,1.0,1.0,0.33557046979865773,1.0,1.0,1.0,0.0,0.0,0.0
40,elegant executive chair,166,40,0.4891005388287368,0.5304769726125719,0.06097560975609756,1.0,1.0,0.12195121951219512,1.0,1.0,0.2926829268292683,1.0,0.96,1.0,0.0,0.0,0.0
41,closet pull out valet rod,143,19,0.8650111786183293,0.8088469106904146,0.125,1.0,1.0,0.25,1.0,1.0,0.4875,1.0,0.9,1.0,0.0,0.0,0.0
42,toddler couch fold out,149,3,0.7788424178534618,0.8276974777924082,0.12,1.0,0.9,0.22666666666666666,1.0,0.85,0.4266666666666667,1.0,0.64,1.0,0.0,0.09999999999999998,0.0
43,solid teak end table,1231,22,0.9575861412006988,0.7984282611680239,0.009514747859181731,1.0,1.0,0.01807802093244529,1.0,1.0,0.04091341579448145,1.0,0.92,1.0,0.0,0.0,0.0
44,chrome shower head and valve,219,33,0.5479670261258659,0.5900913854390026,0.04608294930875576,1.0,1.0,0.09216589861751152,1.0,1.0,0.22580645161290322,1.0,0.98,1.0,0.0,0.0,0.0
45,70s inspired furniture,169,20,0.3333333333333333,0.33549114279195735,0.018691588785046728,1.0,0.3,0.056074766355140186,1.0,0.35,0.14953271028037382,1.0,0.42,0.1111111111111111,0.1,0.7,0.0
46,beach blue headboard,104,5,0.6490650483905592,0.7167909375841298,0.049019607843137254,1.0,0.5,0.0784313725490196,1.0,0.4,0.12745098039215685,1.0,0.26,1.0,0.0,0.5,0.0
47,porcelain loaf pan,105,0,1.0,1.0,0.1,,1.0,0.2,,1.0,0.49,,1.0,1.0,0.0,0.0,0.0
48,arwen table lamp,282,1,0.6943559465628248,0.8318219102981712,0.03546099290780142,0.0,1.0,0.06028368794326241,1.0,0.85,0.14893617021276595,1.0,0.84,1.0,0.0,0.0,0.0
49,moen matte black hooks,135,0,1.0,1.0,0.0603448275862069,,0.7,0.11206896551724138,,0.65,0.1724137931034483,,0.4,1.0,0.0,0.30000000000000004,0.0
50,tufted chair with gold legs,404,28,0.5690654355727758,0.5550159050113341,0.023017902813299233,1.0,0.9,0.04092071611253197,1.0,0.8,0.0741687979539642,1.0,0.58,1.0,0.0,0.09999999999999998,0.0
51,kohen 5 drawer dresser,595,1,0.6943559465628248,0.8368742090805228,0.017006802721088437,0.0,1.0,0.034013605442176874,1.0,1.0,0.08333333333333333,1.0,0.98,1.0,0.0,0.0,0.0
52,westling coffee table,1433,0,1.0,1.0,0.007042253521126761,,1.0,0.014084507042253521,,1.0,0.03309859154929577,,0.94,1.0,0.0,0.0,0.0
53,carolyn console table,610,0,1.0,1.0,0.01639344262295082,,1.0,0.03278688524590164,,1.0,0.08196721311475409,,1.0,1.0,0.0,0.0,0.0
54,wayfair sleep zippered,143,5,0.6267490438585046,0.7419042915113703,0.06521739130434782,1.0,0.9,0.13043478260869565,1.0,0.9,0.3333333333333333,1.0,0.92,1.0,0.0,0.09999999999999998,0.0
55,tollette teal outdoor rug,171,1,0.6943559465628248,0.840478838926804,0.058823529411764705,0.0,1.0,0.11764705882352941,1.0,1.0,0.28823529411764703,1.0,0.98,1.0,0.0,0.0,0.0
56,royal blue counter height chairs,344,0,0.4283650469300963,0.3888906418408695,0.008658008658008658,,0.8,0.030303030303030304,,0.75,0.05194805194805195,,0.58,1.0,0.6,0.19999999999999996,0.0
57,jordanna solid wood rocking,1406,1,0.7523951423373073,0.7376368326802737,0.02631578947368421,1.0,0.9,0.04736842105263158,1.0,0.7,0.14210526315789473,1.0,0.78,1.0,0.4,0.09999999999999998,0.0
58,medium size chandelier,164,63,0.5752579402228116,0.6048087314088928,0.030864197530864196,1.0,0.5,0.04938271604938271,1.0,0.4,0.1111111111111111,1.0,0.36,1.0,0.0,0.5,0.0
59,broadway lever,165,43,1.0,1.0,0.06451612903225806,1.0,1.0,0.12903225806451613,1.0,1.0,0.3225806451612903,1.0,1.0,1.0,0.0,0.0,0.0
60,capricorn chest,332,3,0.3029410231246128,0.4569256062697803,0.012345679012345678,1.0,1.0,0.040123456790123455,1.0,0.95,0.1111111111111111,1.0,0.86,0.25,0.6,0.0,0.0
61,overstreet rustic pub stools,162,1,0.6943559465628248,0.8340757224642434,0.04938271604938271,0.0,0.8,0.08641975308641975,0.0,0.7,0.19135802469135801,1.0,0.62,1.0,0.0,0.19999999999999996,0.0
62,7qt slow cooker,157,9,0.5483415126333788,0.6567419125677878,0.06756756756756757,1.0,1.0,0.13513513513513514,1.0,1.0,0.33783783783783783,1.0,1.0,1.0,0.0,0.0,0.0
63,monthly calendar,115,72,1.0,0.9565311588560688,0.09433962264150944,1.0,1.0,0.18867924528301888,1.0,1.0,0.4716981132075472,1.0,1.0,1.0,0.0,0.0,0.0
64,zachary 72.5,77,1,1.0,0.9478786845897117,0.02702702702702703,1.0,0.2,0.02702702702702703,1.0,0.1,0.02702702702702703,1.0,0.04,0.16666666666666666,0.0,0.8,0.0
65,gnome fairy garden,156,38,0.5534250996314135,0.5017874176708679,0.06535947712418301,1.0,1.0,0.13071895424836602,1.0,1.0,0.32679738562091504,1.0,1.0,1.0,0.0,0.0,0.0
66,novara pergola,69,1,0.8871958738785231,0.9183497146685337,0.15625,1.0,1.0,0.3125,1.0,1.0,0.78125,1.0,1.0,1.0,0.0,0.0,0.0
67,osgood mirror,587,0,0.9216017310213247,0.9120975666589382,0.017857142857142856,,1.0,0.03571428571428571,,1.0,0.08531746031746032,,0.96,1.0,0.1,0.0,0.0
68,nautical platters,204,89,0.8235865181817077,0.7435750667522952,0.05952380952380952,1.0,1.0,0.11904761904761904,1.0,1.0,0.2976190476190476,1.0,1.0,1.0,0.0,0.0,0.0
69,wall sconce with usb port,235,13,0.433395817168949,0.46041278892753895,0.04477611940298507,1.0,1.0,0.0845771144278607,1.0,0.95,0.21890547263681592,1.0,0.98,1.0,0.1,0.0,0.0
70,annex dresser,504,1,0.6943559465628248,0.7787676299523247,0.019880715705765408,0.0,1.0,0.03777335984095427,0.0,0.95,0.09343936381709742,1.0,0.96,1.0,0.0,0.0,0.0
71,infant girl crib bedding,139,47,0.769814415927571,0.8016184558508591,0.07246376811594203,1.0,1.0,0.14492753623188406,1.0,1.0,0.36231884057971014,1.0,1.0,1.0,0.0,0.0,0.0
72,fold in half table,174,85,1.0,1.0,0.06134969325153374,1.0,1.0,0.12269938650306748,1.0,1.0,0.3006134969325153,1.0,1.0,1.0,0.0,0.0,0.0
73,certified international melamine,181,0,1.0,1.0,0.05660377358490566,,0.9,0.1069182389937107,,0.85,0.27672955974842767,,0.88,1.0,0.0,0.09999999999999998,0.0
74,serta kleinmon,87,3,0.9673399266021623,0.9745547361871417,0.07142857142857142,1.0,0.6,0.10714285714285714,1.0,0.45,0.2261904761904762,1.0,0.38,1.0,0.0,0.4,0.0
75,sheffield home bath set,231,4,0.44011532792627894,0.5937462622125669,0.06569343065693431,0.0,0.9,0.10948905109489052,0.0,0.8,0.23357664233576642,1.0,0.72,0.5,0.0,0.09999999999999998,0.0
76,46 inch closet door,135,2,0.4865104587627948,0.48733113589247273,0.10909090909090909,0.0,0.8,0.18181818181818182,0.0,0.75,0.3090909090909091,1.0,0.58,1.0,0.2,0.19999999999999996,0.0
77,sancroft armchair,661,1,0.6943559465628248,0.7787676299523247,0.015128593040847202,0.0,1.0,0.028744326777609682,0.0,0.95,0.06656580937972768,0.0,0.88,1.0,0.0,0.0,0.0
78,dorel vanity,948,3,0.5159958223394444,0.6229152997582164,0.011723329425556858,0.0,1.0,0.022274325908558032,0.0,0.95,0.05744431418522861,0.0,0.98,1.0,0.0,0.0,0.0
79,palram harmony greenhouses,122,0,1.0,0.8524213126144046,0.09523809523809523,,1.0,0.1523809523809524,,1.0,0.4,,0.96,1.0,0.0,0.0,0.0
80,7 draw white dresser,198,39,0.6353762499034359,0.6714135877999616,0.03571428571428571,1.0,0.7,0.07653061224489796,1.0,0.75,0.1989795918367347,1.0,0.78,1.0,0.0,0.30000000000000004,0.0
81,orren ellis l shape desk,233,75,0.5882764760557853,0.5701547880339448,0.0410958904109589,1.0,0.9,0.0867579908675799,1.0,0.95,0.1872146118721461,1.0,0.82,1.0,0.0,0.09999999999999998,0.0
82,bathroom vanity with counter space,668,53,0.49120494769811857,0.4352185184930255,0.013761467889908258,1.0,0.9,0.0290519877675841,1.0,0.95,0.06574923547400612,1.0,0.86,1.0,0.0,0.09999999999999998,0.0
83,wall art fiji,103,0,0.9337457765456111,0.9572416874849684,0.041237113402061855,,0.4,0.061855670103092786,,0.3,0.12371134020618557,,0.26,1.0,0.0,0.6,0.0
84,full metal bed rose gold,299,1,0.09421399586938177,0.14549964064171764,0.0,0.0,0.7,0.009569377990430622,0.0,0.65,0.05263157894736842,0.0,0.62,0.09090909090909091,0.7,0.30000000000000004,0.0
85,3/4 size mattress,152,0,1.0,1.0,0.018867924528301886,,0.2,0.03773584905660377,,0.2,0.10377358490566038,,0.22,0.3333333333333333,0.0,0.8,0.0
86,aloe vera plant pot,142,15,0.3965255762463672,0.501087597857232,0.07246376811594203,1.0,1.0,0.14492753623188406,1.0,1.0,0.36231884057971014,1.0,1.0,1.0,0.0,0.0,0.0
87,vlad modular sectional,221,0,1.0,1.0,0.04524886877828054,,1.0,0.09049773755656108,,1.0,0.22171945701357465,,0.98,1.0,0.0,0.0,0.0
88,rose gold lounge,159,1,0.17119384430339893,0.23200260152079627,0.027777777777777776,0.0,0.8,0.037037037037037035,0.0,0.7,0.1111111111111111,0.0,0.54,0.25,0.5,0.19999999999999996,0.0
89,whimsical solar lights,142,68,0.8382547631433311,0.8025908558514172,0.05925925925925926,1.0,0.8,0.11851851851851852,1.0,0.8,0.32592592592592595,1.0,0.88,1.0,0.0,0.19999999999999996,0.0
90,filaret outdoor sofa,242,0,1.0,1.0,0.03734439834024896,,0.9,0.07883817427385892,,0.95,0.16182572614107885,,0.8,1.0,0.0,0.09999999999999998,0.0
91,industrial pipe dining  table,686,8,0.5856427970576012,0.7210414543528428,0.014925373134328358,1.0,1.0,0.028358208955223882,1.0,0.95,0.05373134328358209,1.0,0.82,1.0,0.0,0.0,0.0
92,antique silver entry table,170,0,1.0,0.961615361834617,0.030120481927710843,,0.5,0.06626506024096386,,0.55,0.09036144578313253,,0.32,0.3333333333333333,0.0,0.5,0.0
93,outdoor sectional dining,233,58,0.5534250996314135,0.5249541994701136,0.03619909502262444,1.0,0.8,0.05429864253393665,1.0,0.6,0.10407239819004525,1.0,0.48,0.5,0.0,0.19999999999999996,0.0
94,kohler whitehaven farmhouse kitchen sink,197,4,0.6005540286277394,0.7219769421630922,0.06666666666666667,1.0,1.0,0.13333333333333333,1.0,1.0,0.3333333333333333,1.0,1.0,1.0,0.0,0.0,0.0
95,entertainment stand end table,820,49,0.49507857019000223,0.4842476142183822,0.006134969325153374,1.0,0.5,0.011042944785276074,1.0,0.45,0.026993865030674847,1.0,0.44,1.0,0.0,0.5,0.0
96,bar room wall decor,384,75,0.955830517697074,0.9057339562562386,0.03546099290780142,1.0,1.0,0.06028368794326241,1.0,0.85,0.1595744680851064,1.0,0.9,1.0,0.0,0.0,0.0
97,regner power loom red,197,1,0.7962372977085499,0.8525117533015497,0.05102040816326531,1.0,1.0,0.07653061224489796,1.0,0.75,0.14795918367346939,1.0,0.58,1.0,0.0,0.0,0.0
98,gracie oaks 62 oller 14 ceiling fan,124,0,1.0,1.0,0.08849557522123894,,1.0,0.17699115044247787,,1.0,0.4336283185840708,,1.0,1.0,0.0,0.0,0.0
99,arched christmas tree,121,0,1.0,1.0,0.09009009009009009,,1.0,0.18018018018018017,,1.0,0.42342342342342343,,0.96,1.0,0.0,0.0,0.0
100,tufted upholstered bed diamond,887,211,0.9008240627729516,0.7963027667129696,0.009852216748768473,1.0,0.8,0.019704433497536946,1.0,0.8,0.04433497536945813,1.0,0.72,1.0,0.0,0.19999999999999996,0.0
101,48 in entry table with side by side drawer,283,4,0.6005540286277394,0.6434758689372788,0.015444015444015444,1.0,0.4,0.04247104247104247,1.0,0.55,0.06177606177606178,1.0,0.36,1.0,0.0,0.6,0.0
102,flamingo,68,57,0.92663607790064,0.9526533201221142,0.15789473684210525,1.0,1.0,0.3333333333333333,1.0,1.0,0.8421052631578947,1.0,1.0,1.0,0.1,0.0,0.0
103,kitchen anti fatigue mats,368,230,0.92663607790064,0.8825499525066618,0.027247956403269755,1.0,1.0,0.05449591280653951,1.0,1.0,0.1362397820163488,1.0,1.0,1.0,0.0,0.0,0.0
104,flour and sugar containers,179,12,0.44236092441353086,0.6108499826568569,0.05056179775280899,1.0,0.9,0.10674157303370786,1.0,0.95,0.24157303370786518,1.0,0.86,1.0,0.0,0.09999999999999998,0.0
105,outdoor movie screen,149,62,1.0,1.0,0.07352941176470588,1.0,1.0,0.14705882352941177,1.0,1.0,0.36764705882352944,1.0,1.0,1.0,0.0,0.0,0.0
106,bed risers,2245,36,1.0,0.9504191734968772,0.10526315789473684,1.0,1.0,0.21052631578947367,1.0,1.0,0.4,1.0,1.0,1.0,0.0,0.0,0.0
107,front porch furniture sets,309,43,0.5211050586064612,0.49484529521424864,0.0033003300330033004,0.0,0.1,0.009900990099009901,1.0,0.15,0.0429042904290429,1.0,0.26,1.0,0.0,0.9,0.0
108,ayesha curry kitchen,131,81,1.0,1.0,0.07936507936507936,1.0,1.0,0.15873015873015872,1.0,1.0,0.3968253968253968,1.0,1.0,1.0,0.0,0.0,0.0
109,hillsby oriental rug,247,39,0.9048032373092417,0.8881021919924101,0.03643724696356275,1.0,0.9,0.06882591093117409,1.0,0.85,0.14979757085020243,1.0,0.74,1.0,0.0,0.09999999999999998,0.0
110,mila task chair,348,0,1.0,1.0,0.02881844380403458,,1.0,0.05763688760806916,,1.0,0.138328530259366,,0.96,1.0,0.0,0.0,0.0
111,delta trinsic,161,69,1.0,0.9757624746743075,0.06451612903225806,1.0,1.0,0.12903225806451613,1.0,1.0,0.2967741935483871,1.0,0.92,1.0,0.0,0.0,0.0
112,pineapple,271,266,1.0,1.0,0.03759398496240601,1.0,1.0,0.07518796992481203,1.0,1.0,0.18796992481203006,1.0,1.0,1.0,0.0,0.0,0.0
113,led light strip,432,75,0.955830517697074,0.9714944583233123,0.026455026455026454,1.0,1.0,0.05291005291005291,1.0,1.0,0.13227513227513227,1.0,1.0,1.0,0.0,0.0,0.0
114,geralyn upholstered storage platform bed,1252,3,0.5159958223394444,0.6707360565360166,0.008136696501220505,0.0,1.0,0.01627339300244101,1.0,1.0,0.04068348250610252,1.0,1.0,1.0,0.0,0.0,0.0
115,peacock,224,202,1.0,1.0,0.04878048780487805,1.0,1.0,0.0975609756097561,1.0,1.0,0.24390243902439024,1.0,1.0,1.0,0.0,0.0,0.0
116,brockham solid blackout thermal grommet curtain panels,595,0,1.0,1.0,0.01721170395869191,,1.0,0.03442340791738382,,1.0,0.08605851979345955,,1.0,1.0,0.0,0.0,0.0
117,tall storage cabinet,430,128,0.79584090434403,0.7273074709955224,0.019002375296912115,1.0,0.8,0.026128266033254157,1.0,0.55,0.06175771971496437,1.0,0.52,1.0,0.0,0.19999999999999996,0.0
118,body pillow case,216,94,1.0,1.0,0.046296296296296294,1.0,1.0,0.09259259259259259,1.0,1.0,0.23148148148148148,1.0,1.0,1.0,0.0,0.0,0.0
119,welcome sign,441,158,1.0,0.9071879842138927,0.0273972602739726,1.0,1.0,0.0547945205479452,1.0,1.0,0.136986301369863,1.0,1.0,1.0,0.0,0.0,0.0
120,zodiac pillow,979,33,0.9510907186004265,0.8982271594221147,0.012077294685990338,1.0,1.0,0.024154589371980676,1.0,1.0,0.057971014492753624,1.0,1.0,1.0,0.0,0.0,0.0
121,upholstered bed,2977,726,0.7416187562963051,0.7984990091602958,0.004932182490752158,1.0,1.0,0.010480887792848335,1.0,1.0,0.02651048088779285,1.0,1.0,1.0,0.2,0.0,0.0
122,king size bed,448,375,0.6894512701078089,0.7772903286987316,0.016666666666666666,1.0,0.8,0.03333333333333333,1.0,0.75,0.07380952380952381,1.0,0.66,0.5,0.1,0.19999999999999996,0.0
123,entrance table,4329,187,0.4953784485584689,0.4488834491747541,0.0030701754385964912,1.0,1.0,0.004824561403508772,1.0,0.8,0.009210526315789473,1.0,0.74,1.0,0.3,0.0,0.0
124,unique coffee tables,1467,324,0.6984622249067036,0.6124444390780884,0.006191950464396285,1.0,1.0,0.01393188854489164,1.0,1.0,0.0348297213622291,1.0,1.0,1.0,0.2,0.0,0.0
125,boho bed frame,283,1,0.36216112107034326,0.520937104429333,0.008,0.0,0.5,0.032,1.0,0.6,0.044,1.0,0.32,0.16666666666666666,0.3,0.5,0.0
126,leather dining chairs,719,241,1.0,1.0,0.014749262536873156,1.0,1.0,0.028023598820058997,1.0,0.95,0.06784660766961652,1.0,0.92,1.0,0.0,0.0,0.0
127,wine bar,1580,159,0.7975167679274938,0.7890747769968125,0.02867383512544803,1.0,1.0,0.06093189964157706,1.0,1.0,0.13978494623655913,1.0,0.96,1.0,0.2,0.0,0.0
128,block coffee table,1455,113,0.7245949812329288,0.6782454418110985,0.007326007326007326,1.0,1.0,0.014652014652014652,1.0,1.0,0.035164835164835165,1.0,0.98,1.0,0.0,0.0,0.0
129,wainscoting ideas,185,28,0.5700206416545304,0.4734338119179434,0.05263157894736842,1.0,0.6,0.08421052631578947,1.0,0.6,0.1368421052631579,1.0,0.34,1.0,0.1,0.4,0.0
130,entertainment console,875,187,0.7606971932189102,0.7980620429533596,0.00576036866359447,1.0,0.5,0.010368663594470046,1.0,0.45,0.03110599078341014,1.0,0.54,0.3333333333333333,0.0,0.5,0.0
131,kids chair,3479,173,1.0,0.9735859552961229,0.0055309734513274336,1.0,1.0,0.009402654867256638,1.0,0.85,0.01991150442477876,1.0,0.8,1.0,0.0,0.0,0.0
132,farmhouse cabinet,1260,42,0.7318249561818985,0.5443941244945619,0.01353637901861252,1.0,1.0,0.023688663282571912,1.0,1.0,0.038917089678511,1.0,0.64,1.0,0.2,0.0,0.0
133,outdoor light fixtures,227,170,0.8364586133797036,0.8126942124864218,0.03,1.0,0.8,0.06,1.0,0.7,0.15,1.0,0.7,1.0,0.2,0.19999999999999996,0.0
134,black hanging bookshelf,150,3,0.5159958223394444,0.5815529368604012,0.03278688524590164,0.0,0.4,0.040983606557377046,0.0,0.25,0.12295081967213115,0.0,0.3,0.2,0.0,0.6,0.0
135,low profile loveseat recliner,552,10,0.5997125809225984,0.6771378779919871,0.04054054054054054,1.0,0.6,0.07432432432432433,1.0,0.55,0.16891891891891891,1.0,0.52,0.5,0.0,0.4,0.0
136,black fluffy stool,166,0,0.77990823370192,0.8579599603663427,0.006060606060606061,,0.2,0.030303030303030304,,0.3,0.07878787878787878,,0.28,0.1,0.1,0.8,0.0
137,orren ellis l shaped desk,233,80,0.7262853466215679,0.6523601672510649,0.04433497536945813,1.0,0.9,0.08374384236453201,1.0,0.95,0.1477832512315271,1.0,0.68,1.0,0.0,0.09999999999999998,0.0
138,glass doors for bath,172,142,1.0,1.0,0.06535947712418301,1.0,1.0,0.13071895424836602,1.0,1.0,0.29411764705882354,1.0,0.96,1.0,0.0,0.0,0.0
139,auburn throw pillows,339,0,0.9148568823583791,0.8375820438154642,0.03614457831325301,,1.0,0.0642570281124498,,1.0,0.14457831325301204,,0.98,1.0,0.1,0.0,0.0
140,wire basket with dividers,131,3,0.5660073310338027,0.6618789608898304,0.072,1.0,1.0,0.152,1.0,1.0,0.392,1.0,1.0,1.0,0.1,0.0,0.0
141,podium with locking cabinet,161,3,0.5953753517657544,0.6894468671741765,0.25,1.0,1.0,0.4722222222222222,1.0,1.0,0.8333333333333334,1.0,0.94,1.0,0.1,0.0,0.0
142,kitchen wooden stand,203,5,0.182516526176532,0.260447612612416,0.013333333333333334,0.0,0.3,0.013333333333333334,0.0,0.2,0.013333333333333334,0.0,0.12,0.2,0.2,0.7,0.0
143,queen wingback chair,244,3,0.44434338142084473,0.5444444324059508,0.04265402843601896,0.0,1.0,0.08530805687203792,0.0,1.0,0.20853080568720378,0.0,0.98,1.0,0.1,0.0,0.0
144,rug plum,1423,116,0.92663607790064,0.9526533201221142,0.007558578987150416,1.0,1.0,0.015117157974300832,1.0,1.0,0.03779289493575208,1.0,1.0,1.0,0.0,0.0,0.0
145,liberty hardware francisco,143,32,0.5731399412345528,0.5239851296444967,0.06923076923076923,1.0,0.9,0.11538461538461539,1.0,0.8,0.25384615384615383,1.0,0.72,1.0,0.0,0.09999999999999998,0.0
146,laundry vanity cabinet,111,4,0.6005540286277394,0.7236520437935386,0.06363636363636363,1.0,0.7,0.12727272727272726,1.0,0.7,0.2818181818181818,1.0,0.62,0.5,0.0,0.30000000000000004,0.0
147,drum picture,425,12,0.393758437646072,0.3115797402183199,0.04054054054054054,1.0,1.0,0.04054054054054054,1.0,0.95,0.0945945945945946,1.0,0.88,1.0,0.7,0.0,0.0
148,industrial,249,194,1.0,1.0,0.050761421319796954,1.0,1.0,0.08629441624365482,1.0,0.85,0.13705583756345177,1.0,0.54,1.0,0.0,0.0,0.0
149,mid century modern,173,155,1.0,0.9536180118904022,0.047337278106508875,1.0,0.8,0.07100591715976332,1.0,0.6,0.1301775147928994,1.0,0.44,1.0,0.0,0.19999999999999996,0.0
150,dumbbells,54,21,0.866947989864271,0.7008950371858749,0.38095238095238093,1.0,0.9,0.42857142857142855,1.0,0.6,0.5714285714285714,1.0,0.36,1.0,0.1,0.09999999999999998,0.0
151,leather chair,3042,630,0.5349358869959006,0.6303140366178258,0.003185840707964602,1.0,0.9,0.006371681415929204,1.0,0.9,0.01592920353982301,1.0,0.9,1.0,0.0,0.09999999999999998,0.0
152,wishbone chair,3286,46,0.5242306598349795,0.5503185300003289,0.0031486146095717885,1.0,1.0,0.006297229219143577,1.0,1.0,0.014168765743073047,1.0,0.98,1.0,0.0,0.0,0.0
153,bohemian,178,145,0.9477344873475497,0.9435608965129336,0.06535947712418301,1.0,1.0,0.11764705882352941,1.0,0.9,0.2222222222222222,1.0,0.68,1.0,0.0,0.0,0.0
155,floating bed,2376,8,0.5403137556131675,0.5488007032875115,0.003770028275212064,1.0,1.0,0.006597549481621112,1.0,1.0,0.01413760603204524,1.0,0.88,1.0,0.2,0.0,0.0
156,papasan chair frame only,150,19,0.3900954117610807,0.4503564510443332,0.09259259259259259,1.0,1.0,0.17592592592592593,1.0,0.95,0.4166666666666667,1.0,0.9,1.0,0.0,0.0,0.0
157,velvet chaise,1085,51,0.7157932797714959,0.6737053108019653,0.016544117647058824,1.0,1.0,0.034926470588235295,1.0,1.0,0.08272058823529412,1.0,1.0,1.0,0.1,0.0,0.0
158,led nightstand,834,44,1.0,1.0,0.013140604467805518,1.0,1.0,0.026281208935611037,1.0,1.0,0.0657030223390276,1.0,1.0,1.0,0.0,0.0,0.0
159,meditation,122,93,1.0,1.0,0.10416666666666667,1.0,1.0,0.20833333333333334,1.0,1.0,0.5,1.0,0.96,1.0,0.0,0.0,0.0
160,marble,242,226,1.0,1.0,0.034934497816593885,1.0,0.8,0.07423580786026202,1.0,0.85,0.18340611353711792,1.0,0.84,1.0,0.0,0.19999999999999996,0.0
161,accent chair recliner,205,38,0.514609636006189,0.5193959483404263,0.009950248756218905,1.0,0.2,0.029850746268656716,1.0,0.3,0.08955223880597014,1.0,0.36,0.5,0.0,0.8,0.0
162,turquoise chair,3354,23,0.3512925514328478,0.296755448469738,0.002530044275774826,0.0,0.9,0.004111321948134092,1.0,0.9,0.010436432637571158,1.0,0.76,1.0,0.1,0.09999999999999998,0.0
163,dual monitor stand,94,47,1.0,0.9768332182007543,0.10752688172043011,1.0,1.0,0.20430107526881722,1.0,0.95,0.5053763440860215,1.0,0.94,1.0,0.0,0.0,0.0
164,modern outdoor furniture,195,128,0.7569852679935938,0.729917452225376,0.011111111111111112,1.0,0.2,0.011111111111111112,1.0,0.1,0.027777777777777776,1.0,0.12,0.25,0.0,0.8,0.0
165,kitchen storage shelves,193,69,1.0,0.9772913518293451,0.03664921465968586,1.0,0.7,0.06806282722513089,1.0,0.65,0.13612565445026178,1.0,0.52,1.0,0.0,0.30000000000000004,0.0
166,feather wall art,111,26,0.9510907186004265,0.9457268985774212,0.09174311926605505,1.0,1.0,0.1559633027522936,1.0,0.85,0.24770642201834864,1.0,0.54,1.0,0.0,0.0,0.0
167,camper,136,87,1.0,1.0,0.11494252873563218,1.0,1.0,0.22988505747126436,1.0,1.0,0.5632183908045977,1.0,0.98,1.0,0.0,0.0,0.0
168,printers,68,0,1.0,1.0,0.16666666666666666,,0.8,0.2916666666666667,,0.7,0.5,,0.5,1.0,0.0,0.19999999999999996,0.0
169,coffee bar buffet,126,27,0.43893943504566835,0.49987385476701096,0.024,1.0,0.4,0.04,1.0,0.3,0.096,1.0,0.26,1.0,0.1,0.6,0.0
170,zen,127,99,0.92663607790064,0.9130322530662988,0.09,1.0,1.0,0.17,1.0,0.95,0.44,1.0,0.92,1.0,0.1,0.0,0.0
171,nectar queen mattress,99,0,1.0,1.0,0.06060606060606061,,0.6,0.1414141414141414,,0.7,0.2727272727272727,,0.54,1.0,0.0,0.4,0.0
172,picasso,59,42,1.0,1.0,0.23809523809523808,1.0,1.0,0.47619047619047616,1.0,1.0,0.9761904761904762,1.0,0.82,1.0,0.0,0.0,0.0
173,bedroom accessories,316,4,0.21326729541998615,0.1694914729394698,0.00980392156862745,0.0,0.3,0.014705882352941176,0.0,0.2,0.014705882352941176,0.0,0.08,0.5,0.1,0.7,0.0
174,star wars rug,90,0,0.0,0.0,0.0,,0.5,0.0,,0.45,0.0,,0.42,0.0049504950495049506,0.5,0.5,0.0
175,basket planter,564,70,1.0,1.0,0.033003300330033,1.0,1.0,0.066006600660066,1.0,1.0,0.1485148514851485,1.0,1.0,1.0,0.0,0.0,0.0
176,mexican art,397,23,0.8878984756873929,0.927653336496055,0.02544529262086514,1.0,1.0,0.05089058524173028,1.0,1.0,0.09923664122137404,1.0,0.78,1.0,0.0,0.0,0.0
177,rustic storage cabinet,378,16,0.44879108889881736,0.5213366307091803,0.01856763925729443,1.0,0.7,0.034482758620689655,1.0,0.65,0.08488063660477453,1.0,0.64,1.0,0.0,0.30000000000000004,0.0
178,almost heaven sauna,74,24,0.6576612236188552,0.6359400891650535,0.18867924528301888,1.0,1.0,0.37735849056603776,1.0,1.0,0.9433962264150944,1.0,1.0,1.0,0.0,0.0,0.0
179,promo codes or discounts,1,0,1.0,1.0,0.0,,0.0,0.0,,0.0,0.0,,0.0,0.002036659877800407,0.0,1.0,0.0
180,outdoor lounge cushions,403,72,0.9432379215722527,0.9137867814488867,0.024875621890547265,1.0,1.0,0.04477611940298507,1.0,0.9,0.1044776119402985,1.0,0.84,1.0,0.0,0.0,0.0
181,e12/candelabra,122,104,1.0,1.0,0.08196721311475409,1.0,1.0,0.1557377049180328,1.0,0.95,0.319672131147541,1.0,0.78,1.0,0.0,0.0,0.0
182,penny round tile,98,58,0.9575861412006988,0.9726274804087407,0.10204081632653061,1.0,1.0,0.20408163265306123,1.0,1.0,0.5,1.0,0.98,1.0,0.0,0.0,0.0
183,farmhouse bread box,78,6,0.6763769766500443,0.8064356558010483,0.13513513513513514,1.0,1.0,0.2702702702702703,1.0,1.0,0.6756756756756757,1.0,1.0,1.0,0.0,0.0,0.0
184,sugar canister,185,59,0.9008240627729516,0.770746399761628,0.05434782608695652,1.0,1.0,0.10326086956521739,1.0,0.95,0.2391304347826087,1.0,0.88,1.0,0.0,0.0,0.0
185,lunch bag,124,34,1.0,1.0,0.21739130434782608,1.0,1.0,0.43478260869565216,1.0,1.0,0.7608695652173914,1.0,0.82,1.0,0.0,0.0,0.0
186,board game storage cabinet,385,4,0.9197519584037855,0.9362238886939267,0.01832460732984293,1.0,0.7,0.02356020942408377,1.0,0.45,0.0549738219895288,1.0,0.42,1.0,0.0,0.30000000000000004,0.0
188,"bedroom wall decor floral, multicolored with some teal (prints)",277,8,0.6180373463310174,0.7006145750636387,0.033707865168539325,1.0,0.6,0.06179775280898876,1.0,0.6,0.08426966292134831,1.0,0.34,1.0,0.0,0.4,0.0
189,big basket for dirty cloths,73,31,0.5752317468069429,0.5873259044841634,0.05555555555555555,0.0,0.4,0.1111111111111111,1.0,0.4,0.2777777777777778,1.0,0.4,1.0,0.0,0.6,0.0
190,benjiamino faux leather power lift chair,792,5,0.43518692560571737,0.5441885155473163,0.014064697609001406,0.0,1.0,0.026722925457102673,0.0,0.95,0.05063291139240506,0.0,0.72,1.0,0.0,0.0,0.0
191,biycicle plant stands,217,0,1.0,1.0,0.04608294930875576,,1.0,0.09216589861751152,,1.0,0.2304147465437788,,1.0,1.0,0.0,0.0,0.0
193,belchertown table lamp,278,0,1.0,1.0,0.03597122302158273,,1.0,0.05755395683453238,,0.8,0.1510791366906475,,0.84,1.0,0.0,0.0,0.0
194,black frame 22 x 36,293,0,1.0,1.0,0.10112359550561797,,0.9,0.21348314606741572,,0.95,0.4044943820224719,,0.76,1.0,0.0,0.09999999999999998,0.0
195,black freestanding tub  with faucet,110,3,0.584369627369062,0.6761849138731291,0.09803921568627451,1.0,1.0,0.19607843137254902,1.0,1.0,0.43137254901960786,1.0,0.94,1.0,0.0,0.0,0.0
196,chabely 5 draw chest,165,0,1.0,1.0,0.04375,,0.7,0.0875,,0.7,0.1875,,0.62,1.0,0.0,0.30000000000000004,0.0
197,desk for kids tjat ate 10 year old,41,23,1.0,0.9552743574352078,0.1951219512195122,1.0,0.8,0.3170731707317073,1.0,0.65,0.5609756097560976,1.0,0.46,1.0,0.0,0.19999999999999996,0.0
198,cake plates with tops,82,10,0.3487545608501415,0.4635193322518295,0.125,1.0,0.9,0.22916666666666666,1.0,0.75,0.4166666666666667,1.0,0.6,1.0,0.3,0.09999999999999998,0.0
199,blue faux throw with pillows,384,0,0.9305687780632229,0.9551913563983283,0.024128686327077747,,1.0,0.04825737265415549,,0.95,0.12332439678284182,,0.94,1.0,0.1,0.0,0.0
200,ceramic tile sea shell,247,3,1.0,1.0,0.040983606557377046,1.0,1.0,0.0778688524590164,1.0,0.95,0.19672131147540983,1.0,0.96,1.0,0.0,0.0,0.0
201,delta trinsic double towel hook in champagne bronze,124,0,1.0,1.0,0.09183673469387756,,0.9,0.17346938775510204,,0.85,0.30612244897959184,,0.6,1.0,0.0,0.09999999999999998,0.0
202,full mattress padded liner,83,45,0.9095430364058891,0.9189133810848762,0.07228915662650602,1.0,0.6,0.13253012048192772,1.0,0.55,0.26506024096385544,1.0,0.44,0.3333333333333333,0.0,0.4,0.0
203,ge top loading washer 4.5,87,5,0.49561804563714607,0.7041154137316976,0.12048192771084337,1.0,1.0,0.24096385542168675,1.0,1.0,0.6024096385542169,1.0,1.0,1.0,0.0,0.0,0.0
204,fleur de lis living candle wall sconce bronze,191,7,0.4956220357789566,0.656730507274909,0.05172413793103448,1.0,0.9,0.10344827586206896,1.0,0.9,0.26436781609195403,1.0,0.92,1.0,0.0,0.09999999999999998,0.0
205,ines shag rug w003096809,93,12,0.3333333333333333,0.40870607579224955,0.10752688172043011,0.0,1.0,0.21505376344086022,0.0,1.0,0.5268817204301075,1.0,0.98,1.0,0.0,0.0,0.0
206,grill cover 73,67,2,0.9664515752024124,0.974581998014136,0.1694915254237288,1.0,1.0,0.3389830508474576,1.0,1.0,0.847457627118644,1.0,1.0,1.0,0.0,0.0,0.0
207,dull bed with shirt head board,34,0,1.0,1.0,0.0,,0.0,0.0,,0.0,0.0,,0.0,0.0030864197530864196,0.0,1.0,0.0
208,"fawkes 36"" blue vanity",118,0,1.0,1.0,0.07627118644067797,,0.9,0.1271186440677966,,0.75,0.2457627118644068,,0.58,1.0,0.0,0.09999999999999998,0.0
209,door pulls bronze matte 4 inch,198,0,1.0,0.961615361834617,0.023809523809523808,,0.3,0.03968253968253968,,0.25,0.07142857142857142,,0.18,0.3333333333333333,0.0,0.7,0.0
210,love seat wide faux leather tuxedo arm sofa,1045,9,0.806123210960341,0.8372535678618178,0.009615384615384616,1.0,1.0,0.01730769230769231,1.0,0.9,0.03942307692307692,1.0,0.82,1.0,0.0,0.0,0.0
211,memory foam rug galveston,332,0,1.0,1.0,0.08403361344537816,,1.0,0.16806722689075632,,1.0,0.4117647058823529,,0.98,1.0,0.0,0.0,1.0
212,nettie 5 pc bar set,358,2,0.5821032065260975,0.7012172016729804,0.05154639175257732,0.0,1.0,0.08247422680412371,1.0,0.95,0.14948453608247422,1.0,0.66,1.0,0.0,0.0,0.0
213,kraus kitchen sink faucet oletto kpf 2820 sfs,271,1,0.6057994380553702,0.4954469355575079,0.04316546762589928,1.0,0.9,0.05755395683453238,1.0,0.65,0.08633093525179857,1.0,0.54,1.0,0.3,0.09999999999999998,0.0
214,light wood nightstand with silver accents,225,0,1.0,0.9304270178356032,0.04477611940298507,,0.6,0.08955223880597014,,0.6,0.15671641791044777,,0.46,0.5,0.0,0.4,0.0
215,king adjustable bed including mattress,250,30,0.6629048238356323,0.5929741857831408,0.0411522633744856,1.0,1.0,0.07818930041152264,1.0,0.95,0.18106995884773663,1.0,0.88,1.0,0.0,0.0,0.0
216,music plug wall plate,189,8,0.46628041186554436,0.5869291394721662,0.054945054945054944,1.0,1.0,0.10989010989010989,1.0,1.0,0.27472527472527475,1.0,1.0,1.0,0.0,0.0,0.0
218,wand bunk beds,65,0,1.0,1.0,0.03076923076923077,,0.2,0.09230769230769231,,0.3,0.26153846153846155,,0.34,0.3333333333333333,0.0,0.8,0.0
219,trinaic towel rod,38,0,1.0,1.0,0.23684210526315788,,0.9,0.3684210526315789,,0.7,0.631578947368421,,0.48,1.0,0.0,0.09999999999999998,0.0
220,sheets for twinxl,127,52,0.9477344873475497,0.8717674529653302,0.09278350515463918,1.0,0.9,0.18556701030927836,1.0,0.9,0.44329896907216493,1.0,0.86,1.0,0.0,0.09999999999999998,0.0
221,small space dining table and chairs sets,1719,73,0.8306962168266787,0.7478457063278915,0.0070921985815602835,1.0,0.9,0.015070921985815602,1.0,0.9,0.03280141843971631,1.0,0.8,1.0,0.1,0.09999999999999998,0.0
222,small loving roomtables,77,31,0.8705535336325771,0.8084984021222373,0.0,0.0,0.0,0.0,0.0,0.0,0.027777777777777776,1.0,0.02,0.047619047619047616,0.0,1.0,0.0
223,wisdom stone river 3-3/4,207,1,0.168463150559461,0.3115038020366221,0.16666666666666666,0.0,0.6,0.25,0.0,0.4,0.4166666666666667,1.0,0.44,0.16666666666666666,0.4,0.4,0.0
224,twin over full bunk beds cool desins,73,22,0.42590829591570295,0.4600954949568304,0.1095890410958904,1.0,0.8,0.1780821917808219,1.0,0.65,0.3698630136986301,1.0,0.54,0.5,0.0,0.19999999999999996,0.0
225,white splashproof shiplap wallpaper,45,2,0.8205725510999616,0.8640565904367702,0.2727272727272727,1.0,0.9,0.48484848484848486,1.0,0.8,0.6363636363636364,1.0,0.42,1.0,0.0,0.09999999999999998,0.0
226,power lift chair,316,197,0.7544162439074086,0.7489787686920163,0.03184713375796178,1.0,1.0,0.06369426751592357,1.0,1.0,0.15286624203821655,1.0,0.96,1.0,0.0,0.0,0.0
227,owl,203,176,1.0,1.0,0.056818181818181816,1.0,1.0,0.11363636363636363,1.0,1.0,0.2840909090909091,1.0,1.0,1.0,0.0,0.0,0.0
228,bee,244,178,1.0,1.0,0.055248618784530384,1.0,1.0,0.11049723756906077,1.0,1.0,0.26519337016574585,1.0,0.96,1.0,0.0,0.0,0.0
229,waterfall faucet,556,133,1.0,0.9768332182007543,0.019417475728155338,1.0,1.0,0.038834951456310676,1.0,1.0,0.0970873786407767,1.0,1.0,1.0,0.0,0.0,0.0
230,gold,274,228,1.0,1.0,0.04329004329004329,1.0,1.0,0.07792207792207792,1.0,0.9,0.12554112554112554,1.0,0.58,1.0,0.0,0.0,0.0
231,anti fatigue mat,359,307,1.0,1.0,0.027855153203342618,1.0,1.0,0.055710306406685235,1.0,1.0,0.1392757660167131,1.0,1.0,1.0,0.0,0.0,0.0
232,storage dresser,2329,423,0.8800456786592188,0.8629326666670839,0.017421602787456445,1.0,1.0,0.0313588850174216,1.0,0.95,0.07317073170731707,1.0,0.94,1.0,0.0,0.0,0.0
233,kelly clarkson light fixtures,156,81,0.842063127520229,0.8765138386181276,0.06622516556291391,1.0,1.0,0.10596026490066225,1.0,0.8,0.18543046357615894,1.0,0.56,1.0,0.0,0.0,0.0
234,artificial orchid arrangement,144,107,1.0,1.0,0.06944444444444445,1.0,1.0,0.1388888888888889,1.0,1.0,0.3402777777777778,1.0,0.98,1.0,0.0,0.0,0.0
235,bathroom wastebasket,1368,133,1.0,1.0,0.06535947712418301,1.0,1.0,0.13071895424836602,1.0,1.0,0.32679738562091504,1.0,1.0,1.0,0.0,0.0,0.0
236,3 piece rug set with runners,2202,29,0.8083682423538655,0.7341048080459868,0.0449438202247191,1.0,0.8,0.07865168539325842,1.0,0.7,0.15730337078651685,1.0,0.58,1.0,0.0,0.19999999999999996,0.0
237,cloud modular sectional,205,4,0.7882796520672519,0.8317379439181672,0.046875,1.0,1.0,0.08854166666666667,1.0,0.9,0.17708333333333334,1.0,0.72,1.0,0.1,0.0,0.0
238,outdoor seat/back cushion,318,54,0.8319567064488885,0.8428446395874241,0.031545741324921134,1.0,1.0,0.056782334384858045,1.0,0.9,0.12618296529968454,1.0,0.8,1.0,0.0,0.0,0.0
239,bathroom single faucet,573,146,0.9432379215722527,0.9633676079520094,0.03333333333333333,1.0,0.9,0.06296296296296296,1.0,0.85,0.13703703703703704,1.0,0.76,1.0,0.0,0.09999999999999998,0.0
240,eiffel tower wall art,68,33,1.0,0.975128833089037,0.15625,1.0,1.0,0.3125,1.0,1.0,0.546875,1.0,0.7,1.0,0.0,0.0,0.0
241,decorative wall clocks,243,148,0.8563023542308759,0.8365946783678421,0.031746031746031744,1.0,0.7,0.06878306878306878,1.0,0.7,0.15343915343915343,1.0,0.6,1.0,0.1,0.30000000000000004,0.0
242,accent leather chair,283,175,0.9432379215722527,0.9633676079520094,0.021352313167259787,1.0,0.6,0.03914590747330961,1.0,0.55,0.06405693950177936,1.0,0.36,0.25,0.0,0.4,0.0
243,indoor multi tiered plant stand,209,135,1.0,0.9547677992955106,0.04639175257731959,1.0,0.9,0.09278350515463918,1.0,0.9,0.22164948453608246,1.0,0.86,1.0,0.0,0.09999999999999998,0.0
244,pull out sleeper loveseat,143,9,0.5013242745243931,0.679778171998105,0.013986013986013986,1.0,0.2,0.03496503496503497,1.0,0.25,0.09090909090909091,1.0,0.26,0.5,0.0,0.8,0.0
245,anchor decor,485,57,1.0,0.9735859552961229,0.058823529411764705,1.0,1.0,0.11764705882352941,1.0,1.0,0.27647058823529413,1.0,0.96,1.0,0.0,0.0,0.0
246,clear shower curtain,252,12,0.6255245960502868,0.6875780768860861,0.08,1.0,1.0,0.152,1.0,1.0,0.376,1.0,0.96,1.0,0.0,0.0,0.0
247,beaded curtains,961,40,1.0,1.0,0.014771048744460856,1.0,1.0,0.029542097488921712,1.0,1.0,0.07090103397341212,1.0,0.96,1.0,0.0,0.0,0.0
248,surge protector,104,39,1.0,1.0,0.22727272727272727,1.0,1.0,0.45454545454545453,1.0,1.0,0.8863636363636364,1.0,0.82,1.0,0.0,0.0,0.0
249,bistro table and chairs,197,124,1.0,1.0,0.05181347150259067,1.0,1.0,0.09844559585492228,1.0,0.95,0.24352331606217617,1.0,0.94,1.0,0.0,0.0,0.0
250,multi color rug,131,96,0.9510907186004265,0.9465255663696914,0.07692307692307693,1.0,0.9,0.1452991452991453,1.0,0.85,0.29914529914529914,1.0,0.7,1.0,0.0,0.09999999999999998,0.0
251,coffee container,1483,90,0.8863992957602966,0.7016824807099474,0.0661764705882353,1.0,1.0,0.09558823529411764,1.0,0.85,0.21323529411764705,1.0,0.8,1.0,0.1,0.0,0.0
252,accent chairs living room,443,100,0.9537125187088151,0.8501829185762755,0.008379888268156424,1.0,0.3,0.0111731843575419,1.0,0.2,0.01675977653631285,1.0,0.12,1.0,0.0,0.7,0.0
253,antique brass faucet,117,5,0.5560491656685747,0.6848485718594562,0.0603448275862069,1.0,0.7,0.1206896551724138,1.0,0.7,0.21551724137931033,1.0,0.5,1.0,0.0,0.30000000000000004,0.0
254,comfortable accent chair,201,131,0.7853663072074676,0.7912178563997517,0.005050505050505051,1.0,0.1,0.010101010101010102,1.0,0.1,0.020202020202020204,1.0,0.08,1.0,0.0,0.9,0.0
255,desk and chair set,217,107,1.0,1.0,0.029556650246305417,1.0,0.6,0.06896551724137931,1.0,0.7,0.17733990147783252,1.0,0.72,1.0,0.0,0.4,0.0
256,high weight capacity bunk beds,138,68,0.8988252059479763,0.8848778073290504,0.07086614173228346,1.0,0.9,0.11811023622047244,1.0,0.75,0.23622047244094488,1.0,0.62,1.0,0.0,0.09999999999999998,0.0
257,living room coffee table sets,1834,132,0.9008240627729516,0.9132864401900951,0.006711409395973154,1.0,0.9,0.014168530947054437,1.0,0.95,0.0343027591349739,1.0,0.94,1.0,0.0,0.09999999999999998,0.0
258,breakfast bar table,126,58,0.7510916729774054,0.7457414239522917,0.072,1.0,1.0,0.112,1.0,0.75,0.16,1.0,0.42,1.0,0.1,0.0,0.0
259,nursery end table,634,0,1.0,1.0,0.014218009478672985,,0.9,0.02843601895734597,,0.9,0.053712480252764615,,0.68,1.0,0.0,0.09999999999999998,0.0
260,retractable side awning,68,26,1.0,0.9777083390768576,0.20833333333333334,1.0,1.0,0.4166666666666667,1.0,1.0,1.0,1.0,0.96,1.0,0.0,0.0,0.0
261,semi flush foyer light,175,125,0.8803485966094551,0.8769054610844325,0.05714285714285714,1.0,1.0,0.10857142857142857,1.0,0.95,0.26285714285714284,1.0,0.92,1.0,0.0,0.0,0.0
262,bathroom freestanding cabinet,138,87,1.0,0.9772913518293451,0.0661764705882353,1.0,0.9,0.13970588235294118,1.0,0.95,0.3014705882352941,1.0,0.82,1.0,0.0,0.09999999999999998,0.0
263,small curtain rods,291,75,0.7625122742569328,0.7179844348437788,0.056,1.0,0.7,0.104,1.0,0.65,0.256,1.0,0.68,0.5,0.0,0.30000000000000004,0.0
264,cortez pillow,897,15,0.9305687780632227,0.9495604952771044,0.015025041736227046,1.0,1.0,0.03005008347245409,1.0,0.95,0.07178631051752922,1.0,0.96,1.0,0.1,0.0,0.0
265,candace wingback upholstered bed,690,0,0.8611375561264456,0.9103827127966565,0.013333333333333334,,1.0,0.025185185185185185,,0.9,0.05925925925925926,,0.86,1.0,0.1,0.0,0.0
266,champagne velvet desk chair,353,1,0.7827068917847372,0.8427181265760506,0.02,0.0,0.7,0.045714285714285714,1.0,0.8,0.09714285714285714,1.0,0.68,1.0,0.0,0.30000000000000004,0.0
267,dolomite subway tile,154,2,0.8428919178014227,0.8809668838578122,0.06493506493506493,1.0,1.0,0.12987012987012986,1.0,1.0,0.3116883116883117,1.0,0.96,1.0,0.0,0.0,0.0
268,betty resin free standing umbrella,311,1,1.0,1.0,0.11904761904761904,1.0,1.0,0.23809523809523808,1.0,1.0,0.5952380952380952,1.0,1.0,1.0,0.0,0.0,0.0
269,donaldson teak couch,99,0,1.0,0.9665625086152866,0.07526881720430108,,0.7,0.11827956989247312,,0.55,0.2903225806451613,,0.56,0.5,0.0,0.30000000000000004,0.0
270,edge chair mat,95,42,0.9477344873475497,0.917006445967724,0.10638297872340426,1.0,1.0,0.2127659574468085,1.0,1.0,0.5212765957446809,1.0,0.98,1.0,0.0,0.0,0.0
271,chinese flower stand,96,1,0.6943559465628248,0.7787676299523247,0.08695652173913043,0.0,0.8,0.18478260869565216,0.0,0.85,0.34782608695652173,1.0,0.64,0.5,0.0,0.19999999999999996,0.0
272,oliver parsons,115,0,1.0,0.9626932496335552,0.06976744186046512,,0.6,0.12790697674418605,,0.55,0.3023255813953488,,0.6,0.5,0.0,0.4,0.0
273,stainless steel free standing shower caddy,542,4,0.780359707276365,0.8254436684383607,0.10869565217391304,1.0,1.0,0.21739130434782608,1.0,1.0,0.5434782608695652,1.0,1.0,1.0,0.0,0.0,1.0
274,gowdy height adjustable standing desk,331,1,0.6943559465628248,0.7497143403882255,0.10416666666666667,0.0,1.0,0.19791666666666666,0.0,1.0,0.4166666666666667,1.0,0.94,1.0,0.0,0.0,0.0
275,hinged square ottoman,127,13,0.7445530561574184,0.8804858468034791,0.064,1.0,0.8,0.096,1.0,0.6,0.224,1.0,0.56,1.0,0.0,0.19999999999999996,0.0
276,chaves l-shape floating desk with hutch,377,0,1.0,1.0,0.0273972602739726,,1.0,0.0547945205479452,,1.0,0.136986301369863,,1.0,1.0,0.0,0.0,0.0
277,barstool patio sets,256,44,0.3896038604031517,0.46668205232399307,0.0,0.0,0.1,0.00510204081632653,1.0,0.1,0.0663265306122449,1.0,0.3,0.05,0.1,0.9,0.0
278,parakeet toy,112,7,0.4408139232357006,0.570139909333181,0.12987012987012986,1.0,1.0,0.2597402597402597,1.0,1.0,0.5454545454545454,1.0,0.96,1.0,0.0,0.0,0.0
279,marlon tufted queen bed,374,1,1.0,1.0,0.021621621621621623,1.0,0.8,0.03783783783783784,1.0,0.7,0.0972972972972973,1.0,0.72,1.0,0.0,0.19999999999999996,0.0
280,johan desk by laurel foundry,116,0,1.0,1.0,0.03773584905660377,,0.4,0.04716981132075472,,0.25,0.08490566037735849,,0.18,1.0,0.0,0.6,0.0
281,brunk ship wheel,90,1,0.8259896754927477,0.8740472256188766,0.19607843137254902,1.0,1.0,0.39215686274509803,1.0,1.0,0.6078431372549019,1.0,0.76,1.0,0.0,0.0,0.0
282,grantola wall mirror,130,1,1.0,1.0,0.05426356589147287,1.0,0.7,0.09302325581395349,1.0,0.6,0.20155038759689922,1.0,0.52,1.0,0.0,0.30000000000000004,0.0
283,gaia driftwood table,115,1,0.8588798377757241,0.8713267601425091,0.05660377358490566,1.0,0.6,0.05660377358490566,1.0,0.35,0.12264150943396226,1.0,0.34,1.0,0.0,0.4,0.0
284,family lamp,331,0,1.0,0.9280406417958645,0.021897810218978103,,0.6,0.043795620437956206,,0.65,0.12408759124087591,,0.72,1.0,0.0,0.4,0.0
285,"48"" sliding single track , barn door for laundry",183,7,0.35772016522833733,0.5382298833257475,0.0782608695652174,0.0,1.0,0.1391304347826087,1.0,0.85,0.3739130434782609,1.0,0.9,1.0,0.1,0.0,0.0
286,hitchcock mid-century wall shelf,256,0,1.0,1.0,0.05847953216374269,,1.0,0.10526315789473684,,0.9,0.23391812865497075,,0.8,1.0,0.0,0.0,0.0
287,cover set for outdoor furniture,406,45,0.6889051188362224,0.7282108488088319,0.09523809523809523,1.0,1.0,0.19047619047619047,1.0,1.0,0.47619047619047616,1.0,1.0,1.0,0.0,0.0,0.0
288,round outdoor patio cover,272,0,1.0,1.0,0.0970873786407767,,1.0,0.17475728155339806,,0.9,0.4077669902912621,,0.88,1.0,0.0,0.0,0.0
289,coma inducer comforter king set,251,27,0.9432379215722527,0.8905715751385346,0.04310344827586207,1.0,1.0,0.08620689655172414,1.0,1.0,0.21120689655172414,1.0,0.98,1.0,0.0,0.0,0.0
290,mission double vanity,168,0,1.0,1.0,0.05357142857142857,,0.9,0.08928571428571429,,0.75,0.18452380952380953,,0.62,1.0,0.0,0.09999999999999998,0.0
291,front door cabinet with doors,218,15,0.31018959268774093,0.35840837138934656,0.009478672985781991,0.0,0.2,0.018957345971563982,0.0,0.2,0.06635071090047394,0.0,0.3,0.3333333333333333,0.0,0.8,0.0
292,decorative white pillow,204,12,0.4237902969274442,0.4386729939584118,0.03424657534246575,0.0,0.5,0.0684931506849315,1.0,0.5,0.1095890410958904,1.0,0.38,0.3333333333333333,0.0,0.5,0.0
293,wood floor protector mat,102,13,0.48079560867654175,0.5374094016401569,0.1232876712328767,1.0,0.9,0.2054794520547945,1.0,0.75,0.3561643835616438,1.0,0.52,1.0,0.0,0.09999999999999998,0.0
294,moen multi function dual shower head,136,0,0.9305687780632229,0.9204411836994596,0.09183673469387756,,1.0,0.1836734693877551,,1.0,0.40816326530612246,,0.86,1.0,0.1,0.0,0.0
295,end table between recliners,139,6,0.47126554581877916,0.5500550688168524,0.0,0.0,0.0,0.007462686567164179,0.0,0.05,0.03731343283582089,0.0,0.1,0.05263157894736842,0.0,1.0,0.0
296,zakariyah twin platform,171,1,0.6379538835020865,0.7379424872865916,0.023529411764705882,0.0,0.5,0.07058823529411765,1.0,0.65,0.17647058823529413,1.0,0.62,0.25,0.1,0.5,0.0
297,seat cushions desk,487,8,0.26010419898886233,0.3350450592924177,0.020202020202020204,0.0,0.2,0.030303030303030304,1.0,0.35,0.1111111111111111,1.0,0.4,0.16666666666666666,0.0,0.8,0.0
298,small woven pouf,98,9,0.3480974911723065,0.5775203272970247,0.10204081632653061,0.0,1.0,0.20408163265306123,1.0,1.0,0.4897959183673469,1.0,0.96,1.0,0.0,0.0,0.0
300,animal print handmade tufted wool beige/black area rug by allmodern,1114,2,0.5821032065260975,0.6833800218492042,0.008992805755395683,0.0,1.0,0.017985611510791366,0.0,1.0,0.044964028776978415,1.0,1.0,1.0,0.0,0.0,0.0
301,circle cabinet pulls,148,2,0.5821032065260975,0.6833800218492042,0.0273972602739726,0.0,0.4,0.0410958904109589,0.0,0.3,0.136986301369863,0.0,0.4,1.0,0.0,0.6,1.0
302,mattress foam topper queen,238,59,1.0,0.9780900196216153,0.04739336492890995,1.0,1.0,0.0947867298578199,1.0,1.0,0.22748815165876776,1.0,0.96,1.0,0.0,0.0,0.0
303,hawaii vintage art,72,8,0.884311985337737,0.9370870501618997,0.15151515151515152,1.0,1.0,0.30303030303030304,1.0,1.0,0.5303030303030303,1.0,0.7,1.0,0.0,0.0,0.0
304,merlyn 6,759,0,0.06943122193677728,0.07955881630054029,0.0,,0.3,0.0,,0.15,0.0,,0.08,0.010752688172043012,0.3,0.7,0.0
305,ligth bulb,299,193,1.0,0.9521185802999358,0.034129692832764506,1.0,1.0,0.05802047781569966,1.0,0.85,0.13651877133105803,1.0,0.8,1.0,0.0,0.0,0.0
306,mobley zero gravity adjustable bed with wireless remote,114,2,1.0,1.0,0.1111111111111111,1.0,1.0,0.2222222222222222,1.0,1.0,0.5555555555555556,1.0,1.0,1.0,0.0,0.0,0.0
307,real touch roses floral arrangements in glass vase,189,6,0.8795519463649165,0.9354861946615417,0.057803468208092484,1.0,1.0,0.11560693641618497,1.0,1.0,0.2832369942196532,1.0,0.98,1.0,0.0,0.0,0.0
308,led 60,776,2,0.5821032065260975,0.7832335403759245,0.02053388090349076,0.0,1.0,0.039014373716632446,1.0,0.95,0.09034907597535935,1.0,0.96,1.0,0.0,0.0,0.0
309,moen 5995 arbor one,72,0,0.39356081945565907,0.4610662676210977,0.15384615384615385,,0.9,0.2692307692307692,,0.85,0.5384615384615384,,0.52,0.5,0.5,0.09999999999999998,0.0
310,meade mirror,589,4,0.9798602418410246,0.983994183129264,0.02288329519450801,1.0,1.0,0.04576659038901602,1.0,1.0,0.10297482837528604,1.0,0.98,1.0,0.0,0.0,0.0
311,odum velvet,571,4,0.404750375838919,0.5269329253365086,0.0166358595194085,0.0,1.0,0.033271719038817,0.0,0.95,0.07024029574861368,1.0,0.8,1.0,0.1,0.0,0.0
312,coat rack for bedroom,119,10,0.6655266239440208,0.8087460537586035,0.08403361344537816,1.0,1.0,0.16806722689075632,1.0,1.0,0.3865546218487395,1.0,0.92,1.0,0.0,0.0,0.0
313,malachi sled,105,3,0.9274711521304764,0.9226644924036466,0.0821917808219178,1.0,0.7,0.136986301369863,1.0,0.55,0.3424657534246575,1.0,0.56,1.0,0.1,0.30000000000000004,0.0
314,body pillow and case,145,11,0.3333333333333333,0.4219450531779068,0.07092198581560284,0.0,1.0,0.14184397163120568,0.0,1.0,0.3333333333333333,1.0,0.94,1.0,0.0,0.0,0.0
315,medium clips,316,4,0.9909331158293706,0.9927942090228828,0.16129032258064516,1.0,1.0,0.3225806451612903,1.0,1.0,0.5161290322580645,1.0,0.7,1.0,0.0,0.0,0.0
316,rolande heavy duty power lift assist recliner,406,1,0.8871958738785231,0.9183497146685337,0.030211480362537766,1.0,1.0,0.06042296072507553,1.0,1.0,0.1510574018126888,1.0,1.0,1.0,0.0,0.0,0.0
317,hulmeville writing desk with hutch,340,2,0.8178354838404451,0.8619828483324065,0.023668639053254437,1.0,0.8,0.05029585798816568,1.0,0.85,0.1301775147928994,1.0,0.88,1.0,0.0,0.19999999999999996,0.0
318,sunjoy lantern,156,1,0.6943559465628248,0.7787676299523247,0.07142857142857142,0.0,1.0,0.14285714285714285,0.0,1.0,0.32142857142857145,0.0,0.92,1.0,0.0,0.0,0.0
319,landis wall mounted bathroom shelves,673,1,1.0,1.0,0.05917159763313609,1.0,1.0,0.11834319526627218,1.0,1.0,0.25443786982248523,1.0,0.88,1.0,0.0,0.0,0.0
320,blaylock bookcase headboard,93,1,1.0,1.0,0.1282051282051282,1.0,1.0,0.2564102564102564,1.0,1.0,0.6153846153846154,1.0,0.96,1.0,0.0,0.0,0.0
321,hussain handmade tufted magenta rug,297,1,0.6943559465628248,0.7787676299523247,0.03367003367003367,0.0,1.0,0.06734006734006734,0.0,1.0,0.16835016835016836,1.0,1.0,1.0,0.0,0.0,0.0
322,cream queen duvet cover,242,0,1.0,1.0,0.04149377593360996,,1.0,0.08298755186721991,,1.0,0.2074688796680498,,1.0,1.0,0.0,0.0,0.0
323,hub leaning full length mirror,126,1,1.0,1.0,0.08,1.0,1.0,0.16,1.0,1.0,0.36,1.0,0.9,1.0,0.0,0.0,0.0
324,chase utility laundry cart,113,1,1.0,1.0,0.08571428571428572,1.0,0.9,0.17142857142857143,1.0,0.9,0.45714285714285713,1.0,0.96,1.0,0.0,0.09999999999999998,0.0
325,outdoor waterproof chest,120,46,0.3108316425278102,0.2820066060244756,0.03488372093023256,1.0,0.8,0.05813953488372093,1.0,0.7,0.08139534883720931,1.0,0.34,1.0,0.5,0.19999999999999996,0.0
326,bowersville ladder writing desk,284,1,1.0,1.0,0.03180212014134275,1.0,0.9,0.0636042402826855,1.0,0.9,0.15901060070671377,1.0,0.9,1.0,0.0,0.09999999999999998,0.0
327,kohler purist brushed bronze,115,8,0.46628041186554436,0.5863898142601948,0.11363636363636363,1.0,1.0,0.2159090909090909,1.0,0.95,0.4318181818181818,1.0,0.76,1.0,0.0,0.0,0.0
328,golub dining table,659,1,1.0,1.0,0.012364760432766615,1.0,0.8,0.02009273570324575,1.0,0.65,0.05409582689335394,1.0,0.7,1.0,0.0,0.19999999999999996,0.0
329,wayfair tension rod,83,2,0.8246000280606365,0.867108012910466,0.12195121951219512,1.0,1.0,0.24390243902439024,1.0,1.0,0.45121951219512196,1.0,0.74,1.0,0.0,0.0,1.0
330,kari 2 piece,600,1,0.15282202671858752,0.16485348894222193,0.008771929824561403,1.0,1.0,0.017543859649122806,1.0,0.8,0.02631578947368421,1.0,0.72,0.14285714285714285,0.9,0.0,0.0
331,upholstered girls bed,533,52,0.48006117753205346,0.453616451866027,0.018867924528301886,1.0,1.0,0.024528301886792454,1.0,0.65,0.05471698113207547,1.0,0.58,1.0,0.0,0.0,0.0
332,attleboro drum coffee table,1410,1,1.0,1.0,0.006405693950177936,1.0,0.9,0.013523131672597865,1.0,0.95,0.034875444839857654,1.0,0.98,1.0,0.0,0.09999999999999998,0.0
333,stainless steel colander set,315,21,0.9432379215722527,0.8729525933117307,0.12048192771084337,1.0,1.0,0.24096385542168675,1.0,1.0,0.6024096385542169,1.0,1.0,1.0,0.0,0.0,0.0
334,itchington butterfly,122,6,0.4457777920360691,0.49892938894858374,0.06,1.0,1.0,0.12,1.0,1.0,0.16,1.0,0.76,1.0,0.7,0.0,0.0
335,canadian,81,42,1.0,1.0,0.23809523809523808,1.0,1.0,0.4523809523809524,1.0,0.95,0.7142857142857143,1.0,0.6,1.0,0.0,0.0,0.0
336,mystic swivel,360,1,0.4513544331928241,0.607569508818474,0.01749271137026239,0.0,0.7,0.023323615160349854,0.0,0.55,0.04956268221574344,1.0,0.46,0.5,0.1,0.30000000000000004,0.0
337,iittala bowl,201,39,0.9134166588977729,0.851896557011954,0.08264462809917356,1.0,1.0,0.1652892561983471,1.0,1.0,0.4049586776859504,1.0,1.0,1.0,0.0,0.0,0.0
338,mahone porch rocking chair,204,1,1.0,1.0,0.05714285714285714,1.0,1.0,0.11428571428571428,1.0,1.0,0.2857142857142857,1.0,1.0,1.0,0.0,0.0,0.0
339,ruckus chair,3044,6,0.3552072803274281,0.46755290798940957,0.028846153846153848,1.0,0.8,0.0673076923076923,1.0,0.85,0.09615384615384616,1.0,0.82,0.25,0.5,0.19999999999999996,0.0
340,berenice 4 storage cabinet,505,3,0.613816622381599,0.785023794801215,0.019753086419753086,1.0,0.8,0.037037037037037035,1.0,0.75,0.08641975308641975,1.0,0.72,1.0,0.0,0.19999999999999996,0.0
341,canvas map art,199,22,0.8546557236450504,0.7611280429056009,0.05025125628140704,1.0,1.0,0.09045226130653267,1.0,0.9,0.19597989949748743,1.0,0.78,1.0,0.0,0.0,0.0
342,brendon counter stool,478,2,1.0,1.0,0.014675052410901468,1.0,0.7,0.027253668763102725,1.0,0.65,0.07337526205450734,1.0,0.7,1.0,0.0,0.30000000000000004,0.0
343,navy and peach bedding,116,0,1.0,1.0,0.034782608695652174,,0.4,0.06086956521739131,,0.35,0.11304347826086956,,0.26,0.25,0.0,0.6,0.0
344,ottoman bed queen,116,0,0.9305687780632229,0.9551913563983283,0.02631578947368421,,0.3,0.05263157894736842,,0.3,0.10526315789473684,,0.26,1.0,0.0,0.7,0.0
345,oriental vanity,1148,0,1.0,0.8973412500591706,0.013210039630118891,,1.0,0.021136063408190225,,0.95,0.034346103038309116,,0.9,1.0,0.0,0.0,0.0
346,nesting tray set,110,19,0.92663607790064,0.8310158391306925,0.11363636363636363,1.0,1.0,0.20454545454545456,1.0,0.9,0.42045454545454547,1.0,0.76,1.0,0.0,0.0,0.0
347,olive green console table,577,0,1.0,1.0,0.014010507880910683,,0.8,0.0297723292469352,,0.85,0.07180385288966724,,0.82,1.0,0.0,0.19999999999999996,0.0
348,one alium way,2,0,1.0,1.0,0.0,,0.0,0.0,,0.0,0.0,,0.0,0.0003386386725364037,0.0,1.0,0.0
349,mud room sign,98,5,0.530967984732111,0.6214850738638382,0.10526315789473684,1.0,1.0,0.21052631578947367,1.0,1.0,0.4,1.0,0.76,1.0,0.0,0.0,0.0
351,white bathroom vanity black hardware,727,0,1.0,1.0,0.014184397163120567,,1.0,0.02553191489361702,,0.9,0.06666666666666667,,0.94,1.0,0.0,0.0,0.0
352,amarillo,81,29,1.0,1.0,0.3448275862068966,1.0,1.0,0.6896551724137931,1.0,1.0,1.0,1.0,0.58,1.0,0.0,0.0,0.0
353,pennfield playhouse,54,1,1.0,0.9492218104083499,0.4,1.0,1.0,0.72,1.0,0.9,0.92,1.0,0.6,1.0,0.0,0.0,0.0
354,tressler rug,1402,0,1.0,1.0,0.007288629737609329,,1.0,0.014577259475218658,,1.0,0.03644314868804665,,1.0,1.0,0.0,0.0,0.0
355,argenteuil,59,30,1.0,1.0,0.3333333333333333,1.0,1.0,0.6666666666666666,1.0,1.0,1.0,1.0,0.62,1.0,0.0,0.0,0.0
356,platform bed side table,960,0,1.0,0.9652498273011313,0.010615711252653927,,1.0,0.01910828025477707,,0.95,0.04246284501061571,,0.82,1.0,0.0,0.0,0.0
357,tall free standing pet gate,355,34,0.5713717144339363,0.6754664346046633,0.1694915254237288,1.0,1.0,0.3389830508474576,1.0,1.0,0.847457627118644,1.0,1.0,1.0,0.0,0.0,0.0
358,sliding closet mirror,116,4,0.7223757977089428,0.8058735919791797,0.05309734513274336,1.0,0.6,0.10619469026548672,1.0,0.6,0.26548672566371684,1.0,0.62,1.0,0.0,0.4,0.0
359,french molding,203,8,0.7630703276496221,0.8399697165561516,0.06896551724137931,1.0,1.0,0.13793103448275862,1.0,1.0,0.30344827586206896,1.0,0.96,1.0,0.0,0.0,0.0
360,huntsville sectional sofa,125,0,1.0,1.0,0.0,,0.0,0.008,,0.05,0.056,,0.14,0.09090909090909091,0.0,1.0,0.0
361,kisner,98,25,1.0,1.0,0.4,1.0,1.0,0.6,1.0,0.75,1.0,1.0,0.52,1.0,0.0,0.0,0.0
362,brushed gold wall decor,245,0,1.0,1.0,0.03571428571428571,,0.8,0.06696428571428571,,0.75,0.13839285714285715,,0.62,1.0,0.0,0.19999999999999996,0.0
363,fortunat coffee table,1380,1,0.6943559465628248,0.7787676299523247,0.007246376811594203,0.0,1.0,0.013768115942028985,0.0,0.95,0.03333333333333333,0.0,0.92,1.0,0.0,0.0,0.0
364,croscill ashton,114,0,1.0,0.8890092103217572,0.15555555555555556,,0.7,0.2222222222222222,,0.55,0.5333333333333333,,0.54,1.0,0.0,0.30000000000000004,0.0
365,gas detector,130,9,0.7495272280955526,0.8424679736299547,0.34782608695652173,1.0,1.0,0.7391304347826086,1.0,1.0,1.0,1.0,1.0,1.0,0.2,0.0,0.0
366,drudge report,1,0,,,,,0.0,,,0.0,,,0.0,,0.0,1.0,0.0
367,wooden chair outdoor,202,42,0.8468029266168763,0.7350252446072529,0.025510204081632654,1.0,0.5,0.03571428571428571,1.0,0.35,0.09183673469387756,1.0,0.36,0.25,0.0,0.5,0.0
368,pasta tools,143,81,1.0,1.0,0.08333333333333333,1.0,1.0,0.16666666666666666,1.0,1.0,0.4083333333333333,1.0,0.98,1.0,0.0,0.0,0.0
369,wrought tv stand,362,2,0.5821032065260975,0.6833800218492042,0.027777777777777776,0.0,1.0,0.05555555555555555,0.0,1.0,0.1388888888888889,0.0,1.0,1.0,0.0,0.0,0.0
370,rug for teen room,3,1,1.0,1.0,0.0,0.0,0.0,0.0,0.0,0.0,0.0,0.0,0.0,0.0007127583749109052,0.0,1.0,0.0
371,milk cow chair,112,8,0.3357035388158545,0.39579381699885546,0.05154639175257732,1.0,0.6,0.05154639175257732,1.0,0.5,0.09278350515463918,1.0,0.34,1.0,0.1,0.4,0.0
372,verden callan,120,1,1.0,0.9723459537440404,0.14583333333333334,1.0,0.7,0.2708333333333333,1.0,0.65,0.5208333333333334,1.0,0.52,1.0,0.0,0.30000000000000004,0.0
373,togo chair,3233,0,1.0,1.0,0.0031867431485022306,,1.0,0.0057361376673040155,,0.9,0.014021669853409816,,0.92,1.0,0.0,0.0,0.0
374,sinks bed frame,170,0,0.9148568823583791,0.9054303448721983,0.04964539007092199,,0.8,0.07801418439716312,,0.65,0.18439716312056736,,0.56,1.0,0.1,0.19999999999999996,0.0
375,pastel pink desk chair,211,0,1.0,1.0,0.024154589371980676,,0.5,0.033816425120772944,,0.35,0.0821256038647343,,0.34,0.3333333333333333,0.0,0.5,0.0
376,island estate coffee table,1430,3,0.7431286862216819,0.8415305774284968,0.00700770847932726,1.0,1.0,0.01401541695865452,1.0,1.0,0.03363700070077085,1.0,0.96,1.0,0.0,0.0,0.0
377,glinda upholstered bench,134,0,1.0,1.0,0.07462686567164178,,1.0,0.14925373134328357,,1.0,0.3656716417910448,,0.98,1.0,0.0,0.0,0.0
378,cliffside 5 light candle style drum chandelier,580,0,1.0,1.0,0.017825311942959002,,1.0,0.035650623885918005,,1.0,0.0855614973262032,,0.96,1.0,0.0,0.0,0.0
379,urban outfitters duvet,71,0,1.0,1.0,0.14084507042253522,,1.0,0.2535211267605634,,0.9,0.36619718309859156,,0.52,1.0,0.0,0.0,0.0
380,gravity feeder,124,6,1.0,1.0,0.2222222222222222,1.0,1.0,0.4444444444444444,1.0,1.0,0.9111111111111111,1.0,0.88,1.0,0.0,0.0,0.0
381,farmhouse hood vent,80,0,1.0,1.0,0.125,,1.0,0.225,,0.9,0.5,,0.8,1.0,0.0,0.0,0.0
382,counter top one cup hot water dispenser,89,4,0.5352861443647993,0.7145404653290303,0.18181818181818182,1.0,1.0,0.36363636363636365,1.0,1.0,0.7818181818181819,1.0,0.9,1.0,0.0,0.0,0.0
383,minnestrista,3,0,1.0,1.0,0.0,,0.0,0.0,,0.0,0.0,,0.0,0.00022779043280182233,0.0,1.0,0.0
384,dining table vinyl cloth,687,20,1.0,0.9768332182007543,0.16393442622950818,1.0,1.0,0.32786885245901637,1.0,1.0,0.5245901639344263,1.0,0.66,1.0,0.0,0.0,0.0
385,mom urn,55,0,0.9216017310213247,0.9494043170253829,0.3333333333333333,,1.0,0.7037037037037037,,1.0,0.8888888888888888,,0.56,1.0,0.1,0.0,0.0
386,alter furniture,298,0,0.3301376494471203,0.28903741449484033,0.01015228426395939,,0.3,0.01015228426395939,,0.15,0.015228426395939087,,0.24,0.5,0.1,0.7,0.0
387,self enclosed planters,92,0,1.0,1.0,0.10869565217391304,,1.0,0.20652173913043478,,0.95,0.40217391304347827,,0.74,1.0,0.0,0.0,0.0
388,outdoor sectional doning,64,0,0.77990823370192,0.818338893310527,0.05,,0.4,0.13333333333333333,,0.45,0.2,,0.28,0.2,0.1,0.6,0.0
389,brush nickel faucet bathroom,337,157,0.6894512701078089,0.7097311603683448,0.02476780185758514,1.0,0.8,0.03715170278637771,1.0,0.6,0.09597523219814241,1.0,0.62,0.5,0.0,0.19999999999999996,0.0
390,cushion replacement insert,61,0,1.0,1.0,0.11475409836065574,,0.7,0.22950819672131148,,0.7,0.36065573770491804,,0.44,1.0,0.0,0.30000000000000004,0.0
391,"writing desk 48""",229,8,0.6454238555794197,0.7698582823759208,0.021834061135371178,1.0,0.5,0.0611353711790393,1.0,0.7,0.15283842794759825,1.0,0.7,1.0,0.0,0.5,0.0
392,china clock,368,0,1.0,1.0,0.028985507246376812,,1.0,0.057971014492753624,,1.0,0.14492753623188406,,1.0,1.0,0.0,0.0,0.0
393,propane gas dryer,96,0,0.5711601909662337,0.6909024983814903,0.08,,1.0,0.2,,0.95,0.5333333333333333,,0.96,1.0,0.4,0.0,0.0
394,gray leather cocktail table,117,0,1.0,0.9644899900915856,0.02912621359223301,,0.3,0.04854368932038835,,0.25,0.1262135922330097,,0.26,0.5,0.0,0.7,0.0
395,pantry grey,74,0,0.9148568823583791,0.8073498859033943,0.125,,0.2,0.125,,0.1,0.4375,,0.16,0.14285714285714285,0.0,0.8,0.0
396,alyse 8 light,136,1,0.8871958738785231,0.9183497146685337,0.022727272727272728,1.0,0.3,0.05303030303030303,1.0,0.35,0.08333333333333333,1.0,0.22,0.14285714285714285,0.0,0.7,0.0
397,maryford queen tufted bed,493,0,1.0,1.0,0.018329938900203666,,0.9,0.038696537678207736,,0.95,0.0855397148676171,,0.84,1.0,0.0,0.09999999999999998,0.0
398,super bright lights,107,19,1.0,0.9399303341878739,0.08433734939759036,1.0,0.7,0.14457831325301204,1.0,0.6,0.24096385542168675,1.0,0.42,1.0,0.0,0.30000000000000004,0.0
399,12v dirt bike,85,0,1.0,1.0,0.14705882352941177,,1.0,0.29411764705882354,,1.0,0.6029411764705882,,0.82,1.0,0.0,0.0,0.0
400,small ladies rocker swivel recliner,24,0,1.0,1.0,0.0,,0.0,0.125,,0.15,0.25,,0.12,0.07692307692307693,0.0,1.0,0.0
401,glass lsmp shades,55,18,0.7599627620744219,0.6848161908577346,0.12962962962962962,1.0,0.7,0.2222222222222222,1.0,0.6,0.5185185185185185,1.0,0.56,1.0,0.0,0.30000000000000004,0.0
402,modern farmhouse lighting semi flush mount,251,7,0.38441023776109734,0.5601944239385128,0.04424778761061947,0.0,1.0,0.08849557522123894,1.0,1.0,0.22123893805309736,1.0,1.0,1.0,0.0,0.0,0.0
403,wood rack wide,149,31,0.5052502493763285,0.5368123914090869,0.04032258064516129,1.0,0.5,0.08064516129032258,1.0,0.5,0.1532258064516129,1.0,0.38,1.0,0.0,0.5,0.0
404,large cushion outdoor chair,564,4,0.4700182601018591,0.5788037469624102,0.017241379310344827,0.0,0.9,0.034482758620689655,0.0,0.9,0.07854406130268199,0.0,0.82,1.0,0.0,0.09999999999999998,0.0
405,queen ann style living room chair,446,0,1.0,1.0,0.014492753623188406,,0.5,0.028985507246376812,,0.5,0.06086956521739131,,0.42,1.0,0.0,0.5,0.0
406,refrigerator with ice an water in door,98,22,0.821029976188305,0.7913354548798881,0.12987012987012986,1.0,1.0,0.2597402597402597,1.0,1.0,0.6363636363636364,1.0,1.0,1.0,0.0,0.0,0.0
407,huge bookcase,331,11,0.3333333333333333,0.4219450531779068,0.030211480362537766,0.0,1.0,0.06042296072507553,0.0,1.0,0.1510574018126888,1.0,1.0,1.0,0.0,0.0,0.0
408,girl reading statue,102,31,0.9575861412006988,0.9503358194855983,0.09803921568627451,1.0,1.0,0.19607843137254902,1.0,1.0,0.46078431372549017,1.0,0.94,1.0,0.0,0.0,0.0
409,teal chair,3393,40,0.3072005770071082,0.3391767538457827,0.00261437908496732,0.0,0.9,0.00522875816993464,1.0,0.85,0.011111111111111112,1.0,0.74,1.0,0.1,0.09999999999999998,0.0
410,pool floats,281,58,1.0,0.9278810549742432,0.10416666666666667,1.0,1.0,0.20833333333333334,1.0,1.0,0.4270833333333333,1.0,0.98,1.0,0.0,0.0,0.0
411,outdoor clock,1566,85,1.0,1.0,0.02865329512893983,1.0,1.0,0.05730659025787966,1.0,1.0,0.14326647564469913,1.0,1.0,1.0,0.0,0.0,0.0
412,jennie tufted upholstered low profile platform bed,1090,1,0.6943559465628248,0.8340757224642434,0.007662835249042145,0.0,0.8,0.016283524904214558,1.0,0.85,0.034482758620689655,1.0,0.72,1.0,0.0,0.19999999999999996,0.0
413,burruss patio sectional with cushions,599,1,0.6943559465628248,0.840478838926804,0.016042780748663103,0.0,0.9,0.0338680926916221,1.0,0.95,0.08021390374331551,1.0,0.9,1.0,0.0,0.09999999999999998,0.0
414,shower hooks,914,165,1.0,1.0,0.02666666666666667,1.0,1.0,0.05333333333333334,1.0,1.0,0.13333333333333333,1.0,1.0,1.0,0.0,0.0,0.0
415,toilet paper stand,151,75,1.0,1.0,0.08130081300813008,1.0,1.0,0.16260162601626016,1.0,1.0,0.4065040650406504,1.0,1.0,1.0,0.0,0.0,0.0
416,wayfair coffee table,1447,0,1.0,1.0,0.00693000693000693,,1.0,0.01386001386001386,,1.0,0.03257103257103257,,0.94,1.0,0.0,0.0,0.0
417,twin bed frame,567,188,0.8088720434739953,0.8071624620202426,0.01601423487544484,1.0,0.9,0.033807829181494664,1.0,0.95,0.08362989323843416,1.0,0.94,1.0,0.0,0.09999999999999998,0.0
418,writing desk,1123,608,0.8532721558012799,0.9053066402442285,0.01002004008016032,1.0,1.0,0.02004008016032064,1.0,1.0,0.04809619238476954,1.0,0.98,1.0,0.0,0.0,0.0
419,living room ideas,21,16,1.0,0.9994974019489189,0.0,0.0,0.0,0.0,0.0,0.0,0.0,0.0,0.0,0.00847457627118644,0.0,1.0,0.0
420,tile backsplash,1013,766,1.0,1.0,0.010101010101010102,1.0,1.0,0.020202020202020204,1.0,1.0,0.050505050505050504,1.0,1.0,1.0,0.0,0.0,0.0
421,dining room tables,758,649,1.0,1.0,0.0125,1.0,0.9,0.025,1.0,0.9,0.059722222222222225,1.0,0.86,1.0,0.0,0.09999999999999998,0.0
422,ergonomic chair,3328,428,0.9074250374176304,0.9402551418644377,0.0032637075718015664,1.0,1.0,0.006527415143603133,1.0,1.0,0.015013054830287207,1.0,0.96,1.0,0.0,0.0,0.0
423,wall shelves,3034,285,1.0,1.0,0.02386634844868735,1.0,1.0,0.0477326968973747,1.0,1.0,0.10739856801909307,1.0,0.92,1.0,0.0,0.0,0.0
424,wayfair comforters,618,4,0.5500559001289844,0.6414715790583284,0.025139664804469275,1.0,0.9,0.04748603351955307,1.0,0.9,0.11731843575418995,1.0,0.92,1.0,0.0,0.09999999999999998,0.0
425,side table with storage,742,56,0.43450812738535693,0.4701830015406758,0.013908205841446454,1.0,1.0,0.02642559109874826,1.0,0.95,0.05702364394993046,1.0,0.82,1.0,0.0,0.0,0.0
426,outdoor storage,3254,223,1.0,1.0,0.008169934640522876,1.0,1.0,0.016339869281045753,1.0,1.0,0.03758169934640523,1.0,0.94,1.0,0.0,0.0,0.0
427,lowes tile,1125,0,1.0,1.0,0.007987220447284345,,0.5,0.01597444089456869,,0.5,0.03035143769968051,,0.38,1.0,0.0,0.5,0.0
428,kitchen storage cabinet,537,66,0.8645073774981994,0.8201528692613936,0.006329113924050633,1.0,0.3,0.016877637130801686,1.0,0.4,0.05485232067510549,1.0,0.52,0.25,0.0,0.7,0.0
429,gray dresser,860,94,0.48864840570471574,0.5265278236908612,0.017543859649122806,1.0,0.9,0.037037037037037035,1.0,0.95,0.0935672514619883,1.0,0.98,1.0,0.0,0.09999999999999998,0.0
430,30 inch bathroom vanity,662,98,0.7832906583706655,0.6906313885849868,0.014195583596214511,1.0,0.9,0.02365930599369085,1.0,0.75,0.056782334384858045,1.0,0.78,1.0,0.0,0.09999999999999998,0.0
431,shoe bench entryway,160,75,0.9477344873475497,0.9662695446835886,0.06493506493506493,1.0,1.0,0.12337662337662338,1.0,0.95,0.2792207792207792,1.0,0.86,1.0,0.0,0.0,0.0
432,butcher block island,176,42,0.9368077570869662,0.9085662197184092,0.05747126436781609,1.0,1.0,0.10919540229885058,1.0,0.95,0.28160919540229884,1.0,0.98,1.0,0.0,0.0,0.0
433,trundle daybed,273,113,1.0,1.0,0.04132231404958678,1.0,1.0,0.08264462809917356,1.0,1.0,0.2066115702479339,1.0,1.0,1.0,0.0,0.0,0.0
434,bathroom lighting,3530,226,1.0,1.0,0.007288629737609329,1.0,1.0,0.014577259475218658,1.0,1.0,0.03644314868804665,1.0,1.0,1.0,0.0,0.0,0.0
435,shoe closet,443,47,0.6607868248473735,0.7082388202086848,0.028169014084507043,1.0,1.0,0.056338028169014086,1.0,1.0,0.14084507042253522,1.0,1.0,1.0,0.0,0.0,0.0
436,full bed with trundle,214,46,0.8319567064488885,0.7025328846460102,0.03365384615384615,1.0,0.7,0.0625,1.0,0.65,0.14423076923076922,1.0,0.6,1.0,0.0,0.30000000000000004,0.0
437,kitchen islands with seating,195,47,0.45086673773561947,0.45633417443037555,0.055865921787709494,1.0,1.0,0.09497206703910614,1.0,0.85,0.22346368715083798,1.0,0.8,1.0,0.0,0.0,0.0
438,indoor water fountain,156,101,1.0,1.0,0.04516129032258064,1.0,0.7,0.10967741935483871,1.0,0.85,0.27741935483870966,1.0,0.86,1.0,0.0,0.30000000000000004,0.0
439,parsons chairs,3276,216,1.0,0.9735859552961229,0.004111842105263158,1.0,1.0,0.008223684210526315,1.0,1.0,0.02055921052631579,1.0,1.0,1.0,0.0,0.0,0.0
440,wood bar stools,777,255,0.8545365814817667,0.8087155601087365,0.01310615989515072,1.0,1.0,0.02490170380078637,1.0,0.95,0.06422018348623854,1.0,0.98,1.0,0.0,0.0,0.0
441,desk for kids,1385,78,0.8546557236450504,0.8561121651121572,0.006018054162487462,1.0,0.6,0.012036108324974924,1.0,0.6,0.034102306920762285,1.0,0.7,1.0,0.0,0.4,0.0
442,above toilet cabinet,1137,70,1.0,0.9772913518293451,0.02444987775061125,1.0,1.0,0.0488997555012225,1.0,1.0,0.11735941320293398,1.0,0.98,1.0,0.0,0.0,0.0
443,patio design,409,352,0.8899541168509599,0.8893589131273558,0.0056179775280898875,1.0,0.2,0.011235955056179775,1.0,0.25,0.03651685393258427,1.0,0.3,0.25,0.0,0.8,0.0
444,outdoor lounge chair,364,114,1.0,0.9078857169076264,0.02857142857142857,1.0,0.9,0.050793650793650794,1.0,0.85,0.10158730158730159,1.0,0.74,1.0,0.0,0.09999999999999998,0.0
445,chaise lounge couch,350,170,0.6889177221332141,0.6825260574372846,0.027777777777777776,1.0,0.9,0.05864197530864197,1.0,0.95,0.12962962962962962,1.0,0.92,1.0,0.0,0.09999999999999998,0.0
446,card table,4326,57,0.933745776545611,0.9572416874849684,0.002575107296137339,1.0,1.0,0.0054363376251788265,1.0,1.0,0.013447782546494993,1.0,1.0,1.0,0.1,0.0,0.0
447,tall buffet cabinet,212,3,0.5159958223394444,0.6506300232384784,0.038461538461538464,0.0,0.8,0.057692307692307696,1.0,0.6,0.1201923076923077,1.0,0.52,1.0,0.0,0.19999999999999996,0.0
448,bed side table,203,81,0.3333333333333333,0.35974737803721046,0.010101010101010102,0.0,0.2,0.010101010101010102,0.0,0.1,0.03535353535353535,0.0,0.14,0.125,0.0,0.8,0.0
449,living room designs,172,164,0.7104770117651426,0.8131513167646711,0.0,0.0,0.0,0.0,0.0,0.05,0.006060606060606061,1.0,0.04,0.021739130434782608,0.0,1.0,0.0
451,aiden black velvet bed,111,0,1.0,0.8901187503369015,0.0594059405940594,,0.6,0.0891089108910891,,0.45,0.12871287128712872,,0.32,1.0,0.0,0.4,0.0
452,day bed indian,105,0,1.0,1.0,0.05714285714285714,,0.6,0.08571428571428572,,0.45,0.2,,0.42,1.0,0.0,0.4,0.0
453,midcentury tv unit,118,25,0.3333333333333333,0.42333136072609956,0.03389830508474576,0.0,0.4,0.059322033898305086,0.0,0.35,0.11864406779661017,1.0,0.28,0.16666666666666666,0.0,0.6,0.0
454,carpet 5x6,110,0,0.14876390584057272,0.16737709008130205,0.0125,,0.8,0.0375,,0.8,0.075,,0.5,0.2,0.7,0.19999999999999996,0.0
455,deer coat hooks,110,2,0.5821032065260975,0.7275787060722136,0.09174311926605505,0.0,1.0,0.1743119266055046,0.0,0.95,0.4036697247706422,1.0,0.88,1.0,0.0,0.0,0.0
456,wall design shelf,221,76,0.4318863272769684,0.5151766926155126,0.05128205128205128,1.0,1.0,0.08717948717948718,1.0,0.85,0.21025641025641026,1.0,0.82,1.0,0.0,0.0,0.0
457,5 gang light switch,329,0,1.0,1.0,0.057803468208092484,,1.0,0.11560693641618497,,1.0,0.28901734104046245,,1.0,1.0,0.0,0.0,0.0
458,bubble guppies chair,120,0,0.8669479898642711,0.8361268717902406,0.08421052631578947,,0.9,0.10526315789473684,,0.7,0.18947368421052632,,0.56,1.0,0.1,0.09999999999999998,0.0
459,tye dye duvet cover,205,19,0.9575861412006988,0.7752100184912203,0.02926829268292683,1.0,0.6,0.05365853658536585,1.0,0.55,0.17073170731707318,1.0,0.7,1.0,0.0,0.4,0.0
460,small wardrobe grey,111,7,0.4572854731296665,0.5141025015657957,0.047619047619047616,1.0,0.4,0.11904761904761904,1.0,0.55,0.17857142857142858,1.0,0.34,0.3333333333333333,0.0,0.6,0.0
461,luau string lights,61,4,0.9845927117629546,0.987755253461825,0.1724137931034483,1.0,1.0,0.3448275862068966,1.0,1.0,0.603448275862069,1.0,0.72,1.0,0.0,0.0,0.0
462,large bases,2,0,1.0,1.0,0.0,,0.0,0.0,,0.0,0.0,,0.0,0.00047192071731949034,0.0,1.0,0.0
463,bistro sets patio,274,139,1.0,1.0,0.04784688995215311,1.0,1.0,0.09569377990430622,1.0,1.0,0.23444976076555024,1.0,0.98,1.0,0.0,0.0,0.0
464,cake cutlery,157,85,1.0,1.0,0.10869565217391304,1.0,1.0,0.21739130434782608,1.0,1.0,0.532608695652174,1.0,1.0,1.0,0.0,0.0,0.0
465,white abstract,2,1,1.0,1.0,0.0,0.0,0.0,0.0,0.0,0.0,0.0,0.0,0.0,0.0008710801393728223,0.0,1.0,0.0
466,rock climbing wall kids,93,1,0.5842956409466047,0.6179522257347219,0.24242424242424243,0.0,1.0,0.45454545454545453,0.0,0.95,0.8181818181818182,0.0,0.8,1.0,0.2,0.0,0.0
467,town & country living curtains,150,0,1.0,1.0,0.04666666666666667,,0.7,0.08666666666666667,,0.65,0.17333333333333334,,0.52,1.0,0.0,0.30000000000000004,0.0
468,glow in the dark silent wall clock,294,4,0.7729659437246872,0.8597946291433558,0.035211267605633804,1.0,1.0,0.07042253521126761,1.0,1.0,0.176056338028169,1.0,1.0,1.0,0.0,0.0,0.0
469,garage sports storage rack,161,64,1.0,0.9784411392344535,0.06369426751592357,1.0,1.0,0.12738853503184713,1.0,1.0,0.3184713375796178,1.0,1.0,1.0,0.0,0.0,0.0
470,elephant framed,638,45,1.0,1.0,0.03508771929824561,1.0,1.0,0.07017543859649122,1.0,1.0,0.1543859649122807,1.0,0.92,1.0,0.0,0.0,0.0
471,adjustable height artist stool,310,1,0.6943559465628248,0.7787676299523247,0.04950495049504951,0.0,1.0,0.09900990099009901,0.0,1.0,0.2376237623762376,0.0,0.96,1.0,0.0,0.0,0.0
472,window wall accent,108,47,0.9575861412006988,0.9510686196431942,0.08,1.0,0.8,0.17,1.0,0.85,0.37,1.0,0.76,1.0,0.0,0.19999999999999996,0.0
473,chair pillow cushion,286,126,1.0,1.0,0.02973977695167286,1.0,0.8,0.05204460966542751,1.0,0.7,0.12267657992565056,1.0,0.66,0.5,0.0,0.19999999999999996,0.0
474,48 inch bathroom vanity with trough sink,784,0,1.0,1.0,0.014104372355430184,,1.0,0.028208744710860368,,1.0,0.0691114245416079,,1.0,1.0,0.0,0.0,0.0
475,rattan truck,70,0,1.0,1.0,0.24242424242424243,,0.8,0.42424242424242425,,0.7,0.8787878787878788,,0.6,1.0,0.0,0.19999999999999996,0.0
476,hardwood beds,2224,639,0.6947651160602988,0.6832361591031492,0.0042417815482502655,1.0,1.0,0.009544008483563097,1.0,1.0,0.02386002120890774,1.0,1.0,0.5,0.2,0.0,0.0
478,worn leather office chair,445,1,0.6943559465628248,0.8385530573335902,0.01643192488262911,0.0,0.7,0.028169014084507043,1.0,0.6,0.06338028169014084,1.0,0.56,1.0,0.0,0.30000000000000004,0.0
479,garage door mail slot,83,0,1.0,1.0,0.18181818181818182,,1.0,0.36363636363636365,,1.0,0.8545454545454545,,0.96,1.0,0.0,0.0,0.0
480,pictures to hang over fireplace,3,0,1.0,1.0,0.6666666666666666,,0.2,0.6666666666666666,,0.1,0.6666666666666666,,0.04,1.0,0.0,0.8,0.0
481,emma headboard,219,1,0.58923230247901,0.6750226122962262,0.02843601895734597,0.0,0.7,0.052132701421800945,0.0,0.65,0.12322274881516587,0.0,0.62,1.0,0.1,0.30000000000000004,0.0
482,48 inch kitchen hood,104,12,0.7830474250493152,0.8514168551686742,0.10101010101010101,1.0,1.0,0.20202020202020202,1.0,1.0,0.48484848484848486,1.0,0.96,1.0,0.0,0.0,0.0
483,rustic twig,248,4,0.5437154960625682,0.6832393328751812,0.04784688995215311,1.0,1.0,0.0861244019138756,1.0,0.9,0.18181818181818182,1.0,0.78,1.0,0.0,0.0,0.0
484,nespresso vertuo next premium by breville with aeroccino,53,0,1.0,0.9342242174669668,0.38461538461538464,,1.0,0.6538461538461539,,0.85,0.9230769230769231,,0.54,1.0,0.0,0.0,0.0
485,pedistole sink,255,0,0.6429235234036081,0.5904961612292103,0.0,,0.0,0.0,,0.0,0.03289473684210526,,0.14,0.027777777777777776,0.0,1.0,0.0
486,54 in bench cushion,87,0,1.0,1.0,0.11494252873563218,,1.0,0.22988505747126436,,1.0,0.5172413793103449,,0.9,1.0,0.0,0.0,0.0
487,rack glass,946,2,0.6441935052994028,0.535018440762706,0.002304147465437788,0.0,0.1,0.002304147465437788,0.0,0.05,0.020737327188940093,1.0,0.18,0.125,0.0,0.9,0.0
