query_id,query,n_judged,n_exact,cNDCG@10,cNDCG@20,Recall@10,ExactHit@10,JudgedCoverage@10,Recall@20,ExactHit@20,JudgedCoverage@20,Recall@50,ExactHit@50,JudgedCoverage@50,MRR,ExplicitIrrelevant@10,Unjudged@10,Top20BoundaryTied
0,salon chair,3301,39,0.7363927281858862,0.6477465619677883,0.002321724709784411,1.0,1.0,0.004311774461028192,1.0,1.0,0.009950248756218905,1.0,0.96,1.0,0.3,0.0,0.0
1,smart coffee table,1436,8,0.46628041186554436,0.5554304033754583,0.004231311706629055,1.0,0.6,0.004231311706629055,1.0,0.3,0.019746121297602257,1.0,0.56,1.0,0.0,0.4,0.0
2,dinosaur,165,151,1.0,1.0,0.06329113924050633,1.0,1.0,0.12658227848101267,1.0,1.0,0.31645569620253167,1.0,1.0,1.0,0.0,0.0,0.0
3,turquoise pillows,997,55,0.6498600945867898,0.6901952010381822,0.0051813471502590676,1.0,0.5,0.014248704663212436,1.0,0.6,0.038860103626943004,1.0,0.64,1.0,0.1,0.5,0.0
4,chair and a half recliner,239,23,0.48006117753205346,0.42802669308910507,0.03684210526315789,1.0,0.7,0.05789473684210526,1.0,0.55,0.10526315789473684,1.0,0.4,1.0,0.0,0.30000000000000004,0.0
5,sofa with ottoman,1344,179,0.8379347378101539,0.8705372045521107,0.006875477463712758,1.0,0.9,0.013750954927425516,1.0,0.9,0.029029793735676088,1.0,0.76,1.0,0.0,0.09999999999999998,0.0
6,acrylic clear chair,109,43,1.0,0.8964121001187204,0.08080808080808081,1.0,0.8,0.15151515151515152,1.0,0.8,0.1919191919191919,1.0,0.46,1.0,0.0,0.19999999999999996,0.0
7,driftwood mirror,603,23,0.8572775237534388,0.8599186684696962,0.018691588785046728,1.0,1.0,0.03551401869158879,1.0,0.95,0.048598130841121495,1.0,0.64,1.0,0.0,0.0,0.0
8,home sweet home sign,105,25,0.9048032373092417,0.8444427065067942,0.10638297872340426,1.0,1.0,0.19148936170212766,1.0,0.9,0.2553191489361702,1.0,0.48,1.0,0.0,0.0,0.0
9,coffee table fire pit,1516,74,1.0,1.0,0.006622516556291391,1.0,1.0,0.011920529801324504,1.0,0.9,0.031125827814569535,1.0,0.94,1.0,0.0,0.0,0.0
10,king poster bed,177,21,0.9575861412006988,0.9035546721962504,0.056818181818181816,1.0,1.0,0.10795454545454546,1.0,0.95,0.26136363636363635,1.0,0.92,1.0,0.0,0.0,0.0
11,ombre rug,1428,65,1.0,0.9777083390768576,0.007042253521126761,1.0,1.0,0.014084507042253521,1.0,1.0,0.035211267605633804,1.0,1.0,1.0,0.0,0.0,0.0
12,large spoon and fork wall decor,225,27,1.0,0.897497861116798,0.056818181818181816,1.0,1.0,0.09659090909090909,1.0,0.9,0.17045454545454544,1.0,0.66,1.0,0.0,0.0,0.0
13,outdoor privacy wall,122,46,0.8043628744017064,0.8500688470533616,0.12280701754385964,1.0,0.7,0.2807017543859649,1.0,0.8,0.8070175438596491,1.0,0.92,1.0,0.0,0.30000000000000004,0.0
14,beds that have leds,2692,20,0.11990330395060976,0.13448939635458906,0.0006365372374283895,0.0,0.5,0.0019096117122851686,0.0,0.6,0.01336728198599618,0.0,0.76,1.0,0.4,0.5,0.0
15,black 5 drawer dresser by guilford,613,2,0.7437677542157901,0.8058653492233786,0.016722408026755852,1.0,1.0,0.033444816053511704,1.0,1.0,0.0802675585284281,1.0,0.98,1.0,0.0,0.0,0.0
16,blk 18x18 seat cushions,493,4,0.704001177685908,0.7647586973728638,0.015037593984962405,1.0,0.4,0.03007518796992481,1.0,0.4,0.07894736842105263,1.0,0.42,1.0,0.0,0.6,0.0
17,closet storage with zipper,103,21,0.6460000622137831,0.5351182311025532,0.038834951456310676,1.0,0.4,0.05825242718446602,1.0,0.3,0.21359223300970873,1.0,0.44,1.0,0.0,0.6,0.0
18,chrome bathroom 4 light vanity light,1053,34,0.6979570834298974,0.7103793512580624,0.032846715328467155,1.0,0.9,0.06569343065693431,1.0,0.9,0.1678832116788321,1.0,0.94,1.0,0.0,0.09999999999999998,0.0
19,gurney  slade 56,14,0,0.9363792118010483,0.9941862118847538,0.6,,0.6,0.6,,0.3,0.7,,0.14,0.5,0.0,0.4,0.0
20,foutains with brick look,94,12,0.2599694112339733,0.36468348534126,0.022222222222222223,0.0,0.3,0.07777777777777778,0.0,0.4,0.12222222222222222,0.0,0.26,0.125,0.1,0.7,0.0
21,living curtains pearl,127,1,1.0,1.0,0.03937007874015748,1.0,0.5,0.047244094488188976,1.0,0.3,0.06299212598425197,1.0,0.16,1.0,0.0,0.5,0.0
22,light and navy blue decorative pillow,251,22,0.6507136678945618,0.63364709121881,0.04081632653061224,1.0,0.8,0.07653061224489796,1.0,0.75,0.1326530612244898,1.0,0.52,1.0,0.0,0.19999999999999996,0.0
23,stoneford end tables white and wood,1266,0,1.0,1.0,0.008143322475570033,,1.0,0.014657980456026058,,0.9,0.03908794788273615,,0.96,1.0,0.0,0.0,0.0
24,wood coffee table set by storage,2559,84,0.618923621405608,0.6143113861332515,0.004764173415912339,1.0,1.0,0.00857551214864221,1.0,0.9,0.021438780371605525,1.0,0.9,1.0,0.0,0.0,0.0
25,sunflower,242,227,1.0,1.0,0.04329004329004329,1.0,1.0,0.08658008658008658,1.0,1.0,0.21212121212121213,1.0,0.98,1.0,0.0,0.0,0.0
26,leather chairs,3746,876,1.0,0.9735859552961229,0.0030422878004259203,1.0,1.0,0.0060845756008518406,1.0,1.0,0.014298752662001825,1.0,0.94,1.0,0.0,0.0,0.0
27,outdoor welcome rug,344,100,0.7791738025574314,0.8310719377821209,0.023391812865497075,1.0,0.8,0.02631578947368421,1.0,0.45,0.06725146198830409,1.0,0.46,1.0,0.0,0.19999999999999996,0.0
28,rooster decor,725,175,1.0,0.9735859552961229,0.03333333333333333,1.0,1.0,0.06666666666666667,1.0,1.0,0.16666666666666666,1.0,1.0,1.0,0.0,0.0,0.0
29,bathroom vanity knobs,802,138,0.2863459897524692,0.3235925928692016,0.014492753623188406,1.0,0.9,0.043478260869565216,1.0,0.95,0.057971014492753624,1.0,0.9,1.0,0.7,0.09999999999999998,0.0
30,3 1/2 inch drawer pull,549,88,0.4769219861846581,0.5199895027735851,0.020588235294117647,1.0,0.7,0.047058823529411764,1.0,0.8,0.1264705882352941,1.0,0.86,1.0,0.0,0.30000000000000004,0.0
31,burnt orange curtains,168,1,0.7863639746437393,0.8453652093485086,0.023809523809523808,0.0,0.4,0.041666666666666664,0.0,0.35,0.15476190476190477,1.0,0.52,1.0,0.0,0.6,0.0
32,dark gray dresser,211,3,0.9673399266021623,0.9745547361871417,0.03296703296703297,1.0,0.6,0.07142857142857142,1.0,0.65,0.13186813186813187,1.0,0.48,1.0,0.0,0.4,0.0
33,non slip shower floor tile,669,125,0.6438820632255243,0.6739157996257072,0.02077922077922078,1.0,0.8,0.04155844155844156,1.0,0.8,0.10909090909090909,1.0,0.84,1.0,0.0,0.19999999999999996,0.0
34,bar stool with backrest,740,374,0.8611375561264455,0.8182337841603907,0.012244897959183673,1.0,0.9,0.024489795918367346,1.0,0.9,0.055782312925170066,1.0,0.82,0.5,0.0,0.09999999999999998,0.0
35,enclosed shoe rack,174,51,0.37574719213263447,0.3607058529245928,0.05813953488372093,1.0,1.0,0.11627906976744186,1.0,1.0,0.28488372093023256,1.0,0.98,1.0,0.0,0.0,0.0
36,laundry basket with wheels,157,37,0.7659543835545644,0.663818045017405,0.04487179487179487,1.0,0.7,0.10897435897435898,1.0,0.85,0.2692307692307692,1.0,0.84,1.0,0.0,0.30000000000000004,0.0
37,bar stool 24 inches height,875,110,0.42465647353220787,0.439674613301455,0.010935601458080195,1.0,0.9,0.023086269744835967,1.0,0.95,0.05710814094775213,1.0,0.94,1.0,0.0,0.09999999999999998,0.0
38,calvin patio chair,255,1,0.9539959859595428,0.9127939348338443,0.0330188679245283,1.0,0.7,0.05660377358490566,1.0,0.65,0.10849056603773585,1.0,0.54,1.0,0.0,0.30000000000000004,0.0
39,door jewelry organizer,149,31,0.46988949834572724,0.4437538843863828,0.06711409395973154,1.0,1.0,0.1342281879194631,1.0,1.0,0.3288590604026846,1.0,0.98,1.0,0.0,0.0,0.0
40,elegant executive chair,166,40,0.7310251457182152,0.6126992919670486,0.054878048780487805,1.0,0.9,0.11585365853658537,1.0,0.95,0.29878048780487804,1.0,0.98,1.0,0.0,0.09999999999999998,0.0
41,closet pull out valet rod,143,19,0.7507254855161793,0.6966959220846102,0.1125,1.0,1.0,0.225,1.0,1.0,0.525,1.0,0.98,1.0,0.1,0.0,0.0
42,toddler couch fold out,149,3,0.7012146951991628,0.7701568319173893,0.10666666666666667,1.0,0.8,0.18666666666666668,1.0,0.7,0.24,1.0,0.4,1.0,0.0,0.19999999999999996,0.0
43,solid teak end table,1231,22,1.0,0.9316010174962649,0.009514747859181731,1.0,1.0,0.016175071360608945,1.0,0.85,0.038058991436726926,1.0,0.8,1.0,0.0,0.0,0.0
44,chrome shower head and valve,219,33,0.5944553905869442,0.6420398603939762,0.04608294930875576,1.0,1.0,0.09216589861751152,1.0,1.0,0.22119815668202766,1.0,0.96,1.0,0.0,0.0,0.0
45,70s inspired furniture,169,20,0.23876248183432272,0.23615565632292904,0.07476635514018691,0.0,0.9,0.12149532710280374,0.0,0.9,0.14018691588785046,0.0,0.42,0.3333333333333333,0.1,0.09999999999999998,0.0
46,beach blue headboard,104,5,0.3691420042472797,0.49088940649741614,0.0,0.0,0.0,0.0196078431372549,0.0,0.1,0.0196078431372549,0.0,0.04,0.09090909090909091,0.0,1.0,0.0
47,porcelain loaf pan,105,0,1.0,1.0,0.1,,1.0,0.2,,1.0,0.5,,1.0,1.0,0.0,0.0,1.0
48,arwen table lamp,282,1,1.0,1.0,0.028368794326241134,1.0,0.8,0.05673758865248227,1.0,0.8,0.1276595744680851,1.0,0.72,1.0,0.0,0.19999999999999996,0.0
49,moen matte black hooks,135,0,1.0,1.0,0.06896551724137931,,0.8,0.14655172413793102,,0.85,0.16379310344827586,,0.38,1.0,0.0,0.19999999999999996,0.0
50,tufted chair with gold legs,404,28,0.7580753931105215,0.7045295879372313,0.017902813299232736,1.0,0.7,0.030690537084398978,1.0,0.6,0.08951406649616368,1.0,0.7,0.5,0.0,0.30000000000000004,0.0
51,kohen 5 drawer dresser,595,1,1.0,1.0,0.017006802721088437,1.0,1.0,0.034013605442176874,1.0,1.0,0.08333333333333333,1.0,0.98,1.0,0.0,0.0,0.0
52,westling coffee table,1433,0,1.0,1.0,0.005633802816901409,,0.8,0.01267605633802817,,0.9,0.03380281690140845,,0.96,0.5,0.0,0.19999999999999996,0.0
53,carolyn console table,610,0,1.0,1.0,0.01639344262295082,,1.0,0.03278688524590164,,1.0,0.08196721311475409,,1.0,1.0,0.0,0.0,0.0
54,wayfair sleep zippered,143,5,0.6267490438585046,0.6987816321803604,0.07246376811594203,1.0,1.0,0.12318840579710146,1.0,0.85,0.3115942028985507,1.0,0.88,1.0,0.0,0.0,0.0
55,tollette teal outdoor rug,171,1,1.0,1.0,0.058823529411764705,1.0,1.0,0.11764705882352941,1.0,1.0,0.29411764705882354,1.0,1.0,1.0,0.0,0.0,0.0
56,royal blue counter height chairs,344,0,0.6754160255557639,0.6842698494007612,0.021645021645021644,,0.8,0.03463203463203463,,0.65,0.07792207792207792,,0.6,1.0,0.3,0.19999999999999996,0.0
57,jordanna solid wood rocking,1406,1,1.0,1.0,0.05263157894736842,1.0,1.0,0.1,1.0,0.95,0.23157894736842105,1.0,0.88,1.0,0.0,0.0,0.0
58,medium size chandelier,164,63,0.5308346023879925,0.5753112463038537,0.024691358024691357,1.0,0.4,0.06790123456790123,1.0,0.6,0.1419753086419753,1.0,0.48,0.25,0.0,0.6,0.0
59,broadway lever,165,43,1.0,1.0,0.06451612903225806,1.0,1.0,0.12903225806451613,1.0,1.0,0.3096774193548387,1.0,0.98,1.0,0.0,0.0,0.0
60,capricorn chest,332,3,0.7260062664908333,0.7865331548008012,0.009259259259259259,1.0,1.0,0.037037037037037035,1.0,0.95,0.11728395061728394,1.0,0.92,1.0,0.7,0.0,0.0
61,overstreet rustic pub stools,162,1,1.0,1.0,0.06172839506172839,1.0,1.0,0.1111111111111111,1.0,0.9,0.2654320987654321,1.0,0.86,1.0,0.0,0.0,0.0
62,7qt slow cooker,157,9,0.4839870941316235,0.5668421177010761,0.06756756756756757,1.0,1.0,0.13513513513513514,1.0,1.0,0.33783783783783783,1.0,1.0,1.0,0.0,0.0,0.0
63,monthly calendar,115,72,1.0,0.9777083390768576,0.09433962264150944,1.0,1.0,0.18867924528301888,1.0,1.0,0.4716981132075472,1.0,1.0,1.0,0.0,0.0,0.0
64,zachary 72.5,77,1,1.0,1.0,0.02702702702702703,1.0,0.2,0.02702702702702703,1.0,0.1,0.02702702702702703,1.0,0.04,1.0,0.0,0.8,0.0
65,gnome fairy garden,156,38,0.589088768612251,0.5118476353964263,0.06535947712418301,1.0,1.0,0.12418300653594772,1.0,1.0,0.3202614379084967,1.0,1.0,1.0,0.0,0.0,0.0
66,novara pergola,69,1,1.0,1.0,0.15625,1.0,1.0,0.3125,1.0,1.0,0.765625,1.0,0.98,1.0,0.0,0.0,0.0
67,osgood mirror,587,0,0.7624164915943119,0.7429736871504141,0.00992063492063492,,0.8,0.023809523809523808,,0.9,0.061507936507936505,,0.96,1.0,0.3,0.19999999999999996,0.0
68,nautical platters,204,89,0.6431637888166241,0.6074220584875489,0.05952380952380952,1.0,1.0,0.11904761904761904,1.0,1.0,0.2976190476190476,1.0,1.0,1.0,0.0,0.0,0.0
69,wall sconce with usb port,235,13,0.7282834875811834,0.7904613628741366,0.04477611940298507,1.0,1.0,0.07960199004975124,1.0,0.95,0.15920398009950248,1.0,0.76,1.0,0.1,0.0,0.0
70,annex dresser,504,1,0.9035800363421509,0.930208957641895,0.015904572564612324,1.0,0.9,0.033797216699801194,1.0,0.9,0.0874751491053678,1.0,0.9,1.0,0.1,0.09999999999999998,0.0
71,infant girl crib bedding,139,47,0.5773497457952017,0.6127652909939496,0.07246376811594203,1.0,1.0,0.14492753623188406,1.0,1.0,0.35507246376811596,1.0,0.98,1.0,0.0,0.0,0.0
72,fold in half table,174,85,0.8532721558012799,0.865685573188413,0.06134969325153374,1.0,1.0,0.1165644171779141,1.0,1.0,0.3006134969325153,1.0,1.0,1.0,0.0,0.0,0.0
73,certified international melamine,181,0,0.88995411685096,0.8571136822862181,0.05660377358490566,,1.0,0.07547169811320754,,0.75,0.15723270440251572,,0.56,1.0,0.1,0.0,1.0
74,serta kleinmon,87,3,0.9842543681010357,0.9877326743057525,0.08333333333333333,1.0,0.7,0.16666666666666666,1.0,0.7,0.5,1.0,0.84,1.0,0.0,0.30000000000000004,0.0
75,sheffield home bath set,231,4,0.36657111104369045,0.4760371130140976,0.051094890510948905,1.0,0.9,0.0948905109489051,1.0,0.8,0.22627737226277372,1.0,0.82,0.25,0.2,0.09999999999999998,0.0
76,46 inch closet door,135,2,0.38922463155150144,0.39393523373700157,0.05454545454545454,1.0,0.6,0.09090909090909091,1.0,0.6,0.21818181818181817,1.0,0.58,0.25,0.3,0.4,0.0
77,sancroft armchair,661,1,0.6943559465628248,0.7787676299523247,0.01361573373676248,0.0,0.9,0.02723146747352496,0.0,0.9,0.06959152798789713,0.0,0.92,1.0,0.0,0.09999999999999998,0.0
78,dorel vanity,948,3,0.5159958223394444,0.6229152997582164,0.010550996483001172,0.0,0.9,0.022274325908558032,0.0,0.95,0.05158264947245018,0.0,0.96,0.5,0.0,0.09999999999999998,0.0
79,palram harmony greenhouses,122,0,0.6442227883107536,0.6655686754779269,0.06666666666666667,,1.0,0.13333333333333333,,1.0,0.3047619047619048,,0.8,0.5,0.3,0.0,0.0
80,7 draw white dresser,198,39,0.7932191042356415,0.8206749316184836,0.04591836734693878,1.0,0.9,0.09693877551020408,1.0,0.95,0.22959183673469388,1.0,0.9,1.0,0.0,0.09999999999999998,0.0
81,orren ellis l shape desk,233,75,0.4956447291348236,0.5308299566180064,0.0045662100456621,1.0,0.2,0.0228310502283105,1.0,0.35,0.1506849315068493,1.0,0.7,1.0,0.1,0.8,0.0
82,bathroom vanity with counter space,668,53,0.49770037029839076,0.4836120934552169,0.01529051987767584,1.0,1.0,0.02599388379204893,1.0,0.85,0.06574923547400612,1.0,0.86,1.0,0.0,0.0,0.0
83,wall art fiji,103,0,1.0,1.0,0.05154639175257732,,0.5,0.061855670103092786,,0.3,0.16494845360824742,,0.32,0.25,0.0,0.5,0.0
84,full metal bed rose gold,299,1,0.04417547261095612,0.03197524831186295,0.0,0.0,0.8,0.004784688995215311,0.0,0.65,0.004784688995215311,0.0,0.6,0.07142857142857142,0.8,0.19999999999999996,0.0
85,3/4 size mattress,152,0,1.0,1.0,0.0,,0.0,0.0,,0.0,0.05660377358490566,,0.12,0.04,0.0,1.0,0.0
86,aloe vera plant pot,142,15,0.43450812738535693,0.5051033047446088,0.07246376811594203,1.0,1.0,0.14492753623188406,1.0,1.0,0.35507246376811596,1.0,0.98,1.0,0.0,0.0,0.0
87,vlad modular sectional,221,0,1.0,1.0,0.04524886877828054,,1.0,0.08597285067873303,,0.95,0.21266968325791855,,0.94,1.0,0.0,0.0,0.0
88,rose gold lounge,159,1,0.0,0.0,0.0,0.0,0.7,0.0,0.0,0.75,0.037037037037037035,1.0,0.64,0.02857142857142857,0.7,0.30000000000000004,0.0
89,whimsical solar lights,142,68,0.8803485966094551,0.8525725037283715,0.07407407407407407,1.0,1.0,0.14074074074074075,1.0,0.95,0.2740740740740741,1.0,0.78,1.0,0.0,0.0,0.0
90,filaret outdoor sofa,242,0,1.0,1.0,0.02074688796680498,,0.5,0.03734439834024896,,0.45,0.11618257261410789,,0.58,1.0,0.0,0.5,0.0
91,industrial pipe dining  table,686,8,0.4597401526119493,0.605893592055277,0.005970149253731343,1.0,0.8,0.007462686567164179,1.0,0.5,0.03582089552238806,1.0,0.6,1.0,0.4,0.19999999999999996,0.0
92,antique silver entry table,170,0,0.8611375561264456,0.9103827127966565,0.012048192771084338,,0.3,0.04216867469879518,,0.4,0.10843373493975904,,0.38,0.3333333333333333,0.1,0.7,0.0
93,outdoor sectional dining,233,58,0.4912202964490275,0.46009959098666486,0.01809954751131222,1.0,0.5,0.05429864253393665,1.0,0.7,0.16289592760180996,1.0,0.78,1.0,0.1,0.5,0.0
94,kohler whitehaven farmhouse kitchen sink,197,4,0.7458773242569755,0.7980392327188106,0.06666666666666667,1.0,1.0,0.13333333333333333,1.0,1.0,0.30666666666666664,1.0,0.98,1.0,0.0,0.0,0.0
95,entertainment stand end table,820,49,0.5289578556346352,0.4595830125846675,0.006134969325153374,1.0,0.5,0.012269938650306749,1.0,0.5,0.03190184049079755,1.0,0.52,1.0,0.0,0.5,0.0
96,bar room wall decor,384,75,0.8585157560180571,0.8822766439086367,0.03546099290780142,1.0,1.0,0.06028368794326241,1.0,0.85,0.1099290780141844,1.0,0.64,1.0,0.0,0.0,0.0
97,regner power loom red,197,1,1.0,1.0,0.05102040816326531,1.0,1.0,0.10204081632653061,1.0,1.0,0.25510204081632654,1.0,1.0,1.0,0.0,0.0,0.0
98,gracie oaks 62 oller 14 ceiling fan,124,0,1.0,1.0,0.035398230088495575,,0.4,0.11504424778761062,,0.65,0.3274336283185841,,0.74,0.25,0.0,0.6,0.0
99,arched christmas tree,121,0,0.92663607790064,0.9526533201221141,0.07207207207207207,,0.9,0.15315315315315314,,0.9,0.3783783783783784,,0.86,1.0,0.1,0.09999999999999998,0.0
100,tufted upholstered bed diamond,887,211,0.778550859274018,0.7143399933288722,0.008620689655172414,1.0,0.7,0.017241379310344827,1.0,0.7,0.04187192118226601,1.0,0.68,1.0,0.0,0.30000000000000004,0.0
101,48 in entry table with side by side drawer,283,4,0.5500559001289844,0.5810465221631259,0.015444015444015444,0.0,0.4,0.019305019305019305,1.0,0.25,0.05019305019305019,1.0,0.28,1.0,0.0,0.6,0.0
102,flamingo,68,57,1.0,0.9603789329441845,0.17543859649122806,1.0,1.0,0.3333333333333333,1.0,1.0,0.8070175438596491,1.0,0.98,1.0,0.0,0.0,0.0
103,kitchen anti fatigue mats,368,230,0.8650111786183293,0.8674241795507903,0.027247956403269755,1.0,1.0,0.05449591280653951,1.0,1.0,0.1362397820163488,1.0,1.0,1.0,0.0,0.0,0.0
104,flour and sugar containers,179,12,0.558656096551199,0.6167212994324773,0.05056179775280899,1.0,0.9,0.08426966292134831,1.0,0.75,0.23595505617977527,1.0,0.84,1.0,0.0,0.09999999999999998,0.0
105,outdoor movie screen,149,62,1.0,1.0,0.07352941176470588,1.0,1.0,0.14705882352941177,1.0,1.0,0.33088235294117646,1.0,0.96,1.0,0.0,0.0,0.0
106,bed risers,2245,36,1.0,0.9399703720725183,0.10526315789473684,1.0,1.0,0.2,1.0,1.0,0.43157894736842106,1.0,1.0,1.0,0.0,0.0,0.0
107,front porch furniture sets,309,43,0.6543944674970797,0.6803490424835419,0.009900990099009901,1.0,0.3,0.0231023102310231,1.0,0.35,0.026402640264026403,1.0,0.2,0.5,0.0,0.7,0.0
108,ayesha curry kitchen,131,81,1.0,0.9547677992955106,0.07936507936507936,1.0,1.0,0.15873015873015872,1.0,1.0,0.3888888888888889,1.0,1.0,1.0,0.0,0.0,0.0
109,hillsby oriental rug,247,39,1.0,1.0,0.04048582995951417,1.0,1.0,0.08097165991902834,1.0,1.0,0.19838056680161945,1.0,0.98,1.0,0.0,0.0,0.0
110,mila task chair,348,0,1.0,1.0,0.02881844380403458,,1.0,0.05763688760806916,,1.0,0.14121037463976946,,0.98,1.0,0.0,0.0,0.0
111,delta trinsic,161,69,0.9477344873475497,0.9662695446835886,0.06451612903225806,1.0,1.0,0.12258064516129032,1.0,0.95,0.3032258064516129,1.0,0.94,1.0,0.0,0.0,0.0
112,pineapple,271,266,1.0,1.0,0.03759398496240601,1.0,1.0,0.07518796992481203,1.0,1.0,0.18796992481203006,1.0,1.0,1.0,0.0,0.0,0.0
113,led light strip,432,75,1.0,0.9777083390768576,0.026455026455026454,1.0,1.0,0.05291005291005291,1.0,1.0,0.13227513227513227,1.0,1.0,1.0,0.0,0.0,0.0
114,geralyn upholstered storage platform bed,1252,3,0.7431286862216819,0.7998731274903537,0.007323026851098454,1.0,0.9,0.015459723352318959,1.0,0.95,0.03986981285598047,1.0,0.98,1.0,0.0,0.09999999999999998,0.0
115,peacock,224,202,1.0,1.0,0.04878048780487805,1.0,1.0,0.0975609756097561,1.0,1.0,0.24390243902439024,1.0,1.0,1.0,0.0,0.0,0.0
116,brockham solid blackout thermal grommet curtain panels,595,0,1.0,1.0,0.01721170395869191,,1.0,0.03442340791738382,,1.0,0.08605851979345955,,1.0,1.0,0.0,0.0,0.0
117,tall storage cabinet,430,128,0.7957756462290442,0.8175487002863235,0.019002375296912115,1.0,0.8,0.0332541567695962,1.0,0.7,0.047505938242280284,1.0,0.4,1.0,0.0,0.19999999999999996,0.0
118,body pillow case,216,94,1.0,1.0,0.046296296296296294,1.0,1.0,0.09259259259259259,1.0,1.0,0.23148148148148148,1.0,1.0,1.0,0.0,0.0,1.0
119,welcome sign,441,158,0.9074250374176304,0.9402551418644377,0.0273972602739726,1.0,1.0,0.0547945205479452,1.0,1.0,0.136986301369863,1.0,1.0,1.0,0.0,0.0,0.0
120,zodiac pillow,979,33,1.0,0.949539074312115,0.012077294685990338,1.0,1.0,0.024154589371980676,1.0,1.0,0.05434782608695652,1.0,1.0,1.0,0.0,0.0,1.0
121,upholstered bed,2977,726,0.6043638287786853,0.7112318418393431,0.004932182490752158,1.0,1.0,0.010480887792848335,1.0,1.0,0.027743526510480888,1.0,1.0,1.0,0.2,0.0,0.0
122,king size bed,448,375,0.6613884975950806,0.755881433757978,0.004761904761904762,1.0,0.3,0.016666666666666666,1.0,0.45,0.04285714285714286,1.0,0.4,0.25,0.1,0.7,0.0
123,entrance table,4329,187,0.5289764070453317,0.4137502824279676,0.0021929824561403508,1.0,0.8,0.0043859649122807015,1.0,0.7,0.0043859649122807015,1.0,0.32,1.0,0.3,0.19999999999999996,0.0
124,unique coffee tables,1467,324,0.4706239294902155,0.5061230499179424,0.006191950464396285,1.0,1.0,0.013157894736842105,1.0,1.0,0.034055727554179564,1.0,0.98,0.5,0.2,0.0,0.0
125,boho bed frame,283,1,0.24157463510009342,0.39619360404979886,0.0,0.0,0.1,0.004,0.0,0.1,0.012,0.0,0.16,0.09090909090909091,0.1,0.9,0.0
126,leather dining chairs,719,241,1.0,1.0,0.014749262536873156,1.0,1.0,0.028023598820058997,1.0,0.95,0.06784660766961652,1.0,0.92,1.0,0.0,0.0,0.0
127,wine bar,1580,159,0.7353797772725617,0.7689281299657464,0.021505376344086023,1.0,0.9,0.05017921146953405,1.0,0.9,0.13261648745519714,1.0,0.94,1.0,0.3,0.09999999999999998,0.0
128,block coffee table,1455,113,1.0,1.0,0.007326007326007326,1.0,1.0,0.014652014652014652,1.0,1.0,0.03663003663003663,1.0,1.0,1.0,0.0,0.0,0.0
129,wainscoting ideas,185,28,0.4768863151867779,0.30776685674892323,0.031578947368421054,1.0,0.7,0.042105263157894736,1.0,0.4,0.042105263157894736,1.0,0.2,1.0,0.4,0.30000000000000004,0.0
130,entertainment console,875,187,0.544610794872989,0.6818691508442078,0.0069124423963133645,1.0,0.6,0.013824884792626729,1.0,0.6,0.026497695852534562,1.0,0.46,1.0,0.0,0.4,0.0
131,kids chair,3479,173,0.9216017310213247,0.8914891682712975,0.00497787610619469,1.0,1.0,0.009402654867256638,1.0,0.95,0.022123893805309734,1.0,0.9,1.0,0.1,0.0,0.0
132,farmhouse cabinet,1260,42,0.5226098836930924,0.4336887698618071,0.00338409475465313,1.0,0.3,0.01015228426395939,1.0,0.45,0.018612521150592216,1.0,0.4,0.25,0.1,0.7,0.0
133,outdoor light fixtures,227,170,1.0,0.863060155611856,0.01,1.0,0.2,0.015,1.0,0.15,0.04,1.0,0.16,1.0,0.0,0.8,0.0
134,black hanging bookshelf,150,3,0.393804182122125,0.44233381296224483,0.02459016393442623,0.0,0.3,0.03278688524590164,0.0,0.25,0.06557377049180328,0.0,0.22,0.5,0.0,0.7,0.0
135,low profile loveseat recliner,552,10,0.3333333333333333,0.5003938794264451,0.05405405405405406,0.0,0.8,0.10135135135135136,1.0,0.75,0.23648648648648649,1.0,0.72,0.5,0.0,0.19999999999999996,0.0
136,black fluffy stool,166,0,0.92663607790064,0.9526533201221141,0.0,,0.0,0.0,,0.0,0.012121212121212121,,0.04,0.03125,0.0,1.0,0.0
137,orren ellis l shaped desk,233,80,0.5937279356671786,0.4869024716853938,0.0049261083743842365,1.0,0.1,0.034482758620689655,1.0,0.5,0.13793103448275862,1.0,0.72,0.5,0.0,0.9,0.0
138,glass doors for bath,172,142,1.0,0.8786505987287349,0.06535947712418301,1.0,1.0,0.1111111111111111,1.0,0.9,0.24836601307189543,1.0,0.92,1.0,0.0,0.0,0.0
139,auburn throw pillows,339,0,0.8205228949141828,0.8841713365814996,0.024096385542168676,,0.7,0.060240963855421686,,0.85,0.14859437751004015,,0.94,0.3333333333333333,0.1,0.30000000000000004,0.0
140,wire basket with dividers,131,3,0.46708542231836725,0.5848095056723057,0.072,0.0,1.0,0.152,0.0,1.0,0.384,1.0,0.98,1.0,0.1,0.0,0.0
141,podium with locking cabinet,161,3,0.8864335680588812,0.9115210861339315,0.2777777777777778,1.0,1.0,0.5555555555555556,1.0,1.0,0.8611111111111112,1.0,0.88,1.0,0.0,0.0,1.0
142,kitchen wooden stand,203,5,0.1924896791375659,0.2673806736858836,0.0,0.0,0.1,0.0,0.0,0.15,0.02666666666666667,0.0,0.14,0.041666666666666664,0.1,0.9,0.0
143,queen wingback chair,244,3,0.42922994500466094,0.5079890774913257,0.03317535545023697,0.0,0.9,0.07109004739336493,0.0,0.95,0.18009478672985782,0.0,0.86,0.5,0.2,0.09999999999999998,0.0
144,rug plum,1423,116,0.9537125187088151,0.9701275709322188,0.007558578987150416,1.0,1.0,0.015117157974300832,1.0,1.0,0.03779289493575208,1.0,1.0,1.0,0.0,0.0,0.0
145,liberty hardware francisco,143,32,0.4005230674419006,0.36017790602040994,0.05384615384615385,1.0,0.9,0.05384615384615385,1.0,0.7,0.23076923076923078,1.0,0.8,1.0,0.2,0.09999999999999998,0.0
146,laundry vanity cabinet,111,4,0.4700182601018591,0.6208900583892317,0.07272727272727272,0.0,0.8,0.16363636363636364,1.0,0.9,0.3181818181818182,1.0,0.7,1.0,0.0,0.19999999999999996,1.0
147,drum picture,425,12,0.46900009332067477,0.37111821174629095,0.04054054054054054,1.0,1.0,0.04054054054054054,1.0,1.0,0.04054054054054054,1.0,0.96,1.0,0.7,0.0,0.0
148,industrial,249,194,1.0,1.0,0.03553299492385787,1.0,0.7,0.07106598984771574,1.0,0.7,0.14213197969543148,1.0,0.56,1.0,0.0,0.30000000000000004,0.0
149,mid century modern,173,155,0.9575861412006988,0.9483899550830481,0.047337278106508875,1.0,0.8,0.08284023668639054,1.0,0.7,0.1893491124260355,1.0,0.64,1.0,0.0,0.19999999999999996,0.0
150,dumbbells,54,21,0.7788065869851873,0.5360538333904814,0.23809523809523808,1.0,0.6,0.23809523809523808,1.0,0.3,0.23809523809523808,1.0,0.12,1.0,0.1,0.4,1.0
151,leather chair,3042,630,0.5375576871042891,0.6068007779520409,0.003185840707964602,1.0,0.9,0.006371681415929204,1.0,0.9,0.01592920353982301,1.0,0.9,0.5,0.0,0.09999999999999998,0.0
152,wishbone chair,3286,46,0.7882823580273777,0.6127426192143772,0.0028337531486146094,1.0,1.0,0.004722921914357683,1.0,0.95,0.012594458438287154,1.0,0.96,1.0,0.1,0.0,0.0
153,bohemian,178,145,1.0,0.93017915435698,0.058823529411764705,1.0,0.9,0.12418300653594772,1.0,0.95,0.29411764705882354,1.0,0.9,1.0,0.0,0.09999999999999998,0.0
155,floating bed,2376,8,0.10708394706604296,0.1661211290258747,0.000942507068803016,1.0,1.0,0.000942507068803016,1.0,0.85,0.007540056550424128,1.0,0.92,0.2,0.8,0.0,0.0
156,papasan chair frame only,150,19,0.43250927056038185,0.48134316268447663,0.09259259259259259,1.0,1.0,0.18518518518518517,1.0,1.0,0.4537037037037037,1.0,0.98,1.0,0.0,0.0,0.0
157,velvet chaise,1085,51,0.806984674510095,0.7063808665838484,0.016544117647058824,1.0,1.0,0.034926470588235295,1.0,1.0,0.08823529411764706,1.0,1.0,1.0,0.1,0.0,0.0
158,led nightstand,834,44,1.0,0.9324761383723682,0.013140604467805518,1.0,1.0,0.026281208935611037,1.0,1.0,0.06307490144546649,1.0,0.98,1.0,0.0,0.0,0.0
159,meditation,122,93,0.9537125187088151,0.9701275709322188,0.10416666666666667,1.0,1.0,0.20833333333333334,1.0,1.0,0.4895833333333333,1.0,0.94,1.0,0.0,0.0,0.0
160,marble,242,226,1.0,1.0,0.034934497816593885,1.0,0.8,0.07423580786026202,1.0,0.85,0.1703056768558952,1.0,0.78,1.0,0.0,0.19999999999999996,0.0
161,accent chair recliner,205,38,0.5224750363313546,0.4785659944796102,0.024875621890547265,1.0,0.5,0.05472636815920398,1.0,0.55,0.09950248756218906,1.0,0.4,1.0,0.0,0.5,0.0
162,turquoise chair,3354,23,0.3132469143067702,0.3208285404467931,0.0015812776723592662,1.0,0.9,0.003795066413662239,1.0,0.85,0.008222643896268185,1.0,0.7,1.0,0.4,0.09999999999999998,0.0
163,dual monitor stand,94,47,0.9537125187088151,0.9701275709322188,0.0967741935483871,1.0,0.9,0.20430107526881722,1.0,0.95,0.5053763440860215,1.0,0.94,0.5,0.0,0.09999999999999998,0.0
164,modern outdoor furniture,195,128,0.7175489032751208,0.7735136433355353,0.005555555555555556,1.0,0.1,0.011111111111111112,1.0,0.1,0.044444444444444446,1.0,0.16,0.1111111111111111,0.0,0.9,0.0
165,kitchen storage shelves,193,69,1.0,0.9078216257991633,0.031413612565445025,1.0,0.6,0.05759162303664921,1.0,0.55,0.09947643979057591,1.0,0.38,1.0,0.0,0.4,1.0
166,feather wall art,111,26,0.911298659909514,0.9171652925640374,0.07339449541284404,1.0,0.8,0.14678899082568808,1.0,0.8,0.27522935779816515,1.0,0.6,1.0,0.0,0.19999999999999996,0.0
167,camper,136,87,1.0,1.0,0.11494252873563218,1.0,1.0,0.22988505747126436,1.0,1.0,0.5747126436781609,1.0,1.0,1.0,0.0,0.0,0.0
168,printers,68,0,1.0,0.8538893512236511,0.08333333333333333,,0.4,0.14583333333333334,,0.35,0.16666666666666666,,0.16,0.5,0.0,0.6,0.0
169,coffee bar buffet,126,27,0.5138088387206203,0.5461683054995654,0.032,1.0,0.5,0.072,1.0,0.5,0.128,1.0,0.34,1.0,0.1,0.5,0.0
170,zen,127,99,0.9305687780632227,0.9188350684097895,0.09,1.0,1.0,0.17,1.0,0.95,0.45,1.0,0.94,1.0,0.1,0.0,0.0
171,nectar queen mattress,99,0,1.0,1.0,0.06060606060606061,,0.6,0.13131313131313133,,0.65,0.25252525252525254,,0.5,0.5,0.0,0.4,0.0
172,picasso,59,42,1.0,1.0,0.23809523809523808,1.0,1.0,0.47619047619047616,1.0,1.0,1.0,1.0,0.84,1.0,0.0,0.0,1.0
173,bedroom accessories,316,4,0.14029576703852317,0.1330915649435701,0.004901960784313725,0.0,0.2,0.004901960784313725,0.0,0.1,0.004901960784313725,0.0,0.04,0.2,0.1,0.8,0.0
174,star wars rug,90,0,0.0,0.0,0.0,,1.0,0.0,,1.0,0.0,,1.0,0.001692047377326565,1.0,0.0,0.0
175,basket planter,564,70,1.0,1.0,0.033003300330033,1.0,1.0,0.066006600660066,1.0,1.0,0.1617161716171617,1.0,1.0,1.0,0.0,0.0,0.0
176,mexican art,397,23,1.0,0.9784411392344535,0.02544529262086514,1.0,1.0,0.05089058524173028,1.0,1.0,0.10432569974554708,1.0,0.82,1.0,0.0,0.0,0.0
177,rustic storage cabinet,378,16,0.6234065970620281,0.6354667114484833,0.023872679045092837,1.0,0.9,0.03978779840848806,1.0,0.75,0.07161803713527852,1.0,0.56,1.0,0.0,0.09999999999999998,0.0
178,almost heaven sauna,74,24,0.36009097274028806,0.5175538817916369,0.1509433962264151,1.0,1.0,0.33962264150943394,1.0,1.0,0.9056603773584906,1.0,1.0,1.0,0.2,0.0,0.0
179,promo codes or discounts,1,0,1.0,1.0,0.0,,0.0,0.0,,0.0,0.0,,0.0,3.431355728648389e-05,0.0,1.0,0.0
180,outdoor lounge cushions,403,72,0.9575861412006988,0.877547926171816,0.022388059701492536,1.0,0.9,0.03980099502487562,1.0,0.8,0.09950248756218906,1.0,0.8,1.0,0.0,0.09999999999999998,0.0
181,e12/candelabra,122,104,1.0,1.0,0.08196721311475409,1.0,1.0,0.16393442622950818,1.0,1.0,0.4098360655737705,1.0,1.0,1.0,0.0,0.0,0.0
182,penny round tile,98,58,0.9432379215722527,0.9633676079520094,0.10204081632653061,1.0,1.0,0.20408163265306123,1.0,1.0,0.5,1.0,0.98,1.0,0.0,0.0,0.0
183,farmhouse bread box,78,6,0.8533959857284723,0.8802119760609284,0.13513513513513514,1.0,1.0,0.2702702702702703,1.0,1.0,0.6756756756756757,1.0,1.0,1.0,0.0,0.0,0.0
184,sugar canister,185,59,0.762815192207169,0.7297179296108462,0.05434782608695652,1.0,1.0,0.10869565217391304,1.0,1.0,0.2554347826086957,1.0,0.94,1.0,0.0,0.0,0.0
185,lunch bag,124,34,1.0,1.0,0.21739130434782608,1.0,1.0,0.43478260869565216,1.0,1.0,0.7391304347826086,1.0,0.96,1.0,0.0,0.0,0.0
186,board game storage cabinet,385,4,1.0,1.0,0.013089005235602094,1.0,0.5,0.020942408376963352,1.0,0.4,0.049738219895287955,1.0,0.38,1.0,0.0,0.5,0.0
188,"bedroom wall decor floral, multicolored with some teal (prints)",277,8,0.6637863998439886,0.7176396771302292,0.02247191011235955,1.0,0.5,0.0449438202247191,1.0,0.45,0.07865168539325842,1.0,0.32,1.0,0.1,0.5,0.0
189,big basket for dirty cloths,73,31,0.6252045707171097,0.6333334319323979,0.125,1.0,0.9,0.20833333333333334,1.0,0.75,0.375,1.0,0.54,1.0,0.0,0.09999999999999998,0.0
190,benjiamino faux leather power lift chair,792,5,0.43518692560571737,0.5441885155473163,0.014064697609001406,0.0,1.0,0.02812939521800281,0.0,1.0,0.06891701828410689,0.0,0.98,1.0,0.0,0.0,0.0
191,biycicle plant stands,217,0,1.0,1.0,0.04608294930875576,,1.0,0.09216589861751152,,1.0,0.22580645161290322,,0.98,1.0,0.0,0.0,0.0
193,belchertown table lamp,278,0,1.0,1.0,0.03237410071942446,,0.9,0.06474820143884892,,0.9,0.1366906474820144,,0.76,1.0,0.0,0.09999999999999998,0.0
194,black frame 22 x 36,293,0,0.77990823370192,0.7452040824462755,0.0898876404494382,,0.9,0.11235955056179775,,0.65,0.19101123595505617,,0.42,0.3333333333333333,0.1,0.09999999999999998,0.0
195,black freestanding tub  with faucet,110,3,0.7431286862216819,0.7797291111660296,0.09803921568627451,1.0,1.0,0.18627450980392157,1.0,1.0,0.38235294117647056,1.0,0.88,1.0,0.0,0.0,0.0
196,chabely 5 draw chest,165,0,0.9305687780632229,0.9551913563983283,0.025,,0.4,0.05625,,0.5,0.1625,,0.54,0.5,0.0,0.6,0.0
197,desk for kids tjat ate 10 year old,41,23,1.0,0.9089582369602843,0.24390243902439024,1.0,1.0,0.2926829268292683,1.0,0.6,0.5121951219512195,1.0,0.42,1.0,0.0,0.0,0.0
198,cake plates with tops,82,10,0.2786383500509176,0.37010966046798355,0.08333333333333333,0.0,0.4,0.125,1.0,0.6,0.3541666666666667,1.0,0.56,1.0,0.0,0.6,0.0
199,blue faux throw with pillows,384,0,1.0,1.0,0.02680965147453083,,1.0,0.04825737265415549,,0.9,0.11796246648793565,,0.9,1.0,0.0,0.0,0.0
200,ceramic tile sea shell,247,3,0.7825899669329446,0.8306171704035519,0.036885245901639344,1.0,0.9,0.0778688524590164,1.0,0.95,0.14754098360655737,1.0,0.74,1.0,0.0,0.09999999999999998,0.0
201,delta trinsic double towel hook in champagne bronze,124,0,1.0,1.0,0.09183673469387756,,0.9,0.16326530612244897,,0.8,0.35714285714285715,,0.7,1.0,0.0,0.09999999999999998,0.0
202,full mattress padded liner,83,45,0.8400527367984127,0.8030184091842023,0.0,0.0,0.0,0.0,0.0,0.0,0.0,0.0,0.0,0.00684931506849315,0.0,1.0,0.0
203,ge top loading washer 4.5,87,5,0.43518692560571737,0.7075132334000475,0.12048192771084337,0.0,1.0,0.24096385542168675,1.0,1.0,0.5662650602409639,1.0,0.94,1.0,0.0,0.0,0.0
204,fleur de lis living candle wall sconce bronze,191,7,0.3622633121132051,0.5575766259732075,0.034482758620689655,1.0,0.8,0.05172413793103448,1.0,0.7,0.14367816091954022,1.0,0.62,1.0,0.2,0.19999999999999996,0.0
205,ines shag rug w003096809,93,12,0.8969504402810679,0.8546944152807964,0.10752688172043011,1.0,1.0,0.21505376344086022,1.0,1.0,0.5161290322580645,1.0,0.96,1.0,0.0,0.0,0.0
206,grill cover 73,67,2,1.0,1.0,0.1694915254237288,1.0,1.0,0.3389830508474576,1.0,1.0,0.847457627118644,1.0,1.0,1.0,0.0,0.0,0.0
207,dull bed with shirt head board,34,0,1.0,1.0,0.0,,0.0,0.0,,0.0,0.0,,0.0,0.005952380952380952,0.0,1.0,0.0
208,"fawkes 36"" blue vanity",118,0,1.0,1.0,0.0847457627118644,,1.0,0.15254237288135594,,0.9,0.2796610169491525,,0.66,1.0,0.0,0.0,0.0
209,door pulls bronze matte 4 inch,198,0,1.0,0.9603789329441843,0.023809523809523808,,0.3,0.07142857142857142,,0.45,0.1111111111111111,,0.3,1.0,0.0,0.7,0.0
210,love seat wide faux leather tuxedo arm sofa,1045,9,0.7809196137817648,0.9123147553714612,0.009615384615384616,1.0,1.0,0.019230769230769232,1.0,1.0,0.04519230769230769,1.0,0.94,1.0,0.0,0.0,0.0
211,memory foam rug galveston,332,0,1.0,1.0,0.08403361344537816,,1.0,0.16806722689075632,,1.0,0.4117647058823529,,0.98,1.0,0.0,0.0,0.0
212,nettie 5 pc bar set,358,2,0.6337373969152598,0.6996502109946019,0.03608247422680412,1.0,1.0,0.06701030927835051,1.0,0.8,0.10824742268041238,1.0,0.54,0.5,0.3,0.0,0.0
213,kraus kitchen sink faucet oletto kpf 2820 sfs,271,1,0.32400274426066783,0.4617513039245397,0.03597122302158273,0.0,0.9,0.04316546762589928,1.0,0.65,0.1223021582733813,1.0,0.7,0.5,0.4,0.09999999999999998,0.0
214,light wood nightstand with silver accents,225,0,1.0,0.9295807397554786,0.04477611940298507,,0.6,0.09701492537313433,,0.65,0.1865671641791045,,0.56,1.0,0.0,0.4,0.0
215,king adjustable bed including mattress,250,30,0.7414997428547776,0.6925428917413026,0.0411522633744856,1.0,1.0,0.07407407407407407,1.0,0.9,0.13991769547325103,1.0,0.68,1.0,0.0,0.0,0.0
216,music plug wall plate,189,8,0.42215000375741857,0.5507592802306892,0.054945054945054944,1.0,1.0,0.10989010989010989,1.0,1.0,0.27472527472527475,1.0,1.0,1.0,0.0,0.0,1.0
218,wand bunk beds,65,0,1.0,1.0,0.06153846153846154,,0.4,0.12307692307692308,,0.4,0.26153846153846155,,0.34,0.5,0.0,0.6,0.0
219,trinaic towel rod,38,0,1.0,1.0,0.2631578947368421,,1.0,0.3684210526315789,,0.7,0.7105263157894737,,0.54,1.0,0.0,0.0,0.0
220,sheets for twinxl,127,52,0.8842222191013388,0.8274015670801553,0.030927835051546393,1.0,0.3,0.061855670103092786,1.0,0.35,0.27835051546391754,1.0,0.56,1.0,0.0,0.7,0.0
221,small space dining table and chairs sets,1719,73,1.0,0.8850754293847704,0.0070921985815602835,1.0,0.8,0.01152482269503546,1.0,0.7,0.030141843971631204,1.0,0.78,1.0,0.0,0.19999999999999996,0.0
222,small loving roomtables,77,31,0.5991980899738855,0.5071148215608599,0.0,0.0,0.0,0.0,0.0,0.0,0.0,0.0,0.0,0.006369426751592357,0.0,1.0,0.0
223,wisdom stone river 3-3/4,207,1,0.09641996365784912,0.25824552899132314,0.08333333333333333,0.0,0.8,0.08333333333333333,0.0,0.75,0.4166666666666667,1.0,0.54,0.5,0.7,0.19999999999999996,0.0
224,twin over full bunk beds cool desins,73,22,0.48006117753205346,0.47361001340643255,0.0684931506849315,1.0,0.5,0.1643835616438356,1.0,0.6,0.410958904109589,1.0,0.6,0.3333333333333333,0.0,0.5,0.0
225,white splashproof shiplap wallpaper,45,2,0.8093434930038351,0.855548881871948,0.2727272727272727,1.0,0.9,0.45454545454545453,1.0,0.75,0.6060606060606061,1.0,0.4,1.0,0.0,0.09999999999999998,0.0
226,power lift chair,316,197,0.7685761836629531,0.7512385146743422,0.03184713375796178,1.0,1.0,0.06369426751592357,1.0,1.0,0.1592356687898089,1.0,1.0,1.0,0.0,0.0,0.0
227,owl,203,176,1.0,1.0,0.056818181818181816,1.0,1.0,0.11363636363636363,1.0,1.0,0.2840909090909091,1.0,1.0,1.0,0.0,0.0,0.0
228,bee,244,178,1.0,1.0,0.055248618784530384,1.0,1.0,0.11049723756906077,1.0,1.0,0.2596685082872928,1.0,0.98,1.0,0.0,0.0,0.0
229,waterfall faucet,556,133,1.0,0.9780900196216153,0.019417475728155338,1.0,1.0,0.038834951456310676,1.0,1.0,0.0970873786407767,1.0,1.0,1.0,0.0,0.0,0.0
230,gold,274,228,1.0,1.0,0.030303030303030304,1.0,0.7,0.06060606060606061,1.0,0.7,0.12554112554112554,1.0,0.58,1.0,0.0,0.30000000000000004,0.0
231,anti fatigue mat,359,307,1.0,1.0,0.027855153203342618,1.0,1.0,0.052924791086350974,1.0,0.95,0.13649025069637882,1.0,0.98,1.0,0.0,0.0,0.0
232,storage dresser,2329,423,0.7136540102475307,0.7915283079123684,0.013937282229965157,1.0,1.0,0.0313588850174216,1.0,1.0,0.07665505226480836,1.0,0.94,1.0,0.2,0.0,0.0
233,kelly clarkson light fixtures,156,81,0.9510907186004265,0.9457268985774212,0.052980132450331126,1.0,0.8,0.10596026490066225,1.0,0.8,0.24503311258278146,1.0,0.74,0.5,0.0,0.19999999999999996,0.0
234,artificial orchid arrangement,144,107,1.0,0.9768332182007543,0.06944444444444445,1.0,1.0,0.1388888888888889,1.0,1.0,0.3472222222222222,1.0,1.0,1.0,0.0,0.0,0.0
235,bathroom wastebasket,1368,133,1.0,1.0,0.06535947712418301,1.0,1.0,0.13071895424836602,1.0,1.0,0.32679738562091504,1.0,1.0,1.0,0.0,0.0,0.0
236,3 piece rug set with runners,2202,29,0.3954620337357738,0.5498213077412086,0.0449438202247191,1.0,0.9,0.07865168539325842,1.0,0.8,0.1853932584269663,1.0,0.76,1.0,0.1,0.09999999999999998,0.0
237,cloud modular sectional,205,4,0.8694642314741198,0.8962583567481968,0.052083333333333336,1.0,1.0,0.09895833333333333,1.0,0.95,0.19791666666666666,1.0,0.82,1.0,0.0,0.0,0.0
238,outdoor seat/back cushion,318,54,0.955830517697074,0.9240901511983741,0.028391167192429023,1.0,0.9,0.056782334384858045,1.0,0.9,0.13249211356466878,1.0,0.84,1.0,0.0,0.09999999999999998,0.0
239,bathroom single faucet,573,146,0.9575861412006988,0.9353207300422961,0.02962962962962963,1.0,0.8,0.05925925925925926,1.0,0.85,0.14444444444444443,1.0,0.8,1.0,0.0,0.19999999999999996,0.0
240,eiffel tower wall art,68,33,1.0,0.975128833089037,0.15625,1.0,1.0,0.3125,1.0,1.0,0.5625,1.0,0.72,1.0,0.0,0.0,0.0
241,decorative wall clocks,243,148,0.8943286401726792,0.8535841408572857,0.037037037037037035,1.0,0.7,0.07936507936507936,1.0,0.75,0.14285714285714285,1.0,0.56,1.0,0.0,0.30000000000000004,0.0
242,accent leather chair,283,175,0.9575861412006988,0.9257873586705522,0.017793594306049824,1.0,0.5,0.03558718861209965,1.0,0.5,0.08540925266903915,1.0,0.48,0.3333333333333333,0.0,0.5,0.0
243,indoor multi tiered plant stand,209,135,0.9575861412006988,0.9726274804087407,0.04639175257731959,1.0,0.9,0.0979381443298969,1.0,0.95,0.2422680412371134,1.0,0.94,1.0,0.0,0.09999999999999998,0.0
244,pull out sleeper loveseat,143,9,0.5474501324524775,0.6886569225111281,0.027972027972027972,1.0,0.4,0.03496503496503497,1.0,0.25,0.09090909090909091,1.0,0.26,0.14285714285714285,0.0,0.6,0.0
245,anchor decor,485,57,0.9074250374176304,0.9402551418644377,0.058823529411764705,1.0,1.0,0.11176470588235295,1.0,0.95,0.20588235294117646,1.0,0.72,1.0,0.0,0.0,0.0
246,clear shower curtain,252,12,0.5805011869047978,0.752815725234344,0.072,1.0,1.0,0.152,1.0,1.0,0.2,1.0,0.92,1.0,0.1,0.0,0.0
247,beaded curtains,961,40,1.0,0.9772913518293451,0.014771048744460856,1.0,1.0,0.029542097488921712,1.0,1.0,0.050221565731166914,1.0,0.9,1.0,0.0,0.0,0.0
248,surge protector,104,39,1.0,1.0,0.22727272727272727,1.0,1.0,0.45454545454545453,1.0,1.0,0.8409090909090909,1.0,0.92,1.0,0.0,0.0,0.0
249,bistro table and chairs,197,124,1.0,1.0,0.05181347150259067,1.0,1.0,0.09326424870466321,1.0,0.9,0.22797927461139897,1.0,0.88,1.0,0.0,0.0,0.0
250,multi color rug,131,96,1.0,1.0,0.08547008547008547,1.0,1.0,0.1623931623931624,1.0,0.95,0.39316239316239315,1.0,0.92,1.0,0.0,0.0,0.0
251,coffee container,1483,90,0.8611511462453225,0.73051768498294,0.058823529411764705,1.0,0.8,0.10294117647058823,1.0,0.85,0.23529411764705882,1.0,0.76,1.0,0.0,0.19999999999999996,0.0
252,accent chairs living room,443,100,1.0,1.0,0.00558659217877095,1.0,0.2,0.013966480446927373,1.0,0.25,0.019553072625698324,1.0,0.14,0.25,0.0,0.8,0.0
253,antique brass faucet,117,5,0.6949848471577841,0.7538488114024792,0.04310344827586207,1.0,0.5,0.08620689655172414,1.0,0.5,0.1896551724137931,1.0,0.44,0.25,0.0,0.5,0.0
254,comfortable accent chair,201,131,0.9053206285482486,0.8653343608459838,0.005050505050505051,1.0,0.1,0.005050505050505051,1.0,0.05,0.015151515151515152,1.0,0.06,1.0,0.0,0.9,0.0
255,desk and chair set,217,107,1.0,0.9735859552961229,0.04433497536945813,1.0,0.9,0.06896551724137931,1.0,0.7,0.17733990147783252,1.0,0.72,1.0,0.0,0.09999999999999998,0.0
256,high weight capacity bunk beds,138,68,0.9537125187088151,0.9246691282098307,0.07874015748031496,1.0,1.0,0.13385826771653545,1.0,0.85,0.2440944881889764,1.0,0.64,1.0,0.0,0.0,0.0
257,living room coffee table sets,1834,132,0.955830517697074,0.9478211183843693,0.007457121551081283,1.0,1.0,0.013422818791946308,1.0,0.9,0.0343027591349739,1.0,0.92,1.0,0.0,0.0,0.0
258,breakfast bar table,126,58,0.8222819197760094,0.8369825287101901,0.024,1.0,0.3,0.04,1.0,0.3,0.072,1.0,0.2,1.0,0.0,0.7,0.0
259,nursery end table,634,0,1.0,1.0,0.00315955766192733,,0.2,0.007898894154818325,,0.25,0.03475513428120063,,0.44,1.0,0.0,0.8,0.0
260,retractable side awning,68,26,1.0,1.0,0.20833333333333334,1.0,1.0,0.4166666666666667,1.0,1.0,1.0,1.0,0.96,1.0,0.0,0.0,0.0
261,semi flush foyer light,175,125,0.92663607790064,0.9307433397437295,0.05714285714285714,1.0,1.0,0.11428571428571428,1.0,1.0,0.2857142857142857,1.0,1.0,1.0,0.0,0.0,0.0
262,bathroom freestanding cabinet,138,87,1.0,0.9131827863235762,0.058823529411764705,1.0,0.8,0.08823529411764706,1.0,0.6,0.09558823529411764,1.0,0.28,1.0,0.0,0.19999999999999996,0.0
263,small curtain rods,291,75,0.6819230414292761,0.5934684170352914,0.024,1.0,0.3,0.056,1.0,0.35,0.12,1.0,0.4,0.3333333333333333,0.0,0.7,0.0
264,cortez pillow,897,15,1.0,0.94971415755328,0.01669449081803005,1.0,1.0,0.02671118530884808,1.0,0.95,0.06176961602671119,1.0,0.92,1.0,0.0,0.0,0.0
265,candace wingback upholstered bed,690,0,0.826813366651774,0.8527209917389366,0.011851851851851851,,1.0,0.022222222222222223,,0.9,0.057777777777777775,,0.88,1.0,0.2,0.0,0.0
266,champagne velvet desk chair,353,1,0.6943559465628248,0.7787676299523247,0.02857142857142857,0.0,1.0,0.045714285714285714,0.0,0.8,0.09142857142857143,1.0,0.64,1.0,0.0,0.0,0.0
267,dolomite subway tile,154,2,1.0,1.0,0.05844155844155844,1.0,0.9,0.11688311688311688,1.0,0.9,0.2987012987012987,1.0,0.92,1.0,0.0,0.09999999999999998,0.0
268,betty resin free standing umbrella,311,1,1.0,1.0,0.11904761904761904,1.0,1.0,0.23809523809523808,1.0,1.0,0.5952380952380952,1.0,1.0,1.0,0.0,0.0,0.0
269,donaldson teak couch,99,0,0.8389574121760603,0.8960683721069365,0.03225806451612903,,0.3,0.043010752688172046,,0.25,0.11827956989247312,,0.26,1.0,0.0,0.7,0.0
270,edge chair mat,95,42,1.0,0.9540349991379147,0.10638297872340426,1.0,1.0,0.2127659574468085,1.0,1.0,0.5212765957446809,1.0,0.98,1.0,0.0,0.0,0.0
271,chinese flower stand,96,1,0.8871958738785231,0.9183497146685337,0.08695652173913043,1.0,0.8,0.16304347826086957,1.0,0.75,0.33695652173913043,1.0,0.62,1.0,0.0,0.19999999999999996,0.0
272,oliver parsons,115,0,0.4362115423097745,0.5316053858960178,0.046511627906976744,,0.8,0.11627906976744186,,0.8,0.26744186046511625,,0.64,0.16666666666666666,0.4,0.19999999999999996,0.0
273,stainless steel free standing shower caddy,542,4,0.7569501982453217,0.8068392586124294,0.10869565217391304,1.0,1.0,0.21739130434782608,1.0,1.0,0.5108695652173914,1.0,0.98,1.0,0.0,0.0,0.0
274,gowdy height adjustable standing desk,331,1,1.0,1.0,0.10416666666666667,1.0,1.0,0.20833333333333334,1.0,1.0,0.4583333333333333,1.0,0.96,1.0,0.0,0.0,0.0
275,hinged square ottoman,127,13,0.8969504402810679,0.977876274620124,0.08,1.0,1.0,0.12,1.0,0.75,0.232,1.0,0.58,1.0,0.0,0.0,0.0
276,chaves l-shape floating desk with hutch,377,0,1.0,1.0,0.0273972602739726,,1.0,0.0547945205479452,,1.0,0.136986301369863,,1.0,1.0,0.0,0.0,0.0
277,barstool patio sets,256,44,0.3564044061893495,0.3482226504485467,0.0,0.0,0.1,0.01020408163265306,0.0,0.2,0.05102040816326531,1.0,0.24,0.05263157894736842,0.1,0.9,0.0
278,parakeet toy,112,7,0.33326368291022984,0.3626580518146873,0.1038961038961039,0.0,1.0,0.15584415584415584,0.0,0.95,0.4155844155844156,1.0,0.86,1.0,0.2,0.0,0.0
279,marlon tufted queen bed,374,1,1.0,1.0,0.016216216216216217,1.0,0.6,0.03783783783783784,1.0,0.7,0.10810810810810811,1.0,0.8,1.0,0.0,0.4,0.0
280,johan desk by laurel foundry,116,0,1.0,1.0,0.03773584905660377,,0.4,0.03773584905660377,,0.2,0.03773584905660377,,0.08,0.5,0.0,0.6,0.0
281,brunk ship wheel,90,1,1.0,1.0,0.19607843137254902,1.0,1.0,0.39215686274509803,1.0,1.0,0.7843137254901961,1.0,0.96,1.0,0.0,0.0,0.0
282,grantola wall mirror,130,1,1.0,1.0,0.05426356589147287,1.0,0.7,0.12403100775193798,1.0,0.8,0.2248062015503876,1.0,0.58,1.0,0.0,0.30000000000000004,0.0
283,gaia driftwood table,115,1,0.8033358179101697,0.7721467602501397,0.02830188679245283,1.0,0.5,0.0660377358490566,1.0,0.55,0.16981132075471697,1.0,0.48,1.0,0.2,0.5,0.0
284,family lamp,331,0,0.9363792118010483,0.8201469798925981,0.025547445255474453,,0.7,0.0364963503649635,,0.55,0.07664233576642336,,0.64,1.0,0.0,0.30000000000000004,0.0
285,"48"" sliding single track , barn door for laundry",183,7,0.35772016522833733,0.46973161333534197,0.06086956521739131,0.0,0.8,0.14782608695652175,0.0,0.9,0.3739130434782609,1.0,0.9,0.3333333333333333,0.1,0.19999999999999996,0.0
286,hitchcock mid-century wall shelf,256,0,1.0,1.0,0.05847953216374269,,1.0,0.10526315789473684,,0.9,0.2573099415204678,,0.92,1.0,0.0,0.0,0.0
287,cover set for outdoor furniture,406,45,0.37574719213263447,0.4538194733291465,0.09523809523809523,1.0,1.0,0.19047619047619047,1.0,1.0,0.47619047619047616,1.0,1.0,1.0,0.0,0.0,0.0
288,round outdoor patio cover,272,0,1.0,0.9659370277440175,0.0970873786407767,,1.0,0.1650485436893204,,0.9,0.3786407766990291,,0.82,1.0,0.0,0.0,0.0
289,coma inducer comforter king set,251,27,0.9537125187088151,0.9043670688651452,0.04310344827586207,1.0,1.0,0.08620689655172414,1.0,1.0,0.20689655172413793,1.0,0.96,1.0,0.0,0.0,1.0
290,mission double vanity,168,0,1.0,1.0,0.02976190476190476,,0.5,0.06547619047619048,,0.55,0.18452380952380953,,0.62,0.2,0.0,0.5,0.0
291,front door cabinet with doors,218,15,0.31018959268774093,0.36956795014732785,0.014218009478672985,0.0,0.3,0.023696682464454975,0.0,0.25,0.052132701421800945,0.0,0.26,0.16666666666666666,0.0,0.7,0.0
292,decorative white pillow,204,12,0.5323266901845036,0.4935207792423079,0.0273972602739726,1.0,0.4,0.0684931506849315,1.0,0.5,0.0958904109589041,1.0,0.38,0.3333333333333333,0.0,0.6,0.0
293,wood floor protector mat,102,13,0.48006117753205346,0.5618734426550794,0.1232876712328767,1.0,0.9,0.2328767123287671,1.0,0.85,0.4657534246575342,1.0,0.68,1.0,0.0,0.09999999999999998,0.0
294,moen multi function dual shower head,136,0,1.0,1.0,0.10204081632653061,,1.0,0.20408163265306123,,1.0,0.46938775510204084,,0.96,1.0,0.0,0.0,0.0
295,end table between recliners,139,6,0.47126554581877916,0.5679787093853635,0.007462686567164179,0.0,0.1,0.029850746268656716,0.0,0.2,0.04477611940298507,1.0,0.12,0.3333333333333333,0.0,0.9,0.0
296,zakariyah twin platform,171,1,0.9408803699566423,0.9572078182979525,0.041176470588235294,1.0,0.8,0.1,1.0,0.9,0.2529411764705882,1.0,0.88,1.0,0.1,0.19999999999999996,1.0
297,seat cushions desk,487,8,0.4528336135608398,0.5442296945554778,0.04040404040404041,1.0,0.4,0.0707070707070707,1.0,0.4,0.1717171717171717,1.0,0.4,1.0,0.0,0.6,0.0
298,small woven pouf,98,9,0.4385158226173105,0.5645506848516486,0.10204081632653061,1.0,1.0,0.20408163265306123,1.0,1.0,0.5102040816326531,1.0,1.0,1.0,0.0,0.0,0.0
300,animal print handmade tufted wool beige/black area rug by allmodern,1114,2,0.5821032065260975,0.7275787060722136,0.008992805755395683,0.0,1.0,0.017985611510791366,1.0,1.0,0.044964028776978415,1.0,1.0,1.0,0.0,0.0,0.0
301,circle cabinet pulls,148,2,0.5821032065260975,0.6833800218492042,0.0410958904109589,0.0,0.6,0.0821917808219178,0.0,0.6,0.1506849315068493,0.0,0.44,1.0,0.0,0.4,0.0
302,mattress foam topper queen,238,59,1.0,1.0,0.04739336492890995,1.0,1.0,0.0947867298578199,1.0,1.0,0.23222748815165878,1.0,0.98,1.0,0.0,0.0,0.0
303,hawaii vintage art,72,8,0.997681234552023,0.9980685501473212,0.15151515151515152,1.0,1.0,0.30303030303030304,1.0,1.0,0.5606060606060606,1.0,0.74,1.0,0.0,0.0,0.0
304,merlyn 6,759,0,0.07839826897867534,0.08695197096315588,0.0,,0.2,0.0,,0.1,0.02857142857142857,,0.12,0.02127659574468085,0.2,0.8,0.0
305,ligth bulb,299,193,0.9510907186004265,0.9684355467480761,0.034129692832764506,1.0,1.0,0.06825938566552901,1.0,1.0,0.16040955631399317,1.0,0.94,1.0,0.0,0.0,0.0
306,mobley zero gravity adjustable bed with wireless remote,114,2,0.9486886739920667,0.9611239158250807,0.1111111111111111,1.0,1.0,0.2222222222222222,1.0,1.0,0.5555555555555556,1.0,1.0,1.0,0.0,0.0,0.0
307,real touch roses floral arrangements in glass vase,189,6,0.8896767432084414,0.9098564593114953,0.057803468208092484,1.0,1.0,0.11560693641618497,1.0,1.0,0.2832369942196532,1.0,0.98,1.0,0.0,0.0,0.0
308,led 60,776,2,0.5821032065260975,0.6605295082561361,0.02053388090349076,0.0,1.0,0.039014373716632446,0.0,1.0,0.09650924024640657,1.0,1.0,1.0,0.0,0.0,0.0
309,moen 5995 arbor one,72,0,0.4920062203073638,0.49992566926039306,0.11538461538461539,,0.9,0.2692307692307692,,0.7,0.5384615384615384,,0.52,1.0,0.6,0.09999999999999998,0.0
310,meade mirror,589,4,0.8718400478411285,0.8146203987378814,0.013729977116704805,1.0,0.8,0.02517162471395881,1.0,0.9,0.06864988558352403,1.0,0.96,1.0,0.2,0.19999999999999996,0.0
311,odum velvet,571,4,0.6713672355544379,0.738823286559913,0.012939001848428836,1.0,0.7,0.02033271719038817,1.0,0.6,0.053604436229205174,1.0,0.6,1.0,0.0,0.30000000000000004,0.0
312,coat rack for bedroom,119,10,0.7659543835545644,0.831927174841369,0.08403361344537816,1.0,1.0,0.16806722689075632,1.0,1.0,0.40336134453781514,1.0,0.96,1.0,0.0,0.0,0.0
313,malachi sled,105,3,1.0,0.9579529284574372,0.136986301369863,1.0,1.0,0.2465753424657534,1.0,1.0,0.4931506849315068,1.0,0.82,1.0,0.0,0.0,0.0
314,body pillow and case,145,11,0.3333333333333333,0.4219450531779068,0.07092198581560284,0.0,1.0,0.14184397163120568,0.0,1.0,0.2907801418439716,0.0,0.82,1.0,0.0,0.0,0.0
315,medium clips,316,4,1.0,1.0,0.16129032258064516,1.0,1.0,0.3225806451612903,1.0,1.0,0.4838709677419355,1.0,0.64,1.0,0.0,0.0,0.0
316,rolande heavy duty power lift assist recliner,406,1,1.0,1.0,0.030211480362537766,1.0,1.0,0.06042296072507553,1.0,1.0,0.1510574018126888,1.0,1.0,1.0,0.0,0.0,0.0
317,hulmeville writing desk with hutch,340,2,1.0,1.0,0.029585798816568046,1.0,1.0,0.05621301775147929,1.0,0.95,0.1301775147928994,1.0,0.88,1.0,0.0,0.0,0.0
318,sunjoy lantern,156,1,0.6943559465628248,0.7787676299523247,0.06428571428571428,0.0,0.9,0.1357142857142857,0.0,0.95,0.35,0.0,0.98,1.0,0.0,0.09999999999999998,0.0
319,landis wall mounted bathroom shelves,673,1,1.0,1.0,0.05325443786982249,1.0,0.9,0.11242603550295859,1.0,0.95,0.2485207100591716,1.0,0.86,1.0,0.0,0.09999999999999998,0.0
320,blaylock bookcase headboard,93,1,1.0,1.0,0.1282051282051282,1.0,1.0,0.2564102564102564,1.0,1.0,0.6282051282051282,1.0,0.98,1.0,0.0,0.0,0.0
321,hussain handmade tufted magenta rug,297,1,1.0,1.0,0.03367003367003367,1.0,1.0,0.06734006734006734,1.0,1.0,0.16498316498316498,1.0,0.98,1.0,0.0,0.0,1.0
322,cream queen duvet cover,242,0,1.0,1.0,0.04149377593360996,,1.0,0.08298755186721991,,1.0,0.2074688796680498,,1.0,1.0,0.0,0.0,0.0
323,hub leaning full length mirror,126,1,1.0,1.0,0.08,1.0,1.0,0.16,1.0,1.0,0.384,1.0,0.96,1.0,0.0,0.0,0.0
324,chase utility laundry cart,113,1,1.0,1.0,0.09523809523809523,1.0,1.0,0.18095238095238095,1.0,0.95,0.4666666666666667,1.0,0.98,1.0,0.0,0.0,0.0
325,outdoor waterproof chest,120,46,0.3434276858077574,0.29602033565347186,0.03488372093023256,1.0,0.5,0.05813953488372093,1.0,0.5,0.11627906976744186,1.0,0.46,0.3333333333333333,0.2,0.5,0.0
326,bowersville ladder writing desk,284,1,1.0,1.0,0.0353356890459364,1.0,1.0,0.0706713780918728,1.0,1.0,0.15901060070671377,1.0,0.9,1.0,0.0,0.0,0.0
327,kohler purist brushed bronze,115,8,0.5146367472494705,0.6645320405707489,0.11363636363636363,1.0,1.0,0.22727272727272727,1.0,1.0,0.4659090909090909,1.0,0.82,1.0,0.0,0.0,0.0
328,golub dining table,659,1,1.0,1.0,0.012364760432766615,1.0,0.8,0.02627511591962906,1.0,0.85,0.05409582689335394,1.0,0.7,1.0,0.0,0.19999999999999996,0.0
329,wayfair tension rod,83,2,1.0,1.0,0.12195121951219512,1.0,1.0,0.24390243902439024,1.0,1.0,0.43902439024390244,1.0,0.74,1.0,0.0,0.0,0.0
330,kari 2 piece,600,1,0.6008900578540689,0.4349383871277092,0.02631578947368421,1.0,1.0,0.02631578947368421,1.0,0.9,0.03508771929824561,1.0,0.72,1.0,0.7,0.0,0.0
331,upholstered girls bed,533,52,0.6150499989137242,0.5151440708159266,0.0037735849056603774,1.0,0.2,0.0037735849056603774,1.0,0.1,0.007547169811320755,1.0,0.08,1.0,0.0,0.8,1.0
332,attleboro drum coffee table,1410,1,1.0,1.0,0.0071174377224199285,1.0,1.0,0.014234875444839857,1.0,1.0,0.03558718861209965,1.0,1.0,1.0,0.0,0.0,0.0
333,stainless steel colander set,315,21,0.8506629589898831,0.8820638890509007,0.12048192771084337,1.0,1.0,0.24096385542168675,1.0,1.0,0.5903614457831325,1.0,0.98,1.0,0.0,0.0,0.0
334,itchington butterfly,122,6,0.8889173285594403,0.7643266887321589,0.12,1.0,0.9,0.16,1.0,0.95,0.44,1.0,0.92,1.0,0.3,0.09999999999999998,0.0
335,canadian,81,42,1.0,1.0,0.23809523809523808,1.0,1.0,0.47619047619047616,1.0,1.0,0.9761904761904762,1.0,0.84,1.0,0.0,0.0,0.0
336,mystic swivel,360,1,0.5719409191630739,0.6072001827101512,0.01749271137026239,1.0,0.8,0.026239067055393587,1.0,0.6,0.06997084548104957,1.0,0.62,1.0,0.2,0.19999999999999996,0.0
337,iittala bowl,201,39,1.0,0.8404532026983904,0.08264462809917356,1.0,1.0,0.1652892561983471,1.0,1.0,0.36363636363636365,1.0,0.94,1.0,0.0,0.0,0.0
338,mahone porch rocking chair,204,1,1.0,1.0,0.05714285714285714,1.0,1.0,0.11428571428571428,1.0,1.0,0.28,1.0,0.98,1.0,0.0,0.0,0.0
339,ruckus chair,3044,6,0.8275399632734444,0.6959692047717627,0.07692307692307693,1.0,1.0,0.08653846153846154,1.0,0.85,0.08653846153846154,1.0,0.86,1.0,0.2,0.0,0.0
340,berenice 4 storage cabinet,505,3,0.8302347568882764,0.8677369354130786,0.019753086419753086,1.0,0.9,0.03950617283950617,1.0,0.85,0.10617283950617284,1.0,0.88,1.0,0.1,0.09999999999999998,0.0
341,canvas map art,199,22,1.0,0.9115308497622715,0.05025125628140704,1.0,1.0,0.10050251256281408,1.0,1.0,0.24120603015075376,1.0,0.96,1.0,0.0,0.0,0.0
342,brendon counter stool,478,2,1.0,1.0,0.014675052410901468,1.0,0.7,0.033542976939203356,1.0,0.8,0.0880503144654088,1.0,0.84,1.0,0.0,0.30000000000000004,0.0
343,navy and peach bedding,116,0,1.0,1.0,0.017391304347826087,,0.2,0.043478260869565216,,0.25,0.06086956521739131,,0.14,0.25,0.0,0.8,0.0
344,ottoman bed queen,116,0,0.8263333286520084,0.8879212007962822,0.0,,0.0,0.017543859649122806,,0.15,0.06140350877192982,,0.16,0.07692307692307693,0.0,1.0,0.0
345,oriental vanity,1148,0,0.0,0.0,0.0,,0.8,0.0,,0.85,0.001321003963011889,,0.88,0.027777777777777776,0.8,0.19999999999999996,0.0
346,nesting tray set,110,19,0.9134166588977729,0.8428920591290582,0.11363636363636363,1.0,1.0,0.22727272727272727,1.0,1.0,0.2727272727272727,1.0,0.5,1.0,0.0,0.0,0.0
347,olive green console table,577,0,1.0,1.0,0.005253940455341506,,0.3,0.017513134851138354,,0.5,0.047285464098073555,,0.54,0.25,0.0,0.7,0.0
348,one alium way,2,0,1.0,1.0,0.0,,0.0,0.0,,0.0,0.0,,0.0,0.0006706908115358819,0.0,1.0,0.0
349,mud room sign,98,5,0.6267490438585046,0.6987816321803604,0.10526315789473684,1.0,1.0,0.21052631578947367,1.0,1.0,0.37894736842105264,1.0,0.72,1.0,0.0,0.0,0.0
351,white bathroom vanity black hardware,727,0,1.0,1.0,0.011347517730496455,,0.8,0.024113475177304965,,0.85,0.06382978723404255,,0.9,0.5,0.0,0.19999999999999996,0.0
352,amarillo,81,29,1.0,1.0,0.3448275862068966,1.0,1.0,0.6896551724137931,1.0,1.0,1.0,1.0,0.58,1.0,0.0,0.0,1.0
353,pennfield playhouse,54,1,1.0,0.9744058247626352,0.4,1.0,1.0,0.72,1.0,0.9,0.88,1.0,0.5,1.0,0.0,0.0,0.0
354,tressler rug,1402,0,1.0,1.0,0.007288629737609329,,1.0,0.014577259475218658,,1.0,0.03571428571428571,,0.98,1.0,0.0,0.0,0.0
355,argenteuil,59,30,1.0,1.0,0.3333333333333333,1.0,1.0,0.6666666666666666,1.0,1.0,1.0,1.0,0.6,1.0,0.0,0.0,1.0
356,platform bed side table,960,0,0.77990823370192,0.8579599603663427,0.009554140127388535,,1.0,0.020169851380042462,,1.0,0.04777070063694268,,0.94,0.5,0.1,0.0,0.0
357,tall free standing pet gate,355,34,0.5521606739509267,0.6867415962859296,0.1694915254237288,1.0,1.0,0.3389830508474576,1.0,1.0,0.847457627118644,1.0,1.0,1.0,0.0,0.0,0.0
358,sliding closet mirror,116,4,0.9015803795325444,0.9217822573014662,0.07079646017699115,1.0,0.9,0.1504424778761062,1.0,0.9,0.3008849557522124,1.0,0.72,1.0,0.1,0.09999999999999998,0.0
359,french molding,203,8,0.9154410598505539,0.891579088978349,0.06896551724137931,1.0,1.0,0.09655172413793103,1.0,0.9,0.23448275862068965,1.0,0.76,1.0,0.0,0.0,0.0
360,huntsville sectional sofa,125,0,1.0,1.0,0.024,,0.3,0.048,,0.3,0.072,,0.18,0.25,0.0,0.7,0.0
361,kisner,98,25,1.0,1.0,0.4,1.0,1.0,0.8,1.0,1.0,1.0,1.0,0.5,1.0,0.0,0.0,0.0
362,brushed gold wall decor,245,0,1.0,1.0,0.013392857142857142,,0.3,0.03571428571428571,,0.4,0.09375,,0.42,0.2,0.0,0.7,0.0
363,fortunat coffee table,1380,1,0.6943559465628248,0.7787676299523247,0.005072463768115942,0.0,0.7,0.012318840579710146,0.0,0.85,0.034057971014492754,0.0,0.94,0.3333333333333333,0.0,0.30000000000000004,0.0
364,croscill ashton,114,0,1.0,0.8924330670262723,0.2222222222222222,,1.0,0.37777777777777777,,1.0,1.0,,0.96,1.0,0.0,0.0,0.0
365,gas detector,130,9,0.5551025205949455,0.6946420397016806,0.21739130434782608,1.0,1.0,0.5652173913043478,1.0,1.0,0.9565217391304348,1.0,0.98,1.0,0.5,0.0,0.0
366,drudge report,1,0,,,,,0.0,,,0.0,,,0.0,,0.0,1.0,0.0
367,wooden chair outdoor,202,42,0.7329429121425178,0.601600210039396,0.025510204081632654,1.0,0.5,0.030612244897959183,1.0,0.3,0.05102040816326531,1.0,0.24,1.0,0.0,0.5,0.0
368,pasta tools,143,81,1.0,1.0,0.08333333333333333,1.0,1.0,0.16666666666666666,1.0,1.0,0.39166666666666666,1.0,0.94,1.0,0.0,0.0,0.0
369,wrought tv stand,362,2,0.5821032065260975,0.6833800218492042,0.025,0.0,0.9,0.05,0.0,0.9,0.13333333333333333,1.0,0.96,1.0,0.0,0.09999999999999998,0.0
370,rug for teen room,3,1,0.8213137146137828,0.8213137146137828,0.0,0.0,0.0,0.0,0.0,0.0,0.0,0.0,0.0,0.0007189072609633358,0.0,1.0,0.0
371,milk cow chair,112,8,0.12060232203683756,0.2170283707121872,0.030927835051546393,1.0,1.0,0.061855670103092786,1.0,0.75,0.08247422680412371,1.0,0.4,0.14285714285714285,0.7,0.0,0.0
372,verden callan,120,1,1.0,0.9691443955127602,0.20833333333333334,1.0,1.0,0.3958333333333333,1.0,1.0,0.9791666666666666,1.0,0.98,1.0,0.0,0.0,0.0
373,togo chair,3233,0,0.92663607790064,0.9179031474232456,0.0025493945188017845,,0.9,0.005417463352453792,,0.95,0.013702995538559592,,0.94,1.0,0.1,0.09999999999999998,0.0
374,sinks bed frame,170,0,0.685119869332369,0.7967866449883108,0.04964539007092199,,0.9,0.12056737588652482,,0.95,0.24822695035460993,,0.74,0.5,0.2,0.09999999999999998,0.0
375,pastel pink desk chair,211,0,1.0,1.0,0.014492753623188406,,0.3,0.04830917874396135,,0.5,0.1111111111111111,,0.46,0.2,0.0,0.7,0.0
376,island estate coffee table,1430,3,1.0,1.0,0.00700770847932726,1.0,1.0,0.013314646110721794,1.0,0.95,0.023826208829712685,1.0,0.7,1.0,0.0,0.0,0.0
377,glinda upholstered bench,134,0,1.0,1.0,0.06716417910447761,,0.9,0.1417910447761194,,0.95,0.3656716417910448,,0.98,0.5,0.0,0.09999999999999998,0.0
378,cliffside 5 light candle style drum chandelier,580,0,1.0,1.0,0.017825311942959002,,1.0,0.035650623885918005,,1.0,0.08912655971479501,,1.0,1.0,0.0,0.0,0.0
379,urban outfitters duvet,71,0,1.0,1.0,0.1267605633802817,,0.9,0.23943661971830985,,0.85,0.4084507042253521,,0.58,1.0,0.0,0.09999999999999998,0.0
380,gravity feeder,124,6,1.0,1.0,0.2222222222222222,1.0,1.0,0.4444444444444444,1.0,1.0,0.8666666666666667,1.0,0.9,1.0,0.0,0.0,0.0
381,farmhouse hood vent,80,0,1.0,1.0,0.0875,,0.7,0.1625,,0.65,0.4375,,0.7,1.0,0.0,0.30000000000000004,0.0
382,counter top one cup hot water dispenser,89,4,0.6896585528254939,0.7907951266980675,0.16363636363636364,1.0,0.9,0.34545454545454546,1.0,0.95,0.8,1.0,0.88,1.0,0.0,0.09999999999999998,0.0
383,minnestrista,3,0,1.0,1.0,0.0,,0.0,0.0,,0.0,0.0,,0.0,3.28590674596655e-05,0.0,1.0,1.0
384,dining table vinyl cloth,687,20,1.0,1.0,0.13114754098360656,1.0,0.8,0.2786885245901639,1.0,0.85,0.3770491803278688,1.0,0.48,1.0,0.0,0.19999999999999996,0.0
385,mom urn,55,0,1.0,0.9313054208631413,0.37037037037037035,,1.0,0.5555555555555556,,0.8,0.8888888888888888,,0.54,1.0,0.0,0.0,0.0
386,alter furniture,298,0,0.3301376494471203,0.2867230978054694,0.01015228426395939,,0.3,0.01015228426395939,,0.45,0.025380710659898477,,0.5,1.0,0.1,0.7,0.0
387,self enclosed planters,92,0,1.0,1.0,0.10869565217391304,,1.0,0.20652173913043478,,0.95,0.45652173913043476,,0.84,1.0,0.0,0.0,0.0
388,outdoor sectional doning,64,0,0.8415908474314977,0.897767905235079,0.1,,0.7,0.13333333333333333,,0.45,0.25,,0.34,1.0,0.1,0.30000000000000004,0.0
389,brush nickel faucet bathroom,337,157,0.7853663072074676,0.7924096145798274,0.02476780185758514,1.0,0.8,0.05263157894736842,1.0,0.85,0.1393188854489164,1.0,0.9,1.0,0.0,0.19999999999999996,0.0
390,cushion replacement insert,61,0,1.0,1.0,0.14754098360655737,,0.9,0.2459016393442623,,0.75,0.4098360655737705,,0.5,1.0,0.0,0.09999999999999998,0.0
391,"writing desk 48""",229,8,0.6991754056460908,0.8229065396002881,0.039301310043668124,1.0,0.9,0.048034934497816595,1.0,0.55,0.11790393013100436,1.0,0.54,0.5,0.0,0.09999999999999998,0.0
392,china clock,368,0,1.0,1.0,0.028985507246376812,,1.0,0.057971014492753624,,1.0,0.14492753623188406,,1.0,1.0,0.0,0.0,0.0
393,propane gas dryer,96,0,0.5965173333990071,0.7022987109397255,0.08,,1.0,0.18666666666666668,,0.95,0.44,,0.86,1.0,0.4,0.0,0.0
394,gray leather cocktail table,117,0,0.92663607790064,0.9197883495545371,0.009708737864077669,,0.1,0.038834951456310676,,0.2,0.08737864077669903,,0.2,0.2,0.0,0.9,0.0
395,pantry grey,74,0,0.7065443116025598,0.7764649460007149,0.0625,,0.2,0.1875,,0.2,0.25,,0.1,0.1111111111111111,0.1,0.8,0.0
396,alyse 8 light,136,1,1.0,1.0,0.030303030303030304,1.0,0.4,0.030303030303030304,1.0,0.2,0.06060606060606061,1.0,0.16,1.0,0.0,0.6,0.0
397,maryford queen tufted bed,493,0,1.0,1.0,0.020366598778004074,,1.0,0.04073319755600815,,1.0,0.09979633401221996,,0.98,1.0,0.0,0.0,0.0
398,super bright lights,107,19,0.8611375561264455,0.8488637691094938,0.08433734939759036,1.0,0.8,0.13253012048192772,1.0,0.6,0.1927710843373494,1.0,0.36,1.0,0.1,0.19999999999999996,0.0
399,12v dirt bike,85,0,1.0,1.0,0.14705882352941177,,1.0,0.29411764705882354,,1.0,0.6029411764705882,,0.82,1.0,0.0,0.0,0.0
400,small ladies rocker swivel recliner,24,0,1.0,1.0,0.0,,0.0,0.041666666666666664,,0.05,0.3333333333333333,,0.16,0.09090909090909091,0.0,1.0,0.0
401,glass lsmp shades,55,18,0.6424293576721358,0.6543722382588004,0.16666666666666666,1.0,0.9,0.2962962962962963,1.0,0.8,0.6296296296296297,1.0,0.68,1.0,0.0,0.09999999999999998,0.0
402,modern farmhouse lighting semi flush mount,251,7,0.38441023776109734,0.5656609994469863,0.04424778761061947,0.0,1.0,0.08849557522123894,1.0,1.0,0.22123893805309736,1.0,1.0,1.0,0.0,0.0,0.0
403,wood rack wide,149,31,0.5189870596182024,0.5939180749675123,0.03225806451612903,1.0,0.4,0.056451612903225805,1.0,0.35,0.0967741935483871,1.0,0.24,1.0,0.0,0.6,0.0
404,large cushion outdoor chair,564,4,0.4700182601018591,0.5788037469624102,0.017241379310344827,0.0,0.9,0.034482758620689655,0.0,0.9,0.06704980842911877,0.0,0.7,1.0,0.0,0.09999999999999998,0.0
405,queen ann style living room chair,446,0,1.0,1.0,0.017391304347826087,,0.6,0.043478260869565216,,0.75,0.08695652173913043,,0.6,0.3333333333333333,0.0,0.4,0.0
406,refrigerator with ice an water in door,98,22,0.911298659909514,0.8230448813905368,0.12987012987012986,1.0,1.0,0.2597402597402597,1.0,1.0,0.6103896103896104,1.0,0.98,1.0,0.0,0.0,0.0
407,huge bookcase,331,11,0.3333333333333333,0.4526257649152574,0.030211480362537766,0.0,1.0,0.06042296072507553,1.0,1.0,0.1268882175226586,1.0,0.84,1.0,0.0,0.0,0.0
408,girl reading statue,102,31,0.8532721558012799,0.9053066402442285,0.09803921568627451,1.0,1.0,0.19607843137254902,1.0,1.0,0.4803921568627451,1.0,0.98,1.0,0.0,0.0,0.0
409,teal chair,3393,40,0.3112485921818703,0.3306433802040734,0.0022875816993464053,1.0,0.9,0.004901960784313725,1.0,0.9,0.01241830065359477,1.0,0.88,1.0,0.2,0.09999999999999998,0.0
410,pool floats,281,58,0.3916650074347784,0.446721915909066,0.07291666666666667,1.0,1.0,0.125,1.0,0.9,0.3229166666666667,1.0,0.84,1.0,0.3,0.0,0.0
411,outdoor clock,1566,85,0.9477344873475497,0.9662695446835886,0.02865329512893983,1.0,1.0,0.05730659025787966,1.0,1.0,0.14040114613180515,1.0,1.0,1.0,0.0,0.0,0.0
412,jennie tufted upholstered low profile platform bed,1090,1,1.0,1.0,0.007662835249042145,1.0,0.8,0.01532567049808429,1.0,0.8,0.035440613026819924,1.0,0.74,1.0,0.0,0.19999999999999996,0.0
413,burruss patio sectional with cushions,599,1,1.0,1.0,0.0142602495543672,1.0,0.8,0.03208556149732621,1.0,0.9,0.0766488413547237,1.0,0.86,1.0,0.0,0.19999999999999996,0.0
414,shower hooks,914,165,1.0,1.0,0.02666666666666667,1.0,1.0,0.05333333333333334,1.0,1.0,0.13333333333333333,1.0,1.0,1.0,0.0,0.0,1.0
415,toilet paper stand,151,75,1.0,0.9744102412230782,0.08130081300813008,1.0,1.0,0.16260162601626016,1.0,1.0,0.4065040650406504,1.0,1.0,1.0,0.0,0.0,0.0
416,wayfair coffee table,1447,0,1.0,1.0,0.004158004158004158,,0.6,0.010395010395010396,,0.75,0.0297990297990298,,0.86,0.3333333333333333,0.0,0.4,0.0
417,twin bed frame,567,188,1.0,0.9328578189171259,0.01601423487544484,1.0,0.9,0.03202846975088968,1.0,0.9,0.08362989323843416,1.0,0.94,1.0,0.0,0.09999999999999998,0.0
418,writing desk,1123,608,0.8532721558012799,0.9053066402442285,0.01002004008016032,1.0,1.0,0.02004008016032064,1.0,1.0,0.04909819639278557,1.0,1.0,1.0,0.0,0.0,0.0
419,living room ideas,21,16,1.0,1.0,0.0,0.0,0.0,0.0,0.0,0.0,0.0,0.0,0.0,0.013513513513513514,0.0,1.0,1.0
420,tile backsplash,1013,766,1.0,1.0,0.010101010101010102,1.0,1.0,0.020202020202020204,1.0,1.0,0.050505050505050504,1.0,1.0,1.0,0.0,0.0,0.0
421,dining room tables,758,649,1.0,1.0,0.0125,1.0,0.9,0.02638888888888889,1.0,0.95,0.0625,1.0,0.9,1.0,0.0,0.09999999999999998,0.0
422,ergonomic chair,3328,428,0.5462380742745403,0.45433668948313005,0.0016318537859007832,1.0,0.7,0.0026109660574412533,1.0,0.85,0.01077023498694517,1.0,0.92,1.0,0.2,0.30000000000000004,0.0
423,wall shelves,3034,285,1.0,1.0,0.021479713603818614,1.0,0.9,0.04295942720763723,1.0,0.9,0.11217183770883055,1.0,0.94,1.0,0.0,0.09999999999999998,0.0
424,wayfair comforters,618,4,0.6769125582181964,0.7041608400027757,0.027932960893854747,1.0,1.0,0.0446927374301676,1.0,0.9,0.055865921787709494,1.0,0.76,1.0,0.0,0.0,0.0
425,side table with storage,742,56,0.7547191618576448,0.6778179204399338,0.009735744089012517,1.0,0.7,0.02364394993045897,1.0,0.85,0.0584144645340751,1.0,0.84,1.0,0.0,0.30000000000000004,0.0
426,outdoor storage,3254,223,0.9052116356304494,0.9053891932372546,0.007352941176470588,1.0,1.0,0.013071895424836602,1.0,0.85,0.029411764705882353,1.0,0.8,1.0,0.1,0.0,0.0
427,lowes tile,1125,0,1.0,1.0,0.006389776357827476,,0.4,0.011182108626198083,,0.35,0.039936102236421724,,0.5,0.25,0.0,0.6,0.0
428,kitchen storage cabinet,537,66,0.6912068936114338,0.6907960594724178,0.008438818565400843,1.0,0.4,0.016877637130801686,1.0,0.4,0.046413502109704644,1.0,0.46,0.5,0.0,0.6,0.0
429,gray dresser,860,94,0.45298473672387823,0.49205476515502766,0.017543859649122806,1.0,0.9,0.03508771929824561,1.0,0.95,0.08382066276803118,1.0,0.94,1.0,0.0,0.09999999999999998,0.0
430,30 inch bathroom vanity,662,98,0.7202201456655508,0.750201382836178,0.011041009463722398,1.0,0.8,0.025236593059936908,1.0,0.9,0.0694006309148265,1.0,0.94,1.0,0.1,0.19999999999999996,0.0
431,shoe bench entryway,160,75,1.0,0.9735859552961229,0.06493506493506493,1.0,1.0,0.12987012987012986,1.0,1.0,0.2922077922077922,1.0,0.9,1.0,0.0,0.0,0.0
432,butcher block island,176,42,0.9074250374176304,0.9179634809412953,0.05747126436781609,1.0,1.0,0.11494252873563218,1.0,1.0,0.28160919540229884,1.0,0.98,1.0,0.0,0.0,0.0
433,trundle daybed,273,113,1.0,1.0,0.04132231404958678,1.0,1.0,0.08264462809917356,1.0,1.0,0.2066115702479339,1.0,1.0,1.0,0.0,0.0,0.0
434,bathroom lighting,3530,226,1.0,1.0,0.007288629737609329,1.0,1.0,0.014577259475218658,1.0,1.0,0.03644314868804665,1.0,1.0,1.0,0.0,0.0,0.0
435,shoe closet,443,47,0.8122418648457492,0.6903781679397697,0.028169014084507043,1.0,1.0,0.056338028169014086,1.0,1.0,0.13802816901408452,1.0,1.0,1.0,0.0,0.0,0.0
436,full bed with trundle,214,46,0.7645708157107939,0.7310922263996995,0.04326923076923077,1.0,0.9,0.08173076923076923,1.0,0.85,0.16346153846153846,1.0,0.68,1.0,0.0,0.09999999999999998,0.0
437,kitchen islands with seating,195,47,0.38224261473290666,0.414006478821913,0.03910614525139665,1.0,0.7,0.0782122905027933,1.0,0.7,0.16201117318435754,1.0,0.58,1.0,0.0,0.30000000000000004,0.0
438,indoor water fountain,156,101,1.0,1.0,0.05806451612903226,1.0,0.9,0.1032258064516129,1.0,0.8,0.2645161290322581,1.0,0.82,1.0,0.0,0.09999999999999998,0.0
439,parsons chairs,3276,216,1.0,0.9772913518293451,0.004111842105263158,1.0,1.0,0.008223684210526315,1.0,1.0,0.02055921052631579,1.0,1.0,1.0,0.0,0.0,0.0
440,wood bar stools,777,255,0.7729868713934952,0.7340408366177411,0.01310615989515072,1.0,1.0,0.02621231979030144,1.0,1.0,0.0655307994757536,1.0,1.0,1.0,0.0,0.0,0.0
441,desk for kids,1385,78,0.8988252059479763,0.9082910467277876,0.009027081243731194,1.0,0.9,0.017051153460381142,1.0,0.85,0.03811434302908726,1.0,0.84,1.0,0.0,0.09999999999999998,0.0
442,above toilet cabinet,1137,70,0.9432379215722527,0.8648809297642027,0.02444987775061125,1.0,1.0,0.04156479217603912,1.0,0.95,0.09046454767726161,1.0,0.96,1.0,0.0,0.0,0.0
443,patio design,409,352,0.841492960259019,0.8621947221417141,0.0028089887640449437,1.0,0.1,0.011235955056179775,1.0,0.25,0.03932584269662921,1.0,0.34,0.3333333333333333,0.0,0.9,0.0
444,outdoor lounge chair,364,114,0.5381096053242963,0.6456019872446098,0.01904761904761905,1.0,0.9,0.04126984126984127,1.0,0.85,0.08888888888888889,1.0,0.72,1.0,0.3,0.09999999999999998,0.0
445,chaise lounge couch,350,170,0.9069212362975005,0.8289227931474118,0.021604938271604937,1.0,0.7,0.043209876543209874,1.0,0.75,0.11728395061728394,1.0,0.82,1.0,0.0,0.30000000000000004,0.0
446,card table,4326,57,0.8205228949141826,0.8841713365814996,0.0022889842632331904,1.0,1.0,0.004291845493562232,1.0,0.85,0.010300429184549357,1.0,0.78,1.0,0.2,0.0,1.0
447,tall buffet cabinet,212,3,0.5159958223394444,0.5990049213693163,0.02403846153846154,0.0,0.5,0.057692307692307696,0.0,0.65,0.10576923076923077,0.0,0.46,1.0,0.0,0.5,0.0
448,bed side table,203,81,0.36439191658613296,0.35337752885411505,0.0,0.0,0.0,0.0,0.0,0.0,0.045454545454545456,1.0,0.2,0.047619047619047616,0.0,1.0,0.0
449,living room designs,172,164,0.7799082337019199,0.8579599603663427,0.0,0.0,0.1,0.0,0.0,0.05,0.006060606060606061,1.0,0.04,0.030303030303030304,0.1,0.9,0.0
451,aiden black velvet bed,111,0,0.77523873680463,0.7865714390591053,0.039603960396039604,,0.5,0.0594059405940594,,0.4,0.13861386138613863,,0.36,1.0,0.1,0.5,0.0
452,day bed indian,105,0,1.0,1.0,0.0,,0.0,0.02857142857142857,,0.15,0.05714285714285714,,0.12,0.09090909090909091,0.0,1.0,0.0
453,midcentury tv unit,118,25,0.44236092441353086,0.4036961806977354,0.01694915254237288,0.0,0.2,0.01694915254237288,0.0,0.1,0.03389830508474576,0.0,0.08,0.2,0.0,0.8,0.0
454,carpet 5x6,110,0,0.4225749983705865,0.3067790784798723,0.0375,,1.0,0.05,,0.95,0.075,,0.62,1.0,0.7,0.0,0.0
455,deer coat hooks,110,2,0.5821032065260975,0.6833800218492042,0.08256880733944955,0.0,0.9,0.1559633027522936,0.0,0.85,0.3669724770642202,1.0,0.8,1.0,0.0,0.09999999999999998,0.0
456,wall design shelf,221,76,0.579237114759102,0.6060905137430055,0.046153846153846156,1.0,0.9,0.08717948717948718,1.0,0.85,0.21025641025641026,1.0,0.82,1.0,0.0,0.09999999999999998,0.0
457,5 gang light switch,329,0,1.0,1.0,0.057803468208092484,,1.0,0.11560693641618497,,1.0,0.28901734104046245,,1.0,1.0,0.0,0.0,0.0
458,bubble guppies chair,120,0,0.4362115423097745,0.503445612611546,0.05263157894736842,,0.9,0.12631578947368421,,0.85,0.1368421052631579,,0.48,0.2,0.4,0.09999999999999998,0.0
459,tye dye duvet cover,205,19,0.7476660540889449,0.7832922010206264,0.02926829268292683,1.0,0.6,0.06829268292682927,1.0,0.7,0.16585365853658537,1.0,0.68,1.0,0.0,0.4,0.0
460,small wardrobe grey,111,7,0.31801242703441296,0.4369487714488604,0.03571428571428571,0.0,0.4,0.09523809523809523,1.0,0.5,0.23809523809523808,1.0,0.46,0.5,0.1,0.6,0.0
461,luau string lights,61,4,1.0,1.0,0.15517241379310345,1.0,0.9,0.3103448275862069,1.0,0.9,0.5862068965517241,1.0,0.7,1.0,0.0,0.09999999999999998,0.0
462,large bases,2,0,1.0,1.0,0.0,,0.0,0.0,,0.0,0.0,,0.0,0.0009216589861751152,0.0,1.0,1.0
463,bistro sets patio,274,139,1.0,1.0,0.04784688995215311,1.0,1.0,0.09569377990430622,1.0,1.0,0.23923444976076555,1.0,1.0,1.0,0.0,0.0,0.0
464,cake cutlery,157,85,1.0,1.0,0.10869565217391304,1.0,1.0,0.21739130434782608,1.0,1.0,0.5434782608695652,1.0,1.0,1.0,0.0,0.0,0.0
465,white abstract,2,1,1.0,1.0,0.0,0.0,0.0,0.0,0.0,0.0,0.0,0.0,0.0,0.0017241379310344827,0.0,1.0,0.0
466,rock climbing wall kids,93,1,0.3914698682006918,0.3132478314177697,0.12121212121212122,0.0,1.0,0.15151515151515152,0.0,1.0,0.48484848484848486,0.0,0.78,1.0,0.6,0.0,0.0
467,town & country living curtains,150,0,1.0,1.0,0.03333333333333333,,0.5,0.07333333333333333,,0.55,0.18666666666666668,,0.56,0.25,0.0,0.5,0.0
468,glow in the dark silent wall clock,294,4,0.6805916686548646,0.7893408613451114,0.035211267605633804,1.0,1.0,0.07042253521126761,1.0,1.0,0.16549295774647887,1.0,0.98,1.0,0.0,0.0,0.0
469,garage sports storage rack,161,64,0.9510907186004265,0.9684355467480761,0.06369426751592357,1.0,1.0,0.12738853503184713,1.0,1.0,0.3184713375796178,1.0,1.0,1.0,0.0,0.0,0.0
470,elephant framed,638,45,1.0,1.0,0.03508771929824561,1.0,1.0,0.07017543859649122,1.0,1.0,0.13333333333333333,1.0,0.96,1.0,0.0,0.0,0.0
471,adjustable height artist stool,310,1,0.6943559465628248,0.7787676299523247,0.04950495049504951,0.0,1.0,0.09900990099009901,0.0,1.0,0.24752475247524752,1.0,1.0,1.0,0.0,0.0,0.0
472,window wall accent,108,47,0.9216017310213247,0.8947743649539208,0.05,1.0,0.6,0.09,1.0,0.5,0.24,1.0,0.52,1.0,0.1,0.4,1.0
473,chair pillow cushion,286,126,1.0,0.9763266600610571,0.03345724907063197,1.0,0.9,0.04460966542750929,1.0,0.6,0.055762081784386616,1.0,0.3,1.0,0.0,0.09999999999999998,0.0
474,48 inch bathroom vanity with trough sink,784,0,1.0,1.0,0.014104372355430184,,1.0,0.02679830747531735,,0.95,0.06770098730606489,,0.96,1.0,0.0,0.0,0.0
475,rattan truck,70,0,0.77990823370192,0.8579599603663427,0.2727272727272727,,1.0,0.5151515151515151,,0.9,0.9696969696969697,,0.66,0.5,0.1,0.0,1.0
476,hardwood beds,2224,639,0.5627118184716978,0.5304894109553702,0.004772004241781549,1.0,1.0,0.01007423117709438,1.0,1.0,0.02386002120890774,1.0,0.94,1.0,0.1,0.0,0.0
478,worn leather office chair,445,1,0.6943559465628248,0.7787676299523247,0.014084507042253521,0.0,0.6,0.03051643192488263,0.0,0.65,0.07511737089201878,0.0,0.64,0.3333333333333333,0.0,0.4,0.0
479,garage door mail slot,83,0,1.0,1.0,0.18181818181818182,,1.0,0.36363636363636365,,1.0,0.7090909090909091,,0.8,1.0,0.0,0.0,0.0
480,pictures to hang over fireplace,3,0,1.0,1.0,0.3333333333333333,,0.1,0.3333333333333333,,0.05,1.0,,0.06,0.125,0.0,0.9,0.0
481,emma headboard,219,1,0.24376644831877547,0.4526203305231407,0.014218009478672985,0.0,0.8,0.061611374407582936,0.0,0.9,0.18009478672985782,0.0,0.88,0.14285714285714285,0.5,0.19999999999999996,0.0
482,48 inch kitchen hood,104,12,0.9575861412006988,0.9331702345448653,0.10101010101010101,1.0,1.0,0.20202020202020202,1.0,1.0,0.48484848484848486,1.0,0.96,1.0,0.0,0.0,0.0
483,rustic twig,248,4,0.5352861443647993,0.6701061205371905,0.04784688995215311,1.0,1.0,0.09569377990430622,1.0,1.0,0.22009569377990432,1.0,0.92,1.0,0.0,0.0,0.0
484,nespresso vertuo next premium by breville with aeroccino,53,0,1.0,0.9676617088516802,0.38461538461538464,,1.0,0.6153846153846154,,0.8,0.6538461538461539,,0.34,1.0,0.0,0.0,0.0
485,pedistole sink,255,0,0.08514311764162101,0.0913048760605247,0.0,,0.2,0.0,,0.2,0.006578947368421052,,0.22,0.038461538461538464,0.2,0.8,0.0
486,54 in bench cushion,87,0,1.0,1.0,0.11494252873563218,,1.0,0.22988505747126436,,1.0,0.5172413793103449,,0.9,1.0,0.0,0.0,0.0
487,rack glass,946,2,0.6270978181984109,0.6648993067136983,0.0,0.0,0.0,0.004608294930875576,0.0,0.1,0.016129032258064516,1.0,0.14,0.09090909090909091,0.0,1.0,0.0
