source,queries,legacy_cNDCG@10,official_cNDCG@10,delta,ci_low,ci_high
phase2\results\phase2_pair_ranks\esci_bge_base_native_C0.parquet,500,0.7124454703586711,0.7364416359237728,0.0239961655651017,0.0198970367099361,0.0282740888528475
phase2\results\phase2_pair_ranks\esci_bge_base_native_C1.parquet,500,0.7125867499832662,0.7362497823114893,0.0236630323282229,0.0195309626442492,0.0279346337443747
phase2\results\phase2_pair_ranks\esci_bge_base_native_C2s1.parquet,500,0.7150208222272365,0.7384720198224481,0.0234511975952116,0.0193613734313224,0.0276670562755842
phase2\results\phase2_pair_ranks\esci_bge_base_native_C2s2.parquet,500,0.7140666517824095,0.7377741475464124,0.0237074957640028,0.0196459230595409,0.0279306288524838
phase2\results\phase2_pair_ranks\esci_bge_base_native_C2s3.parquet,500,0.7157923003982684,0.7393327319182631,0.0235404315199947,0.0194376948713102,0.0278021446339724
phase2\results\phase2_pair_ranks\esci_bge_base_native_C2s4.parquet,500,0.7129085405608105,0.7363413192659811,0.0234327787051706,0.0192857328328289,0.02775016417368
phase2\results\phase2_pair_ranks\esci_bge_base_native_C2s5.parquet,500,0.7133265232145933,0.7370115030264676,0.0236849798118744,0.0195828032293088,0.0279643017525446
phase2\results\phase2_pair_ranks\esci_bge_base_native_C3.parquet,500,0.7083148289082408,0.7324894194141993,0.0241745905059584,0.0199811375014199,0.0285537803361463
phase2\results\phase2_pair_ranks\esci_bge_base_native_C4.parquet,500,0.6985587395376561,0.7234000479789318,0.0248413084412756,0.020662134956834,0.0292210750356059
phase2\results\phase2_pair_ranks\esci_bge_base_native_C5asc.parquet,500,0.6948029030637204,0.7195176645258087,0.0247147614620882,0.0203876972995236,0.0293108651494878
phase2\results\phase2_pair_ranks\esci_bge_base_native_C5desc.parquet,500,0.7077565427869206,0.7321181100249121,0.0243615672379913,0.020131667192756,0.0288019333160922
phase2\results\phase2_pair_ranks\esci_bge_base_native_M1C0.parquet,500,0.7061174440746638,0.7305208114882888,0.024403367413625,0.0203368605547318,0.028625644306222
phase2\results\phase2_pair_ranks\esci_bge_base_native_M1C1.parquet,500,0.7072526314025592,0.7319427306873956,0.0246900992848363,0.0205216443179545,0.0290677192535967
phase2\results\phase2_pair_ranks\esci_bge_base_native_M1C2s1.parquet,500,0.7052229818600105,0.7298330174955313,0.0246100356355207,0.0204096778947964,0.0290054603205731
phase2\results\phase2_pair_ranks\esci_bge_base_native_M1C2s2.parquet,500,0.7083051740241593,0.7328433110020723,0.0245381369779132,0.0204540964496019,0.0287681274842472
phase2\results\phase2_pair_ranks\esci_bge_base_native_M1C2s3.parquet,500,0.7085605880744945,0.7325584794194292,0.0239978913449347,0.0199289427092962,0.0282624201713171
phase2\results\phase2_pair_ranks\esci_bge_base_native_M1C2s4.parquet,500,0.7092499261189954,0.733352037643652,0.0241021115246565,0.019982063385318,0.0283721425598256
phase2\results\phase2_pair_ranks\esci_bge_base_native_M1C2s5.parquet,500,0.7057032069919417,0.7301402243991368,0.024437017407195,0.0203091551608891,0.0288178786978115
phase2\results\phase2_pair_ranks\esci_bge_base_native_M2C0.parquet,500,0.7192272500402046,0.7422525349317586,0.0230252848915539,0.0188736729460652,0.0273416842952933
phase2\results\phase2_pair_ranks\esci_bge_base_native_M2C1.parquet,500,0.7192272500402046,0.7422525349317586,0.0230252848915539,0.0188736729460652,0.0273416842952933
phase2\results\phase2_pair_ranks\esci_bge_base_native_M2C2s1.parquet,500,0.7192272500402046,0.7422525349317586,0.0230252848915539,0.0188736729460652,0.0273416842952933
phase2\results\phase2_pair_ranks\esci_bge_base_native_M2C2s2.parquet,500,0.7192272500402046,0.7422525349317586,0.0230252848915539,0.0188736729460652,0.0273416842952933
phase2\results\phase2_pair_ranks\esci_bge_base_native_M2C2s3.parquet,500,0.7192272500402046,0.7422525349317586,0.0230252848915539,0.0188736729460652,0.0273416842952933
phase2\results\phase2_pair_ranks\esci_bge_base_native_M2C2s4.parquet,500,0.7192272500402046,0.7422525349317586,0.0230252848915539,0.0188736729460652,0.0273416842952933
phase2\results\phase2_pair_ranks\esci_bge_base_native_M2C2s5.parquet,500,0.7192272500402046,0.7422525349317586,0.0230252848915539,0.0188736729460652,0.0273416842952933
phase2\results\phase2_pair_ranks\esci_gte_modernbert_native_C0.parquet,500,0.7167828384738955,0.7388579581284038,0.0220751196545084,0.017686349457575,0.0266635419879333
phase2\results\phase2_pair_ranks\esci_gte_modernbert_native_C1.parquet,500,0.7159301708963219,0.7375965969669748,0.0216664260706529,0.0172748349680405,0.0261822287671845
phase2\results\phase2_pair_ranks\esci_gte_modernbert_native_C2s1.parquet,500,0.7196134469640211,0.7411705997763163,0.0215571528122952,0.0173569747640762,0.0259196810700235
phase2\results\phase2_pair_ranks\esci_gte_modernbert_native_C2s2.parquet,500,0.719607259780224,0.7407945414829378,0.0211872817027138,0.0168437377155773,0.0257339380996958
phase2\results\phase2_pair_ranks\esci_gte_modernbert_native_C2s3.parquet,500,0.718514746011666,0.7398379554595228,0.0213232094478568,0.0170568108821005,0.0257214888189837
phase2\results\phase2_pair_ranks\esci_gte_modernbert_native_C2s4.parquet,500,0.7144218012054586,0.7363044108583997,0.0218826096529411,0.0175296947728612,0.0263490556856675
phase2\results\phase2_pair_ranks\esci_gte_modernbert_native_C2s5.parquet,500,0.7181443583747378,0.7400263527689865,0.0218819943942488,0.0176342040974527,0.0262624587893859
phase2\results\phase2_pair_ranks\esci_gte_modernbert_native_C3.parquet,500,0.7161025293572364,0.7378908059586188,0.0217882766013824,0.0173615184318706,0.0263670349825016
phase2\results\phase2_pair_ranks\esci_gte_modernbert_native_C4.parquet,500,0.7108544434161297,0.7341243652986138,0.0232699218824842,0.0188787249328271,0.0278282124153191
phase2\results\phase2_pair_ranks\esci_gte_modernbert_native_C5asc.parquet,500,0.7113943527761417,0.7364124340836636,0.025018081307522,0.0205589900751791,0.0296278046355177
phase2\results\phase2_pair_ranks\esci_gte_modernbert_native_C5desc.parquet,500,0.7075078668257935,0.7323824846308795,0.024874617805086,0.0204324344816409,0.0294123199882623
phase2\results\phase2_pair_ranks\esci_gte_modernbert_native_M1C0.parquet,500,0.7039506436400749,0.7271001783234475,0.0231495346833726,0.0187904616302061,0.0276423572975539
phase2\results\phase2_pair_ranks\esci_gte_modernbert_native_M1C1.parquet,500,0.705296068535182,0.7284923245931202,0.0231962560579381,0.0188233006553959,0.0277616211551097
phase2\results\phase2_pair_ranks\esci_gte_modernbert_native_M1C2s1.parquet,500,0.7060573421551886,0.7290487483114484,0.0229914061562599,0.0186166217096105,0.0275183785130555
phase2\results\phase2_pair_ranks\esci_gte_modernbert_native_M1C2s2.parquet,500,0.7030277301101553,0.7263327198501937,0.0233049897400383,0.0189062344954109,0.0278549257455977
phase2\results\phase2_pair_ranks\esci_gte_modernbert_native_M1C2s3.parquet,500,0.7031906145894895,0.7263520832008028,0.0231614686113134,0.018775678245402,0.0276967003992069
phase2\results\phase2_pair_ranks\esci_gte_modernbert_native_M1C2s4.parquet,500,0.7043081168414282,0.7274735339923132,0.0231654171508847,0.0186779203016133,0.0277714775506132
phase2\results\phase2_pair_ranks\esci_gte_modernbert_native_M1C2s5.parquet,500,0.7057757951284525,0.7285982647970365,0.0228224696685839,0.0184616673209966,0.0273544226693558
phase2\results\phase2_pair_ranks\esci_gte_modernbert_native_M2C0.parquet,500,0.7180114176432213,0.7399238194253706,0.0219124017821491,0.0174190178205348,0.0265153140605415
phase2\results\phase2_pair_ranks\esci_gte_modernbert_native_M2C1.parquet,500,0.7180114176432213,0.7399238194253706,0.0219124017821491,0.0174190178205348,0.0265153140605415
phase2\results\phase2_pair_ranks\esci_gte_modernbert_native_M2C2s1.parquet,500,0.7180114176432213,0.7399238194253706,0.0219124017821491,0.0174190178205348,0.0265153140605415
phase2\results\phase2_pair_ranks\esci_gte_modernbert_native_M2C2s2.parquet,500,0.7180114176432213,0.7399238194253706,0.0219124017821491,0.0174190178205348,0.0265153140605415
phase2\results\phase2_pair_ranks\esci_gte_modernbert_native_M2C2s3.parquet,500,0.7180114176432213,0.7399238194253706,0.0219124017821491,0.0174190178205348,0.0265153140605415
phase2\results\phase2_pair_ranks\esci_gte_modernbert_native_M2C2s4.parquet,500,0.7180114176432213,0.7399238194253706,0.0219124017821491,0.0174190178205348,0.0265153140605415
phase2\results\phase2_pair_ranks\esci_gte_modernbert_native_M2C2s5.parquet,500,0.7180114176432213,0.7399238194253706,0.0219124017821491,0.0174190178205348,0.0265153140605415
phase2\results\phase2_pair_ranks\esci_minilm_native_C0.parquet,500,0.6853370764119393,0.711273454463738,0.0259363780517986,0.02154448256958,0.0304431100216926
phase2\results\phase2_pair_ranks\esci_minilm_native_C1.parquet,500,0.683137857020519,0.7093200306395528,0.0261821736190338,0.0217068094435556,0.0307431026801627
phase2\results\phase2_pair_ranks\esci_minilm_native_C2s1.parquet,500,0.6842784111816539,0.7104414433768241,0.0261630321951702,0.0217541764120719,0.0306729315578782
phase2\results\phase2_pair_ranks\esci_minilm_native_C2s2.parquet,500,0.685447519559905,0.7111240269809138,0.0256765074210088,0.02122418614982,0.0302380168886951
phase2\results\phase2_pair_ranks\esci_minilm_native_C2s3.parquet,500,0.6817920648854681,0.7081207303711637,0.0263286654856956,0.0218756404067684,0.0308731068405463
phase2\results\phase2_pair_ranks\esci_minilm_native_C2s4.parquet,500,0.6847210355256481,0.7108128942590015,0.0260918587333535,0.0217206869316855,0.0305573823980009
phase2\results\phase2_pair_ranks\esci_minilm_native_C2s5.parquet,500,0.6872631735737118,0.7130287733699823,0.0257655997962704,0.0213749567472519,0.0302474949441979
phase2\results\phase2_pair_ranks\esci_minilm_native_C3.parquet,500,0.6823685145703041,0.7084271468192324,0.0260586322489282,0.0215506361937448,0.0306981325018408
phase2\results\phase2_pair_ranks\esci_minilm_native_C4.parquet,500,0.6747552432241305,0.7016539466270518,0.0268987034029213,0.0223132626147321,0.0316366416732578
phase2\results\phase2_pair_ranks\esci_minilm_native_C5asc.parquet,500,0.6440243538619013,0.6749964897515135,0.030972135889612,0.0259943425842773,0.0361708862827618
phase2\results\phase2_pair_ranks\esci_minilm_native_C5desc.parquet,500,0.6589776110135195,0.6878114037311588,0.0288337927176393,0.0239767804594405,0.0338270723363711
phase2\results\phase2_pair_ranks\esci_minilm_native_M1C0.parquet,500,0.6797283236346928,0.7061152045894955,0.0263868809548027,0.0222365891630067,0.0306876855111377
phase2\results\phase2_pair_ranks\esci_minilm_native_M1C1.parquet,500,0.679559570676944,0.7059798492032757,0.0264202785263317,0.0222585419426633,0.0307707489574327
phase2\results\phase2_pair_ranks\esci_minilm_native_M1C2s1.parquet,500,0.6810297460963551,0.707239826799878,0.0262100807035228,0.0220410367655813,0.030551179151216
phase2\results\phase2_pair_ranks\esci_minilm_native_M1C2s2.parquet,500,0.6782872040170882,0.7050226761001698,0.0267354720830814,0.0225044675548071,0.0311092516819194
phase2\results\phase2_pair_ranks\esci_minilm_native_M1C2s3.parquet,500,0.6813371681861953,0.707717658520755,0.0263804903345597,0.0221686871878196,0.030816775307834
phase2\results\phase2_pair_ranks\esci_minilm_native_M1C2s4.parquet,500,0.6806328633936908,0.7070597170662243,0.0264268536725334,0.022275740070863,0.0307329895795319
phase2\results\phase2_pair_ranks\esci_minilm_native_M1C2s5.parquet,500,0.6778360347897202,0.7044833894558554,0.0266473546661352,0.0223958714406104,0.0311575278694863
phase2\results\phase2_pair_ranks\esci_minilm_native_M2C0.parquet,500,0.6851729505926251,0.7115648171041974,0.0263918665115722,0.0218591953553955,0.031140819635224
phase2\results\phase2_pair_ranks\esci_minilm_native_M2C1.parquet,500,0.6851729505926251,0.7115648171041974,0.0263918665115722,0.0218591953553955,0.031140819635224
phase2\results\phase2_pair_ranks\esci_minilm_native_M2C2s1.parquet,500,0.6851729505926251,0.7115648171041974,0.0263918665115722,0.0218591953553955,0.031140819635224
phase2\results\phase2_pair_ranks\esci_minilm_native_M2C2s2.parquet,500,0.6851729505926251,0.7115648171041974,0.0263918665115722,0.0218591953553955,0.031140819635224
phase2\results\phase2_pair_ranks\esci_minilm_native_M2C2s3.parquet,500,0.6851729505926251,0.7115648171041974,0.0263918665115722,0.0218591953553955,0.031140819635224
phase2\results\phase2_pair_ranks\esci_minilm_native_M2C2s4.parquet,500,0.6851729505926251,0.7115648171041974,0.0263918665115722,0.0218591953553955,0.031140819635224
phase2\results\phase2_pair_ranks\esci_minilm_native_M2C2s5.parquet,500,0.6851729505926251,0.7115648171041974,0.0263918665115722,0.0218591953553955,0.031140819635224
phase3\results\phase3_invariant_method\esci_late_max_pairs.parquet,500,0.7041295391791197,0.7296937351010493,0.0255641959219294,0.0215713444983429,0.0298962462221535
phase3\results\phase3_invariant_method\esci_late_mean_pairs.parquet,500,0.7025637606073226,0.7290050026488499,0.0264412420415273,0.0224045733905156,0.0307049246042643
phase3\results\phase3_invariant_method\esci_late_top3_pairs.parquet,500,0.7025637606073226,0.7290050026488499,0.0264412420415273,0.0224045733905156,0.0307049246042643
phase3\results\phase3_invariant_method\esci_set_mean_pairs.parquet,500,0.7058780646586644,0.7326127851762679,0.0267347205176034,0.0225777304732817,0.031175933957146
