dataset,representation,products,passed,characters_equal,tokens_equal,representation_sha256
wands,C0_original,42994,42994,42994,42994,98274dc0d074d78409eb762e7c26a5b46135a33d1824c5c52813879173c77c9e
wands,C1_reverse_attribute_order,42994,42994,42994,42994,2650494335855b0d807b37d1e863ad8bdec323ed1d357081414e017a6a9979e0
wands,C2_random_attribute_order_s1,42994,42994,42994,42994,718271c2bc2c46325bfbe8f29e7b2b9f91dc3574644ef843bdf842e587954487
wands,C2_random_attribute_order_s2,42994,42994,42994,42994,96184c6257c8e36853a867fc5f1e9a61a05e6f9a6c049d7c6af09b10105a65fd
wands,C2_random_attribute_order_s3,42994,42994,42994,42994,8fd36edb17d1d5f13dbb9ac4a3f87e31e64b2abde2f9cadf919ad1d106adc905
wands,C2_random_attribute_order_s4,42994,42994,42994,42994,deff83e691a90ab24cc9179f24bf571d1b79dd83ee7acb13d08bfadfe39a8d78
wands,C2_random_attribute_order_s5,42994,42994,42994,42994,14650799046cb8686c1cc42e57559a0116a10d8683007f158e09bdccf5f2a3f0
wands,C3_reverse_sentence_order,42994,42994,42994,42994,b55fe518adcf1b014da7153659cfb2974a250e1b0304682a9bb48fb489724ee6
wands,C4_section_order,42994,42994,42994,42994,291e98beda93080d8ec42c5e18a9ea63bd439bf67dad1ec11b7a48f697d8f5aa
wands,C5_json_key_order_ascending,42994,42994,0,0,c22c9ce73bb7c9611f8f42c02e25a07a773ac29e5c206ef6bcb632907caab05c
wands,C5_json_key_order_descending,42994,42994,0,0,b79a71b1f06ea84a8c470be96ed6ccedac0a411a6cf0da1dbd5340d3ad1b5f17
