query_id,n_highest,n_judged,Recall@20,Recall@50,Recall@100,Recall@200,Recall@500,Recall@1000,cNDCG@10
0,39,3301,0.46153846153846156,0.7948717948717948,0.7948717948717948,0.8461538461538461,0.8974358974358975,0.9230769230769231,1.0
1,8,1436,0.125,0.125,0.25,0.5,0.625,0.875,0.5255664792793981
2,151,165,0.13245033112582782,0.32450331125827814,0.6490066225165563,0.9403973509933775,0.9668874172185431,0.9801324503311258,1.0
3,55,997,0.14545454545454545,0.16363636363636364,0.2545454545454545,0.4,0.7272727272727273,0.9636363636363636,0.8863992957602966
4,23,239,0.08695652173913043,0.13043478260869565,0.21739130434782608,0.30434782608695654,0.391304347826087,0.6086956521739131,0.4280127047850847
5,179,1344,0.0893854748603352,0.16759776536312848,0.2905027932960894,0.46368715083798884,0.8324022346368715,0.9497206703910615,0.9477344873475497
6,43,109,0.09302325581395349,0.13953488372093023,0.23255813953488372,0.3023255813953488,0.3953488372093023,0.5348837209302325,0.9368077570869662
7,23,603,0.5217391304347826,0.5652173913043478,0.6521739130434783,0.7391304347826086,0.9565217391304348,1.0,0.955830517697074
8,25,105,0.44,0.56,0.72,0.8,1.0,1.0,0.841610994396208
9,74,1516,0.2702702702702703,0.6351351351351351,0.9459459459459459,0.9864864864864865,0.9864864864864865,1.0,1.0
10,21,177,0.5238095238095238,0.9047619047619048,1.0,1.0,1.0,1.0,0.8454846168880916
11,65,1428,0.27692307692307694,0.6923076923076923,0.9538461538461539,0.9692307692307692,1.0,1.0,0.9368077570869662
12,27,225,0.48148148148148145,0.8148148148148148,0.8888888888888888,0.9259259259259259,0.9259259259259259,0.9259259259259259,0.8909724089198023
13,46,122,0.391304347826087,0.6739130434782609,0.8260869565217391,0.9782608695652174,1.0,1.0,1.0
14,20,2692,0.4,0.6,0.7,0.7,0.8,0.95,0.7606452641424405
15,2,613,1.0,1.0,1.0,1.0,1.0,1.0,0.9124031819349623
16,4,493,0.5,0.75,0.75,0.75,0.75,0.75,0.867254191095237
17,21,103,0.2857142857142857,0.6190476190476191,0.7619047619047619,0.9047619047619048,1.0,1.0,0.6564746593503457
18,34,1053,0.38235294117647056,0.7352941176470589,0.8235294117647058,0.9117647058823529,0.9411764705882353,0.9411764705882353,0.9008240627729516
19,0,14,,,,,,,0.800693766409882
20,12,94,0.0,0.0,0.0,0.0,0.08333333333333333,0.25,0.26091309571592336
21,1,127,0.0,0.0,0.0,0.0,1.0,1.0,0.694355946562825
22,22,251,0.09090909090909091,0.18181818181818182,0.18181818181818182,0.2727272727272727,0.6818181818181818,1.0,0.5250842331427514
23,0,1266,,,,,,,1.0
24,84,2559,0.05952380952380952,0.13095238095238096,0.27380952380952384,0.44047619047619047,0.7380952380952381,0.9642857142857143,0.5332700211316629
25,227,242,0.0881057268722467,0.22026431718061673,0.43612334801762115,0.8546255506607929,0.9647577092511013,0.9779735682819384,1.0
26,876,3746,0.01598173515981735,0.04223744292237443,0.08904109589041095,0.17465753424657535,0.4018264840182648,0.6061643835616438,0.8572775237534388
27,100,344,0.17,0.38,0.54,0.8,0.97,1.0,1.0
28,175,725,0.11428571428571428,0.28,0.5657142857142857,0.9428571428571428,0.9828571428571429,0.9885714285714285,1.0
29,138,802,0.07246376811594203,0.18840579710144928,0.2826086956521739,0.39855072463768115,0.6231884057971014,0.9057971014492754,0.5141863642577489
30,88,549,0.06818181818181818,0.19318181818181818,0.375,0.6477272727272727,0.9659090909090909,1.0,0.6262590271947751
31,1,168,0.0,0.0,0.0,0.0,1.0,1.0,0.694355946562825
32,3,211,0.6666666666666666,0.6666666666666666,1.0,1.0,1.0,1.0,0.8864335680588813
33,125,669,0.032,0.064,0.144,0.256,0.568,0.904,0.5792371147591019
34,374,740,0.0374331550802139,0.0855614973262032,0.13636363636363635,0.2647058823529412,0.6203208556149733,0.9705882352941176,0.733620752410735
35,51,174,0.0392156862745098,0.0784313725490196,0.27450980392156865,0.8627450980392157,1.0,1.0,0.3965255762463672
36,37,157,0.2972972972972973,0.5135135135135135,0.8648648648648649,0.972972972972973,1.0,1.0,0.9008240627729516
37,110,875,0.1,0.17272727272727273,0.24545454545454545,0.3181818181818182,0.4909090909090909,0.990909090909091,0.7747424948971201
38,1,255,1.0,1.0,1.0,1.0,1.0,1.0,1.0
39,31,149,0.0967741935483871,0.2903225806451613,0.8387096774193549,1.0,1.0,1.0,0.4800611775320534
40,40,166,0.225,0.55,0.675,0.8,0.925,1.0,0.6629048238356322
41,19,143,0.7368421052631579,0.8421052631578947,0.8947368421052632,0.8947368421052632,0.8947368421052632,0.9473684210526315,0.8905202757957813
42,3,149,0.6666666666666666,1.0,1.0,1.0,1.0,1.0,0.5159958223394444
43,22,1231,0.45454545454545453,0.7272727272727273,0.8181818181818182,0.9545454545454546,1.0,1.0,0.7670088400322299
44,33,219,0.15151515151515152,0.36363636363636365,0.6060606060606061,0.8484848484848485,1.0,1.0,0.6066339432310229
45,20,169,0.15,0.2,0.25,0.25,0.25,0.35,0.5659450279666586
46,5,104,0.4,0.6,0.8,1.0,1.0,1.0,0.6301555088744607
47,0,105,,,,,,,1.0
48,1,282,1.0,1.0,1.0,1.0,1.0,1.0,1.0
49,0,135,,,,,,,1.0
50,28,404,0.25,0.39285714285714285,0.4642857142857143,0.6428571428571429,0.7857142857142857,0.8571428571428571,0.7123053030583437
51,1,595,1.0,1.0,1.0,1.0,1.0,1.0,0.7863639746437394
52,0,1433,,,,,,,1.0
53,0,610,,,,,,,1.0
54,5,143,0.6,0.6,0.8,0.8,1.0,1.0,0.8217176271272478
55,1,171,1.0,1.0,1.0,1.0,1.0,1.0,1.0
56,0,344,,,,,,,0.8115558478722846
57,1,1406,1.0,1.0,1.0,1.0,1.0,1.0,1.0
58,63,164,0.06349206349206349,0.15873015873015872,0.3333333333333333,0.49206349206349204,0.8888888888888888,1.0,0.7427379751193958
59,43,165,0.46511627906976744,0.9767441860465116,1.0,1.0,1.0,1.0,1.0
60,3,332,1.0,1.0,1.0,1.0,1.0,1.0,0.7532226819960869
61,1,162,1.0,1.0,1.0,1.0,1.0,1.0,1.0
62,9,157,0.7777777777777778,0.7777777777777778,0.8888888888888888,1.0,1.0,1.0,0.90279854762122
63,72,115,0.2222222222222222,0.5555555555555556,0.875,0.9305555555555556,0.9861111111111112,1.0,0.8926382747840401
64,1,77,1.0,1.0,1.0,1.0,1.0,1.0,1.0
65,38,156,0.18421052631578946,0.3684210526315789,0.7631578947368421,1.0,1.0,1.0,0.6821158643186418
66,1,69,1.0,1.0,1.0,1.0,1.0,1.0,1.0
67,0,587,,,,,,,1.0
68,89,204,0.14606741573033707,0.3707865168539326,0.6404494382022472,0.9325842696629213,0.9887640449438202,1.0,0.7520973617492562
69,13,235,0.6153846153846154,0.7692307692307693,0.8461538461538461,0.8461538461538461,0.9230769230769231,0.9230769230769231,0.7872698329069556
70,1,504,1.0,1.0,1.0,1.0,1.0,1.0,1.0
71,47,139,0.2978723404255319,0.5106382978723404,0.851063829787234,1.0,1.0,1.0,0.7619490156024055
72,85,174,0.21176470588235294,0.5411764705882353,0.8705882352941177,0.9882352941176471,0.9882352941176471,0.9882352941176471,0.9368077570869662
73,0,181,,,,,,,1.0
74,3,87,1.0,1.0,1.0,1.0,1.0,1.0,0.9842543681010357
75,4,231,0.0,0.0,0.25,0.25,0.5,0.5,0.4700182601018591
76,2,135,0.0,0.0,0.0,0.5,1.0,1.0,0.39762527478270576
77,1,661,0.0,0.0,0.0,1.0,1.0,1.0,0.694355946562825
78,3,948,0.0,0.0,0.0,0.3333333333333333,0.6666666666666666,1.0,0.5159958223394444
79,0,122,,,,,,,1.0
80,39,198,0.15384615384615385,0.5128205128205128,0.5897435897435898,0.7692307692307693,0.9743589743589743,1.0,0.6733794209721946
81,75,233,0.09333333333333334,0.16,0.30666666666666664,0.5866666666666667,0.9066666666666666,1.0,0.6345765606439618
82,53,668,0.018867924528301886,0.05660377358490566,0.20754716981132076,0.4339622641509434,0.8867924528301887,0.9811320754716981,0.4800611775320534
83,0,103,,,,,,,1.0
84,1,299,0.0,0.0,0.0,0.0,0.0,0.0,0.6434152709899627
85,0,152,,,,,,,1.0
86,15,142,0.4666666666666667,0.8666666666666667,1.0,1.0,1.0,1.0,0.5289578556346353
87,0,221,,,,,,,1.0
88,1,159,1.0,1.0,1.0,1.0,1.0,1.0,0.5753339336077223
89,68,142,0.1323529411764706,0.23529411764705882,0.36764705882352944,0.6029411764705882,0.8088235294117647,0.9411764705882353,0.9368077570869662
90,0,242,,,,,,,1.0
91,8,686,0.375,0.5,0.625,0.625,0.875,1.0,0.434112485669856
92,0,170,,,,,,,0.8611375561264456
93,58,233,0.06896551724137931,0.10344827586206896,0.15517241379310345,0.39655172413793105,0.7931034482758621,0.9827586206896551,0.515724846512891
94,4,197,0.25,1.0,1.0,1.0,1.0,1.0,0.6769125582181964
95,49,820,0.0,0.0,0.0,0.0,0.061224489795918366,0.2857142857142857,0.3333333333333333
96,75,384,0.22666666666666666,0.5733333333333334,0.84,0.8933333333333333,0.92,0.9466666666666667,0.821029976188305
97,1,197,0.0,1.0,1.0,1.0,1.0,1.0,0.694355946562825
98,0,124,,,,,,,1.0
99,0,121,,,,,,,1.0
100,211,887,0.05687203791469194,0.11374407582938388,0.22274881516587677,0.4028436018957346,0.6777251184834123,0.8578199052132701,0.7411832347856644
101,4,283,0.25,0.5,0.5,0.5,0.75,0.75,0.6769125582181964
102,57,68,0.3333333333333333,0.8596491228070176,1.0,1.0,1.0,1.0,0.9052116356304492
103,230,368,0.06521739130434782,0.12608695652173912,0.29130434782608694,0.6347826086956522,1.0,1.0,0.9035650050446237
104,12,179,0.3333333333333333,0.5833333333333334,0.6666666666666666,0.75,0.8333333333333334,1.0,0.6400084407336406
105,62,149,0.3064516129032258,0.6290322580645161,0.8387096774193549,0.9838709677419355,1.0,1.0,1.0
106,36,2245,0.5277777777777778,0.8055555555555556,0.8888888888888888,0.8888888888888888,0.9444444444444444,0.9444444444444444,1.0
107,43,309,0.11627906976744186,0.16279069767441862,0.3488372093023256,0.46511627906976744,0.627906976744186,0.8837209302325582,0.531514397628038
108,81,131,0.24691358024691357,0.5308641975308642,0.9259259259259259,0.9876543209876543,1.0,1.0,1.0
109,39,247,0.5128205128205128,0.9743589743589743,0.9743589743589743,1.0,1.0,1.0,1.0
110,0,348,,,,,,,1.0
111,69,161,0.2753623188405797,0.6956521739130435,0.9420289855072463,0.9565217391304348,0.9710144927536232,0.9710144927536232,1.0
112,266,271,0.07518796992481203,0.18045112781954886,0.3684210526315789,0.7406015037593985,0.9849624060150376,0.9962406015037594,1.0
113,75,432,0.26666666666666666,0.6533333333333333,0.9733333333333334,0.9866666666666667,0.9866666666666667,0.9866666666666667,1.0
114,3,1252,0.3333333333333333,0.3333333333333333,0.3333333333333333,0.3333333333333333,0.3333333333333333,0.6666666666666666,0.6295622542805631
115,202,224,0.09900990099009901,0.2376237623762376,0.48514851485148514,0.9207920792079208,0.9851485148514851,0.995049504950495,1.0
116,0,595,,,,,,,1.0
117,128,430,0.078125,0.1484375,0.234375,0.375,0.59375,0.8125,0.92663607790064
118,94,216,0.14893617021276595,0.40425531914893614,0.723404255319149,0.9468085106382979,1.0,1.0,0.9575861412006988
119,158,441,0.12025316455696203,0.23417721518987342,0.37341772151898733,0.5,0.8860759493670886,0.9493670886075949,0.9477344873475497
120,33,979,0.42424242424242425,0.9696969696969697,1.0,1.0,1.0,1.0,0.92663607790064
121,726,2977,0.026170798898071626,0.05785123966942149,0.11432506887052342,0.2190082644628099,0.5041322314049587,0.8112947658402204,0.914856882358379
122,375,448,0.04533333333333334,0.09866666666666667,0.14933333333333335,0.23466666666666666,0.44266666666666665,0.664,0.933745776545611
123,187,4329,0.06417112299465241,0.12834224598930483,0.17647058823529413,0.2887700534759358,0.45454545454545453,0.6256684491978609,0.8769836981178636
124,324,1467,0.015432098765432098,0.037037037037037035,0.08024691358024691,0.1419753086419753,0.3148148148148148,0.6481481481481481,0.581235971584077
125,1,283,0.0,0.0,1.0,1.0,1.0,1.0,0.6434152709899627
126,241,719,0.06224066390041494,0.16182572614107885,0.29045643153526973,0.4896265560165975,0.7800829875518672,0.9128630705394191,0.8551595247651801
127,159,1580,0.10062893081761007,0.2641509433962264,0.5345911949685535,0.8616352201257862,0.9937106918238994,1.0,0.9069212362975005
128,113,1455,0.1504424778761062,0.34513274336283184,0.49557522123893805,0.5929203539823009,0.8053097345132744,0.9469026548672567,0.9575861412006988
129,28,185,0.42857142857142855,0.8214285714285714,0.8571428571428571,0.8571428571428571,0.8571428571428571,0.8571428571428571,0.6078421520159135
130,187,875,0.0213903743315508,0.026737967914438502,0.0481283422459893,0.0855614973262032,0.2727272727272727,0.7807486631016043,0.425908295915703
131,173,3479,0.10404624277456648,0.24277456647398843,0.4682080924855491,0.7687861271676301,0.9884393063583815,0.9884393063583815,0.9477344873475497
132,42,1260,0.21428571428571427,0.40476190476190477,0.5238095238095238,0.5952380952380952,0.7857142857142857,0.9047619047619048,0.6755540755772892
133,170,227,0.1,0.2529411764705882,0.45294117647058824,0.711764705882353,0.9705882352941176,0.9823529411764705,1.0
134,3,150,0.3333333333333333,0.3333333333333333,0.3333333333333333,0.6666666666666666,0.6666666666666666,1.0,0.5876482632580441
135,10,552,0.4,0.5,0.5,0.7,0.9,0.9,0.606073290154261
136,0,166,,,,,,,1.0
137,80,233,0.0625,0.2,0.3625,0.5125,0.8625,0.9875,0.6083588867659597
138,142,172,0.14084507042253522,0.34507042253521125,0.6619718309859155,1.0,1.0,1.0,1.0
139,0,339,,,,,,,1.0
140,3,131,0.3333333333333333,0.6666666666666666,0.6666666666666666,1.0,1.0,1.0,0.6295622542805631
141,3,161,0.6666666666666666,0.6666666666666666,0.6666666666666666,0.6666666666666666,0.6666666666666666,1.0,0.5527909454790361
142,5,203,0.2,0.4,0.4,1.0,1.0,1.0,0.5418053426923648
143,3,244,0.0,0.3333333333333333,0.3333333333333333,0.6666666666666666,1.0,1.0,0.44231412456643837
144,116,1423,0.16379310344827586,0.4224137931034483,0.853448275862069,0.9913793103448276,1.0,1.0,0.9537125187088151
145,32,143,0.3125,0.46875,0.46875,0.5,0.5625,0.625,0.6529214245222078
146,4,111,0.0,0.0,0.0,0.25,0.25,0.5,0.4700182601018591
147,12,425,0.8333333333333334,0.9166666666666666,0.9166666666666666,1.0,1.0,1.0,0.9537125187088151
148,194,249,0.09278350515463918,0.211340206185567,0.34536082474226804,0.4639175257731959,0.5670103092783505,0.6701030927835051,1.0
149,155,173,0.09032258064516129,0.2129032258064516,0.36129032258064514,0.5225806451612903,0.6451612903225806,0.7032258064516129,1.0
150,21,54,0.8571428571428571,0.9523809523809523,0.9523809523809523,0.9523809523809523,1.0,1.0,1.0
151,630,3042,0.01904761904761905,0.046031746031746035,0.09523809523809523,0.19047619047619047,0.4142857142857143,0.6873015873015873,0.8909724089198023
152,46,3286,0.021739130434782608,0.021739130434782608,0.021739130434782608,0.043478260869565216,0.17391304347826086,0.32608695652173914,0.4800611775320534
153,145,178,0.1103448275862069,0.2689655172413793,0.42758620689655175,0.5310344827586206,0.696551724137931,0.7517241379310344,0.8800456786592188
155,8,2376,0.375,0.5,0.5,0.5,0.625,0.875,0.5601864400141553
156,19,150,0.3157894736842105,0.631578947368421,0.9473684210526315,1.0,1.0,1.0,0.5124916370179302
157,51,1085,0.1568627450980392,0.3137254901960784,0.49019607843137253,0.6666666666666666,0.7843137254901961,0.9607843137254902,0.46675030699833187
158,44,834,0.4318181818181818,0.75,0.9090909090909091,0.9318181818181818,1.0,1.0,1.0
159,93,122,0.20430107526881722,0.46236559139784944,0.7634408602150538,0.8709677419354839,0.9247311827956989,0.946236559139785,0.914856882358379
160,226,242,0.07079646017699115,0.18584070796460178,0.3672566371681416,0.6548672566371682,0.8672566371681416,0.9292035398230089,1.0
161,38,205,0.02631578947368421,0.07894736842105263,0.07894736842105263,0.10526315789473684,0.23684210526315788,0.4473684210526316,0.6460000622137831
162,23,3354,0.043478260869565216,0.08695652173913043,0.08695652173913043,0.13043478260869565,0.21739130434782608,0.34782608695652173,0.42129447533091036
163,47,94,0.3617021276595745,0.7872340425531915,0.9361702127659575,1.0,1.0,1.0,0.9134166588977729
164,128,195,0.046875,0.109375,0.1640625,0.296875,0.59375,0.8671875,0.6267111603187961
165,69,193,0.2028985507246377,0.34782608695652173,0.5507246376811594,0.7681159420289855,0.927536231884058,0.9710144927536232,1.0
166,26,111,0.6538461538461539,0.8461538461538461,0.8846153846153846,0.8846153846153846,1.0,1.0,0.955830517697074
167,87,136,0.1724137931034483,0.42528735632183906,0.632183908045977,0.7701149425287356,0.8505747126436781,0.9195402298850575,1.0
168,0,68,,,,,,,1.0
169,27,126,0.1111111111111111,0.1111111111111111,0.18518518518518517,0.2222222222222222,0.25925925925925924,0.37037037037037035,0.5954104131447968
170,99,127,0.15151515151515152,0.37373737373737376,0.6565656565656566,0.8484848484848485,0.898989898989899,0.9191919191919192,0.8611375561264454
171,0,99,,,,,,,1.0
172,42,59,0.47619047619047616,0.9047619047619048,1.0,1.0,1.0,1.0,1.0
173,4,316,0.0,0.25,0.25,0.25,0.25,0.25,0.27162592123060275
174,0,90,,,,,,,0.0
175,70,564,0.2714285714285714,0.4857142857142857,0.6285714285714286,0.7857142857142857,0.9714285714285714,1.0,1.0
176,23,397,0.6956521739130435,0.9130434782608695,0.9130434782608695,0.9565217391304348,0.9565217391304348,0.9565217391304348,0.9510907186004265
177,16,378,0.1875,0.375,0.4375,0.6875,0.6875,0.75,0.5210914684875841
178,24,74,0.125,0.875,1.0,1.0,1.0,1.0,0.4721957772068879
179,0,1,,,,,,,1.0
180,72,403,0.125,0.2638888888888889,0.4166666666666667,0.5833333333333334,0.7916666666666666,0.875,0.8572775237534388
181,104,122,0.18269230769230768,0.41346153846153844,0.5961538461538461,0.8076923076923077,1.0,1.0,1.0
182,58,98,0.3275862068965517,0.7931034482758621,1.0,1.0,1.0,1.0,1.0
183,6,78,0.6666666666666666,0.8333333333333334,1.0,1.0,1.0,1.0,0.6795658465656894
184,59,185,0.23728813559322035,0.4576271186440678,0.711864406779661,0.9322033898305084,1.0,1.0,0.8988252059479763
185,34,124,0.5882352941176471,0.9411764705882353,0.9705882352941176,1.0,1.0,1.0,1.0
186,4,385,0.0,0.0,0.0,0.0,0.5,1.0,0.4700182601018591
188,8,277,0.25,0.5,0.625,0.875,1.0,1.0,0.5547291458598319
189,31,73,0.1935483870967742,0.3225806451612903,0.5161290322580645,0.8064516129032258,1.0,1.0,0.6787334396498962
190,5,792,0.0,0.0,0.0,0.0,0.8,0.8,0.43518692560571737
191,0,217,,,,,,,1.0
193,0,278,,,,,,,1.0
194,0,293,,,,,,,1.0
195,3,110,1.0,1.0,1.0,1.0,1.0,1.0,0.8240350447649629
196,0,165,,,,,,,1.0
197,23,41,0.30434782608695654,0.6086956521739131,1.0,1.0,1.0,1.0,0.8824665955977139
198,10,82,0.2,0.3,0.6,0.8,1.0,1.0,0.3640190139805449
199,0,384,,,,,,,1.0
200,3,247,1.0,1.0,1.0,1.0,1.0,1.0,0.8188201311033082
201,0,124,,,,,,,1.0
202,45,83,0.26666666666666666,0.5555555555555556,0.8666666666666667,0.9111111111111111,1.0,1.0,0.9510907186004265
203,5,87,0.6,1.0,1.0,1.0,1.0,1.0,0.5730621097939046
204,7,191,0.14285714285714285,0.5714285714285714,0.8571428571428571,1.0,1.0,1.0,0.5536212941849071
205,12,93,0.6666666666666666,0.8333333333333334,1.0,1.0,1.0,1.0,0.8039369346935542
206,2,67,1.0,1.0,1.0,1.0,1.0,1.0,1.0
207,0,34,,,,,,,1.0
208,0,118,,,,,,,1.0
209,0,198,,,,,,,0.7877736340270856
210,9,1045,1.0,1.0,1.0,1.0,1.0,1.0,0.7984355483174738
211,0,332,,,,,,,1.0
212,2,358,1.0,1.0,1.0,1.0,1.0,1.0,0.9116548091797391
213,1,271,1.0,1.0,1.0,1.0,1.0,1.0,0.6370335358884597
214,0,225,,,,,,,1.0
215,30,250,0.13333333333333333,0.23333333333333334,0.6,0.7,0.8,0.8666666666666667,0.4325092705603818
216,8,189,0.875,0.875,0.875,1.0,1.0,1.0,0.7215726284804912
218,0,65,,,,,,,1.0
219,0,38,,,,,,,1.0
220,52,127,0.36538461538461536,0.6923076923076923,0.9807692307692307,1.0,1.0,1.0,0.955830517697074
221,73,1719,0.136986301369863,0.3424657534246575,0.4657534246575342,0.726027397260274,0.8767123287671232,0.958904109589041,0.7358868585466839
222,31,77,0.06451612903225806,0.0967741935483871,0.12903225806451613,0.12903225806451613,0.12903225806451613,0.16129032258064516,0.816303888414744
223,1,207,1.0,1.0,1.0,1.0,1.0,1.0,0.6161974870756515
224,22,73,0.2727272727272727,0.4090909090909091,0.8181818181818182,1.0,1.0,1.0,0.7053186826349334
225,2,45,1.0,1.0,1.0,1.0,1.0,1.0,0.8205725510999616
226,197,316,0.06598984771573604,0.16243654822335024,0.3350253807106599,0.5939086294416244,0.9746192893401016,0.9949238578680203,0.5926538996677988
227,176,203,0.11363636363636363,0.2840909090909091,0.5681818181818182,0.9318181818181818,0.9829545454545454,0.9886363636363636,1.0
228,178,244,0.11235955056179775,0.25280898876404495,0.5224719101123596,0.8426966292134831,0.9269662921348315,0.949438202247191,1.0
229,133,556,0.15037593984962405,0.37593984962406013,0.6917293233082706,0.8721804511278195,0.9624060150375939,1.0,1.0
230,228,274,0.06140350877192982,0.13157894736842105,0.22807017543859648,0.36403508771929827,0.5087719298245614,0.6403508771929824,1.0
231,307,359,0.06514657980456026,0.16286644951140064,0.3257328990228013,0.6416938110749185,1.0,1.0,1.0
232,423,2329,0.04018912529550828,0.08037825059101655,0.15602836879432624,0.3404255319148936,0.7163120567375887,0.9432624113475178,0.9048032373092417
233,81,156,0.09876543209876543,0.1728395061728395,0.25925925925925924,0.3950617283950617,0.6172839506172839,0.8518518518518519,0.8585157560180569
234,107,144,0.18691588785046728,0.4392523364485981,0.794392523364486,1.0,1.0,1.0,1.0
235,133,1368,0.14285714285714285,0.3308270676691729,0.46616541353383456,0.5714285714285714,0.7593984962406015,0.8796992481203008,1.0
236,29,2202,0.41379310344827586,0.5862068965517241,0.8620689655172413,0.896551724137931,1.0,1.0,0.8066817565598587
237,4,205,0.5,0.75,0.75,1.0,1.0,1.0,0.48527186235414216
238,54,318,0.2777777777777778,0.5,0.7407407407407407,0.8888888888888888,0.9259259259259259,0.9814814814814815,0.8169680738235193
239,146,573,0.13013698630136986,0.3013698630136986,0.5342465753424658,0.8835616438356164,0.9863013698630136,0.9931506849315068,1.0
240,33,68,0.6060606060606061,0.9696969696969697,1.0,1.0,1.0,1.0,1.0
241,148,243,0.0945945945945946,0.25,0.4797297297297297,0.8648648648648649,1.0,1.0,0.7874707160768492
242,175,283,0.05142857142857143,0.14857142857142858,0.2571428571428571,0.4,0.6628571428571428,0.7885714285714286,1.0
243,135,209,0.1259259259259259,0.32592592592592595,0.5851851851851851,0.9629629629629629,1.0,1.0,1.0
244,9,143,0.2222222222222222,0.3333333333333333,0.3333333333333333,0.5555555555555556,0.8888888888888888,0.8888888888888888,0.5107640114919197
245,57,485,0.3508771929824561,0.7894736842105263,0.9473684210526315,0.9473684210526315,0.9824561403508771,1.0,1.0
246,12,252,0.5,0.6666666666666666,0.6666666666666666,0.8333333333333334,1.0,1.0,0.6215454215139965
247,40,961,0.5,0.775,0.875,0.95,0.975,1.0,1.0
248,39,104,0.5128205128205128,0.9743589743589743,0.9743589743589743,1.0,1.0,1.0,1.0
249,124,197,0.14516129032258066,0.3467741935483871,0.6290322580645161,0.8709677419354839,0.9758064516129032,0.9838709677419355,1.0
250,96,131,0.16666666666666666,0.3541666666666667,0.5729166666666666,0.7395833333333334,0.8645833333333334,0.9583333333333334,1.0
251,90,1483,0.2,0.45555555555555555,0.6777777777777778,0.7888888888888889,0.9222222222222223,0.9555555555555556,1.0
252,100,443,0.03,0.08,0.11,0.23,0.55,0.84,1.0
253,5,117,0.2,0.2,0.2,0.8,1.0,1.0,0.4928528692327369
254,131,201,0.04580152671755725,0.07633587786259542,0.12213740458015267,0.20610687022900764,0.4580152671755725,0.7862595419847328,0.9134166588977729
255,107,217,0.18691588785046728,0.35514018691588783,0.7102803738317757,0.9065420560747663,0.9626168224299065,0.9719626168224299,1.0
256,68,138,0.20588235294117646,0.35294117647058826,0.5588235294117647,0.8235294117647058,0.9705882352941176,0.9852941176470589,1.0
257,132,1834,0.12121212121212122,0.2878787878787879,0.5151515151515151,0.8484848484848485,0.9696969696969697,1.0,0.9510907186004265
258,58,126,0.15517241379310345,0.29310344827586204,0.43103448275862066,0.5517241379310345,0.7931034482758621,0.8275862068965517,0.7520973617492562
259,0,634,,,,,,,1.0
260,26,68,0.6153846153846154,1.0,1.0,1.0,1.0,1.0,0.9048032373092417
261,125,175,0.128,0.296,0.608,0.864,0.968,0.992,0.9510907186004265
262,87,138,0.21839080459770116,0.4942528735632184,0.8275862068965517,0.9655172413793104,0.9885057471264368,1.0,1.0
263,75,291,0.13333333333333333,0.26666666666666666,0.5333333333333333,0.8266666666666667,1.0,1.0,0.5905226904243613
264,15,897,0.9333333333333333,0.9333333333333333,1.0,1.0,1.0,1.0,1.0
265,0,690,,,,,,,1.0
266,1,353,0.0,0.0,1.0,1.0,1.0,1.0,0.694355946562825
267,2,154,1.0,1.0,1.0,1.0,1.0,1.0,1.0
268,1,311,1.0,1.0,1.0,1.0,1.0,1.0,1.0
269,0,99,,,,,,,1.0
270,42,95,0.35714285714285715,0.8095238095238095,1.0,1.0,1.0,1.0,0.9368077570869662
271,1,96,0.0,0.0,0.0,1.0,1.0,1.0,0.694355946562825
272,0,115,,,,,,,0.8205228949141827
273,4,542,0.75,0.75,0.75,0.75,1.0,1.0,0.780359707276365
274,1,331,1.0,1.0,1.0,1.0,1.0,1.0,1.0
275,13,127,0.7692307692307693,0.8461538461538461,0.9230769230769231,1.0,1.0,1.0,0.7309989523023463
276,0,377,,,,,,,1.0
277,44,256,0.045454545454545456,0.13636363636363635,0.20454545454545456,0.3181818181818182,0.75,1.0,0.5560465462050111
278,7,112,0.2857142857142857,0.8571428571428571,0.8571428571428571,1.0,1.0,1.0,0.5536212941849071
279,1,374,1.0,1.0,1.0,1.0,1.0,1.0,0.8471779732814124
280,0,116,,,,,,,1.0
281,1,90,1.0,1.0,1.0,1.0,1.0,1.0,0.8471779732814124
282,1,130,1.0,1.0,1.0,1.0,1.0,1.0,1.0
283,1,115,1.0,1.0,1.0,1.0,1.0,1.0,0.8864440656910673
284,0,331,,,,,,,0.933745776545611
285,7,183,0.14285714285714285,0.7142857142857143,1.0,1.0,1.0,1.0,0.3542731405429463
286,0,256,,,,,,,1.0
287,45,406,0.3333333333333333,0.7333333333333333,0.8666666666666667,1.0,1.0,1.0,0.718283334419609
288,0,272,,,,,,,1.0
289,27,251,0.6666666666666666,0.9629629629629629,1.0,1.0,1.0,1.0,1.0
290,0,168,,,,,,,1.0
291,15,218,0.06666666666666667,0.13333333333333333,0.13333333333333333,0.4,0.8666666666666667,1.0,0.3333333333333333
292,12,204,0.0,0.0,0.16666666666666666,0.25,0.9166666666666666,1.0,0.2870458520421485
293,13,102,0.07692307692307693,0.15384615384615385,0.3076923076923077,0.3076923076923077,0.7692307692307693,1.0,0.4800611775320534
294,0,136,,,,,,,1.0
295,6,139,0.0,0.16666666666666666,0.3333333333333333,0.5,0.8333333333333334,1.0,0.40738844762703974
296,1,171,1.0,1.0,1.0,1.0,1.0,1.0,1.0
297,8,487,0.75,1.0,1.0,1.0,1.0,1.0,0.7459413326011389
298,9,98,0.5555555555555556,0.7777777777777778,1.0,1.0,1.0,1.0,0.40267797265976357
300,2,1114,0.0,0.5,0.5,0.5,0.5,0.5,0.5821032065260974
301,2,148,0.0,0.0,0.0,0.5,1.0,1.0,0.5821032065260974
302,59,238,0.1694915254237288,0.4745762711864407,0.7627118644067796,0.9491525423728814,1.0,1.0,0.8546557236450504
303,8,72,1.0,1.0,1.0,1.0,1.0,1.0,0.9464545769741133
304,0,759,,,,,,,0.13698471029831177
305,193,299,0.09326424870466321,0.24870466321243523,0.47668393782383417,0.8186528497409327,0.9792746113989638,1.0,1.0
306,2,114,1.0,1.0,1.0,1.0,1.0,1.0,1.0
307,6,189,0.8333333333333334,1.0,1.0,1.0,1.0,1.0,0.7895188875367328
308,2,776,0.5,0.5,1.0,1.0,1.0,1.0,0.5925427001984159
309,0,72,,,,,,,1.0
310,4,589,1.0,1.0,1.0,1.0,1.0,1.0,0.9765904909689566
311,4,571,0.5,0.5,0.5,0.5,0.75,0.75,0.6805916686548646
312,10,119,0.6,1.0,1.0,1.0,1.0,1.0,0.7177921365964709
313,3,105,0.6666666666666666,1.0,1.0,1.0,1.0,1.0,0.8864335680588813
314,11,145,0.5454545454545454,0.7272727272727273,0.9090909090909091,1.0,1.0,1.0,0.5902753328807605
315,4,316,1.0,1.0,1.0,1.0,1.0,1.0,0.9527538510341422
316,1,406,1.0,1.0,1.0,1.0,1.0,1.0,1.0
317,2,340,1.0,1.0,1.0,1.0,1.0,1.0,1.0
318,1,156,0.0,1.0,1.0,1.0,1.0,1.0,0.694355946562825
319,1,673,1.0,1.0,1.0,1.0,1.0,1.0,0.9539959859595427
320,1,93,1.0,1.0,1.0,1.0,1.0,1.0,0.8871958738785233
321,1,297,1.0,1.0,1.0,1.0,1.0,1.0,0.8871958738785233
322,0,242,,,,,,,1.0
323,1,126,1.0,1.0,1.0,1.0,1.0,1.0,1.0
324,1,113,1.0,1.0,1.0,1.0,1.0,1.0,1.0
325,46,120,0.06521739130434782,0.08695652173913043,0.17391304347826086,0.30434782608695654,0.5869565217391305,0.7608695652173914,0.38037865244182545
326,1,284,1.0,1.0,1.0,1.0,1.0,1.0,1.0
327,8,115,0.375,0.375,0.375,0.375,0.5,0.75,0.6383841717476775
328,1,659,1.0,1.0,1.0,1.0,1.0,1.0,1.0
329,2,83,1.0,1.0,1.0,1.0,1.0,1.0,0.8718838771078951
330,1,600,1.0,1.0,1.0,1.0,1.0,1.0,0.5589063984617949
331,52,533,0.07692307692307693,0.1346153846153846,0.21153846153846154,0.23076923076923078,0.5,0.8076923076923077,0.5539162974545516
332,1,1410,1.0,1.0,1.0,1.0,1.0,1.0,1.0
333,21,315,0.7619047619047619,0.9523809523809523,1.0,1.0,1.0,1.0,0.955830517697074
334,6,122,1.0,1.0,1.0,1.0,1.0,1.0,0.9038764885780274
335,42,81,0.38095238095238093,0.5952380952380952,0.6904761904761905,0.7380952380952381,0.8571428571428571,0.9047619047619048,1.0
336,1,360,1.0,1.0,1.0,1.0,1.0,1.0,0.9517900181710754
337,39,201,0.4358974358974359,0.7435897435897436,0.9487179487179487,1.0,1.0,1.0,1.0
338,1,204,1.0,1.0,1.0,1.0,1.0,1.0,1.0
339,6,3044,1.0,1.0,1.0,1.0,1.0,1.0,0.9013488023398732
340,3,505,0.6666666666666666,0.6666666666666666,0.6666666666666666,1.0,1.0,1.0,0.7728671361177626
341,22,199,0.6363636363636364,0.7727272727272727,0.8181818181818182,0.9090909090909091,1.0,1.0,1.0
342,2,478,1.0,1.0,1.0,1.0,1.0,1.0,1.0
343,0,116,,,,,,,1.0
344,0,116,,,,,,,1.0
345,0,1148,,,,,,,0.9148568823583791
346,19,110,0.7368421052631579,0.9473684210526315,0.9473684210526315,1.0,1.0,1.0,0.8572775237534388
347,0,577,,,,,,,1.0
348,0,2,,,,,,,1.0
349,5,98,0.6,0.8,0.8,0.8,0.8,0.8,0.7907659062841775
351,0,727,,,,,,,1.0
352,29,81,0.6206896551724138,0.9310344827586207,0.9310344827586207,0.9655172413793104,0.9655172413793104,0.9655172413793104,1.0
353,1,54,1.0,1.0,1.0,1.0,1.0,1.0,1.0
354,0,1402,,,,,,,1.0
355,30,59,0.6666666666666666,1.0,1.0,1.0,1.0,1.0,1.0
356,0,960,,,,,,,1.0
357,34,355,0.3235294117647059,0.9411764705882353,1.0,1.0,1.0,1.0,0.6194274225257377
358,4,116,1.0,1.0,1.0,1.0,1.0,1.0,0.9702500869025406
359,8,203,0.5,0.875,1.0,1.0,1.0,1.0,0.6177675397154909
360,0,125,,,,,,,1.0
361,25,98,0.64,0.92,0.96,0.96,0.96,0.96,1.0
362,0,245,,,,,,,1.0
363,1,1380,0.0,0.0,0.0,0.0,0.0,1.0,0.694355946562825
364,0,114,,,,,,,0.9266360779006402
365,9,130,0.8888888888888888,1.0,1.0,1.0,1.0,1.0,0.7199887722302656
366,0,1,,,,,,,
367,42,202,0.14285714285714285,0.30952380952380953,0.47619047619047616,0.7380952380952381,0.9285714285714286,0.9761904761904762,0.6834732387465435
368,81,143,0.24691358024691357,0.5802469135802469,0.8395061728395061,0.9629629629629629,1.0,1.0,1.0
369,2,362,0.0,0.0,0.5,1.0,1.0,1.0,0.5821032065260974
370,1,3,0.0,0.0,0.0,0.0,0.0,1.0,1.0
371,8,112,0.125,0.375,0.5,0.5,0.5,0.5,0.434112485669856
372,1,120,1.0,1.0,1.0,1.0,1.0,1.0,0.8753790048117817
373,0,3233,,,,,,,1.0
374,0,170,,,,,,,0.8899541168509599
375,0,211,,,,,,,1.0
376,3,1430,0.6666666666666666,0.6666666666666666,0.6666666666666666,0.6666666666666666,1.0,1.0,0.8566951181628005
377,0,134,,,,,,,1.0
378,0,580,,,,,,,1.0
379,0,71,,,,,,,1.0
380,6,124,1.0,1.0,1.0,1.0,1.0,1.0,0.9052327340108315
381,0,80,,,,,,,1.0
382,4,89,0.0,0.0,0.75,0.75,0.75,1.0,0.4700182601018591
383,0,3,,,,,,,1.0
384,20,687,0.65,1.0,1.0,1.0,1.0,1.0,0.955830517697074
385,0,55,,,,,,,0.77990823370192
386,0,298,,,,,,,0.933745776545611
387,0,92,,,,,,,1.0
388,0,64,,,,,,,0.933745776545611
389,157,337,0.05732484076433121,0.12738853503184713,0.25477707006369427,0.40764331210191085,0.643312101910828,0.8280254777070064,0.9035650050446237
390,0,61,,,,,,,1.0
391,8,229,0.0,0.25,0.75,0.875,1.0,1.0,0.3649302102017378
392,0,368,,,,,,,1.0
393,0,96,,,,,,,1.0
394,0,117,,,,,,,0.8200685179888284
395,0,74,,,,,,,0.756902106715231
396,1,136,1.0,1.0,1.0,1.0,1.0,1.0,1.0
397,0,493,,,,,,,1.0
398,19,107,0.5789473684210527,0.6842105263157895,0.9473684210526315,0.9473684210526315,0.9473684210526315,0.9473684210526315,0.9575861412006988
399,0,85,,,,,,,1.0
400,0,24,,,,,,,1.0
401,18,55,0.3888888888888889,0.7222222222222222,0.9444444444444444,1.0,1.0,1.0,0.7198551821362814
402,7,251,0.14285714285714285,0.42857142857142855,0.8571428571428571,1.0,1.0,1.0,0.38441023776109734
403,31,149,0.0967741935483871,0.1935483870967742,0.2903225806451613,0.3870967741935484,0.6129032258064516,0.8064516129032258,0.6063135555672772
404,4,564,0.0,0.0,0.5,0.5,1.0,1.0,0.4700182601018591
405,0,446,,,,,,,1.0
406,22,98,0.3181818181818182,0.9090909090909091,1.0,1.0,1.0,1.0,0.5882764760557853
407,11,331,0.0,0.18181818181818182,0.7272727272727273,0.9090909090909091,1.0,1.0,0.3333333333333333
408,31,102,0.5806451612903226,0.9354838709677419,1.0,1.0,1.0,1.0,0.955830517697074
409,40,3393,0.0,0.025,0.175,0.275,0.475,0.725,0.3333333333333333
410,58,281,0.3275862068965517,0.6724137931034483,0.9310344827586207,0.9827586206896551,0.9827586206896551,0.9827586206896551,0.9368077570869662
411,85,1566,0.2235294117647059,0.5411764705882353,0.7764705882352941,0.9294117647058824,1.0,1.0,1.0
412,1,1090,1.0,1.0,1.0,1.0,1.0,1.0,0.8259896754927478
413,1,599,1.0,1.0,1.0,1.0,1.0,1.0,0.8871958738785233
414,165,914,0.12121212121212122,0.30303030303030304,0.6060606060606061,0.9454545454545454,1.0,1.0,1.0
415,75,151,0.24,0.6266666666666667,0.9066666666666666,0.9466666666666667,1.0,1.0,0.9510907186004265
416,0,1447,,,,,,,1.0
417,188,567,0.06382978723404255,0.18085106382978725,0.2765957446808511,0.40425531914893614,0.7553191489361702,0.9361702127659575,0.8143462737151308
418,608,1123,0.03125,0.07894736842105263,0.15625,0.3092105263157895,0.6776315789473685,0.9588815789473685,0.955830517697074
419,16,21,0.0625,0.125,0.1875,0.3125,0.4375,0.625,0.955830517697074
420,766,1013,0.02610966057441253,0.06266318537859007,0.1279373368146214,0.2545691906005222,0.587467362924282,0.9869451697127938,1.0
421,649,758,0.029275808936825885,0.06779661016949153,0.13097072419106318,0.2465331278890601,0.5747303543913713,0.884437596302003,1.0
422,428,3328,0.04439252336448598,0.10514018691588785,0.20794392523364486,0.35514018691588783,0.6985981308411215,0.8878504672897196,1.0
423,285,3034,0.05964912280701754,0.14736842105263157,0.3017543859649123,0.5859649122807018,0.9298245614035088,0.9789473684210527,1.0
424,4,618,1.0,1.0,1.0,1.0,1.0,1.0,0.9320106871872137
425,56,742,0.07142857142857142,0.10714285714285714,0.25,0.48214285714285715,0.7857142857142857,0.875,0.5289704589316269
426,223,3254,0.08968609865470852,0.21524663677130046,0.4125560538116592,0.6636771300448431,0.8968609865470852,0.9506726457399103,1.0
427,0,1125,,,,,,,1.0
428,66,537,0.13636363636363635,0.3181818181818182,0.3939393939393939,0.5454545454545454,0.7727272727272727,0.9242424242424242,0.9134166588977729
429,94,860,0.0851063829787234,0.14893617021276595,0.2978723404255319,0.4574468085106383,0.723404255319149,0.9468085106382979,0.5521606739509267
430,98,662,0.1836734693877551,0.42857142857142855,0.5816326530612245,0.7551020408163265,0.9183673469387755,1.0,1.0
431,75,160,0.25333333333333335,0.5466666666666666,0.7866666666666666,0.8933333333333333,1.0,1.0,1.0
432,42,176,0.2619047619047619,0.6904761904761905,0.9047619047619048,0.9761904761904762,1.0,1.0,0.5708210590764006
433,113,273,0.168141592920354,0.4247787610619469,0.7610619469026548,0.9823008849557522,1.0,1.0,1.0
434,226,3530,0.084070796460177,0.2079646017699115,0.42035398230088494,0.8185840707964602,0.9469026548672567,0.9823008849557522,1.0
435,47,443,0.0851063829787234,0.1276595744680851,0.44680851063829785,0.7446808510638298,1.0,1.0,0.425908295915703
436,46,214,0.2608695652173913,0.43478260869565216,0.4782608695652174,0.7608695652173914,0.8913043478260869,0.9130434782608695,0.8379347378101539
437,47,195,0.23404255319148937,0.44680851063829785,0.7872340425531915,0.9787234042553191,1.0,1.0,0.7890254564105806
438,101,156,0.19801980198019803,0.45544554455445546,0.6831683168316832,0.9405940594059405,0.9900990099009901,0.9900990099009901,1.0
439,216,3276,0.09259259259259259,0.2222222222222222,0.4444444444444444,0.8333333333333334,0.9027777777777778,0.9444444444444444,1.0
440,255,777,0.054901960784313725,0.10588235294117647,0.19607843137254902,0.3607843137254902,0.7137254901960784,0.9921568627450981,0.8043754776986981
441,78,1385,0.1794871794871795,0.38461538461538464,0.7435897435897436,0.8846153846153846,0.9487179487179487,0.9743589743589743,0.9510907186004265
442,70,1137,0.2857142857142857,0.6857142857142857,0.9857142857142858,0.9857142857142858,1.0,1.0,1.0
443,352,409,0.014204545454545454,0.04261363636363636,0.07386363636363637,0.13920454545454544,0.3522727272727273,0.6164772727272727,1.0
444,114,364,0.03508771929824561,0.14035087719298245,0.21929824561403508,0.37719298245614036,0.7192982456140351,0.9035087719298246,0.6101871780591608
445,170,350,0.1,0.2235294117647059,0.38235294117647056,0.6176470588235294,0.8588235294117647,0.9647058823529412,0.92663607790064
446,57,4326,0.3333333333333333,0.7719298245614035,0.9298245614035088,0.9824561403508771,0.9824561403508771,0.9824561403508771,1.0
447,3,212,0.0,0.0,0.3333333333333333,1.0,1.0,1.0,0.5159958223394444
448,81,203,0.0,0.024691358024691357,0.024691358024691357,0.037037037037037035,0.09876543209876543,0.1728395061728395,0.49927221801506305
449,164,172,0.03048780487804878,0.054878048780487805,0.10365853658536585,0.23780487804878048,0.4634146341463415,0.6036585365853658,1.0
451,0,111,,,,,,,0.9148568823583791
452,0,105,,,,,,,1.0
453,25,118,0.2,0.36,0.6,0.8,0.92,1.0,0.8082491001905818
454,0,110,,,,,,,1.0
455,2,110,1.0,1.0,1.0,1.0,1.0,1.0,0.6675139551208341
456,76,221,0.11842105263157894,0.2236842105263158,0.47368421052631576,0.8947368421052632,0.9736842105263158,0.9868421052631579,0.7430580004525728
457,0,329,,,,,,,1.0
458,0,120,,,,,,,0.933745776545611
459,19,205,0.3157894736842105,0.5789473684210527,0.7894736842105263,1.0,1.0,1.0,0.7853663072074675
460,7,111,0.0,0.14285714285714285,0.2857142857142857,0.2857142857142857,0.2857142857142857,0.2857142857142857,0.41648258946009786
461,4,61,1.0,1.0,1.0,1.0,1.0,1.0,1.0
462,0,2,,,,,,,1.0
463,139,274,0.14388489208633093,0.35251798561151076,0.6834532374100719,0.9496402877697842,0.9712230215827338,0.9784172661870504,1.0
464,85,157,0.23529411764705882,0.5764705882352941,0.8352941176470589,0.9411764705882353,1.0,1.0,1.0
465,1,2,0.0,0.0,0.0,0.0,0.0,0.0,0.7967075809905066
466,1,93,0.0,0.0,0.0,0.0,1.0,1.0,0.6461459647339004
467,0,150,,,,,,,1.0
468,4,294,1.0,1.0,1.0,1.0,1.0,1.0,0.8965528509418313
469,64,161,0.28125,0.578125,0.890625,0.9375,0.984375,1.0,0.9432379215722527
470,45,638,0.4444444444444444,0.9777777777777777,0.9777777777777777,0.9777777777777777,1.0,1.0,1.0
471,1,310,1.0,1.0,1.0,1.0,1.0,1.0,0.7907759102206741
472,47,108,0.40425531914893614,0.723404255319149,0.8723404255319149,0.9574468085106383,1.0,1.0,1.0
473,126,286,0.14285714285714285,0.29365079365079366,0.5396825396825397,0.7857142857142857,0.9523809523809523,0.9761904761904762,1.0
474,0,784,,,,,,,1.0
475,0,70,,,,,,,0.5774250016294137
476,639,2224,0.02190923317683881,0.056338028169014086,0.11424100156494522,0.20344287949921752,0.42566510172143973,0.676056338028169,0.9477344873475497
478,1,445,1.0,1.0,1.0,1.0,1.0,1.0,1.0
479,0,83,,,,,,,1.0
480,0,3,,,,,,,1.0
481,1,219,0.0,0.0,0.0,0.0,1.0,1.0,0.5415339198442375
482,12,104,0.6666666666666666,0.8333333333333334,1.0,1.0,1.0,1.0,0.8082491001905818
483,4,248,0.5,0.75,0.75,0.75,0.75,0.75,0.5734654091600278
484,0,53,,,,,,,1.0
485,0,255,,,,,,,0.694765116060299
486,0,87,,,,,,,1.0
487,2,946,0.0,0.5,0.5,0.5,0.5,1.0,0.5821032065260974
