query_id,cNDCG@10,cNDCG@20,Recall@20,HighestRecall@20,RelevantHidden@20,VI@20_query,has_highest
165,0.4646903114256419,0.5419920625794878,0.125,0.16666666666666666,0.8333333333333334,0.0,True
433,0.2592601320701069,0.4016772706741666,0.64,0.5714285714285714,0.4285714285714286,0.0,True
500,0.862526180565181,0.8767327113198452,0.475,0.7727272727272727,0.2272727272727273,0.13636363636363635,True
541,0.6373582054646891,0.8480721708944818,0.8125,0.8571428571428571,0.1428571428571429,0.0,True
598,0.45449858048157227,0.5011435692071545,0.08695652173913043,0.07142857142857142,0.9285714285714286,0.0,True
600,0.9061595192741448,0.8622127696067619,0.5625,0.5769230769230769,0.42307692307692313,0.0,True
602,0.5422735117344608,0.5422735117344608,0.0,0.0,1.0,0.0,True
622,0.4856093532242834,0.5733841008727809,0.5,0.5,0.5,0.07692307692307693,True
637,0.8586328074042242,0.9726613775838724,0.875,0.9230769230769231,0.07692307692307687,0.0,True
861,0.09888471947311668,0.2750495028752566,0.2702702702702703,0.08333333333333333,0.9166666666666666,0.041666666666666664,True
933,0.5531399118381796,0.7507232836614021,0.8125,0.75,0.25,0.0,True
978,0.7447033796761523,0.9218021186288715,0.9375,1.0,0.0,0.0,True
1210,0.3877061302720891,0.3877061302720891,0.0,0.0,1.0,0.0,True
1293,0.11453257252442076,0.23040086467585666,0.5172413793103449,0.3,0.7,0.2,True
1310,0.15435267555440116,0.37382134041053056,0.43478260869565216,1.0,0.0,0.0,True
1458,0.694765116060299,0.7100214870911106,0.48484848484848486,0.8,0.19999999999999996,0.0,True
1476,0.7154268398954903,0.6602196821313225,0.4857142857142857,0.5294117647058824,0.47058823529411764,0.058823529411764705,True
1530,0.7293518884704697,0.7112204217757098,0.5357142857142857,0.6470588235294118,0.3529411764705882,0.0,True
1659,0.5506863341950768,0.5565569621627614,0.42857142857142855,0.6,0.4,0.0,True
1816,0.014241913118177383,0.41155226644895226,0.9285714285714286,0.75,0.25,0.25,True
2286,0.4924013878423087,0.744475653383663,0.35,0.3076923076923077,0.6923076923076923,0.0,True
2390,0.04443943538962297,0.37472572086009154,0.75,1.0,0.0,0.5,True
2692,0.44747016530899203,0.5888782617002692,0.875,0.8571428571428571,0.1428571428571429,0.0,True
2855,0.7856270913316702,0.847983844840433,0.5588235294117647,0.8571428571428571,0.1428571428571429,0.14285714285714285,True
3012,0.3868839681418561,0.5714266036070669,0.46153846153846156,0.4,0.6,0.2,True
3492,1.0,1.0,1.0,1.0,0.0,0.0,True
3494,0.6983801521959361,0.8739449612535967,1.0,1.0,0.0,0.0,True
3986,0.875023800513801,0.9331796437195291,1.0,1.0,0.0,0.0,True
4299,0.4556588443449323,0.46375067518897795,0.5,1.0,0.0,0.0,True
4321,0.24494309581265183,0.500769345740998,0.0,0.0,1.0,0.0,True
4860,0.630835246424375,0.6458338383971465,0.75,1.0,0.0,0.0,True
4956,0.7434265962580807,0.8955190622966379,0.6875,0.7142857142857143,0.2857142857142857,0.14285714285714285,True
5079,0.3534816799500095,0.6949718145594683,0.375,0.3,0.7,0.0,True
5094,0.7906642236767398,0.9536418030138586,0.9375,0.9090909090909091,0.09090909090909094,0.36363636363636365,True
5419,0.6565320411090328,0.8407768089805862,0.875,1.0,0.0,0.0,True
5787,0.9195423961796817,0.9195423961796817,0.3333333333333333,0.5,0.5,0.0,True
5921,0.6974197706720918,0.6974197706720918,1.0,1.0,0.0,0.0,True
6138,0.5488236938055158,0.5515658103735399,1.0,1.0,0.0,0.0,True
6685,0.5648111514242792,0.6986888322777006,0.5333333333333333,0.625,0.375,0.125,True
7034,0.413758108453865,0.4211253884993912,0.06666666666666667,0.0,1.0,0.0,True
7126,0.9806216120774026,0.9806255840895117,1.0,1.0,0.0,0.0,True
7303,0.7570839376718662,0.9337307917678473,0.9285714285714286,1.0,0.0,0.0,True
7340,0.6024230626237375,0.6061301524567633,0.75,1.0,0.0,0.0,True
7545,0.684394013374121,0.8681031174180845,0.875,0.9166666666666666,0.08333333333333337,0.08333333333333333,True
7581,0.7225354696030427,0.8991915624302105,1.0,1.0,0.0,0.0,True
8063,0.9216017310213247,0.9759460354971371,0.6666666666666666,0.6666666666666666,0.33333333333333337,0.16666666666666666,True
8519,0.278658542852568,0.6047684566591811,0.8571428571428571,0.75,0.25,0.125,True
8605,0.81383546042969,0.8894860638043934,0.8333333333333334,0.8333333333333334,0.16666666666666663,0.0,True
8740,0.34550272724414516,0.3489557781556439,0.8333333333333334,1.0,0.0,0.0,True
9096,0.843078030656429,0.9590413860167227,1.0,1.0,0.0,0.0,True
9695,0.5049869564317304,0.6895621429300602,1.0,1.0,0.0,0.0,True
9776,0.7004533959126333,0.8863306387172984,0.8125,0.8888888888888888,0.11111111111111116,0.0,True
9967,0.5780136823717549,0.5780136823717549,0.6666666666666666,0.6666666666666666,0.33333333333333337,0.0,True
10312,0.6429254855714227,0.5941259192621654,0.375,0.3,0.7,0.0,True
10370,0.7254521107352793,0.9041293491527734,1.0,1.0,0.0,0.0,True
11509,0.5913267178258955,0.5927934868599373,0.2857142857142857,0.2,0.8,0.0,True
11621,1.0,1.0,0.13333333333333333,1.0,0.0,0.0,True
11875,0.9410769674127175,0.9501030992999454,0.8461538461538461,1.0,0.0,0.0,True
11925,1.0,0.8981917051269986,0.3055555555555556,0.39285714285714285,0.6071428571428572,0.17857142857142858,True
12176,0.6969660337232797,0.6305112303246939,0.18604651162790697,0.25925925925925924,0.7407407407407407,0.037037037037037035,True
12432,0.7165174701450555,0.8414640063232153,0.26666666666666666,0.25,0.75,0.0,True
12557,0.5396815646300145,0.5981624659162741,0.4444444444444444,0.375,0.625,0.0,True
12664,0.3901652349700983,0.5649297159127962,1.0,1.0,0.0,0.0,True
12809,0.6908494726508818,0.6908494726508817,0.6,0.75,0.25,0.0,True
13089,0.7408100065151952,0.7967345160487084,0.5,0.46875,0.53125,0.0625,True
13169,0.593712745632352,0.8251896116712776,0.75,0.7272727272727273,0.2727272727272727,0.0,True
13471,0.7885497208855957,0.660437285707073,0.48148148148148145,0.5238095238095238,0.47619047619047616,0.047619047619047616,True
13639,0.77990823370192,0.8711304194636228,0.9333333333333333,0.9333333333333333,0.06666666666666665,0.0,True
13785,0.8891102665860803,0.9640687158481042,0.6153846153846154,0.75,0.25,0.25,True
13954,0.718651925024011,0.9006104466952234,0.9333333333333333,0.9230769230769231,0.07692307692307687,0.0,True
14346,0.7670273914429266,0.9417463212329469,0.4166666666666667,0.5,0.5,0.0,True
14880,0.7327711443782634,0.7327711443782634,0.5,0.5,0.5,0.0,True
14882,0.46430108898769895,0.597689533700793,0.5757575757575758,0.6363636363636364,0.36363636363636365,0.0,True
15154,0.8910545756824505,0.8968252098137625,0.06451612903225806,0.07142857142857142,0.9285714285714286,0.0,True
15164,0.9767032364607517,0.9768026166422804,0.875,1.0,0.0,0.0,True
15311,0.7129224084913904,0.8900094026865081,0.9230769230769231,0.9,0.09999999999999998,0.0,True
15647,0.6958758593071891,0.6314728653606557,0.5,0.5238095238095238,0.47619047619047616,0.0,True
15716,0.8682785099656284,0.8812142899061792,0.5128205128205128,0.8571428571428571,0.1428571428571429,0.0,True
15777,0.9305687780632229,0.9843643998069558,1.0,1.0,0.0,0.0,True
15807,0.88995411685096,0.9564350286029252,0.9333333333333333,0.9333333333333333,0.06666666666666665,0.0,True
16613,0.7729907120546406,0.897103081833737,0.5384615384615384,0.5555555555555556,0.4444444444444444,0.0,True
16684,0.6960554169609594,0.8810553551165302,1.0,1.0,0.0,0.0,True
17384,0.5888720405821463,0.7710474495320873,0.625,0.6363636363636364,0.36363636363636365,0.0,True
17607,0.5626778393241352,0.6404800511734349,0.7307692307692307,0.6470588235294118,0.3529411764705882,0.0,True
17689,0.4706396786974951,0.47444997385757826,0.625,1.0,0.0,0.3333333333333333,True
17742,0.7686856998393259,0.8905816085812516,0.42857142857142855,0.3333333333333333,0.6666666666666667,0.0,True
18356,0.9128893806759801,0.9136489141268584,0.8888888888888888,1.0,0.0,0.0,True
18553,0.608908643027113,0.5736152766692568,0.4838709677419355,0.47619047619047616,0.5238095238095238,0.14285714285714285,True
18679,0.9203243854026477,0.9838204878725288,0.6086956521739131,1.0,0.0,0.0,True
18682,0.9963907013789741,0.9964048883577117,0.875,1.0,0.0,0.0,True
18932,0.7165174701450555,0.8307707626162572,1.0,1.0,0.0,0.0,True
19053,0.9370154196830378,0.993113933389523,0.9375,1.0,0.0,0.07142857142857142,True
19134,1.0,1.0,0.3333333333333333,1.0,0.0,0.0,True
19268,0.7037108823862255,0.661810667624945,0.4782608695652174,0.42857142857142855,0.5714285714285714,0.047619047619047616,True
19369,0.7821091513649008,0.8502728325049258,1.0,1.0,0.0,0.0,True
19372,0.934408318780155,0.9904813071164753,0.8125,0.8,0.19999999999999996,0.0,True
19380,0.8175295903539445,0.8175295903539445,1.0,1.0,0.0,0.0,True
19619,1.0,1.0,1.0,1.0,0.0,0.0,True
19694,0.8196955252667463,0.8951365567821106,0.8,1.0,0.0,0.0,True
19953,0.9309331806453293,0.9333728183920135,0.6153846153846154,1.0,0.0,0.0,True
20037,0.5821259892328875,0.6943250325722538,0.475,0.4375,0.5625,0.1875,True
20185,0.7868025660482533,0.8962617084704524,0.7142857142857143,0.75,0.25,0.0,True
20307,0.830419897363192,0.9195001675814264,0.8,0.8,0.19999999999999996,0.0,True
20315,0.721158987969405,0.898398840075244,0.875,1.0,0.0,0.0,True
20385,0.6343402254091842,0.6371124815859398,1.0,1.0,0.0,0.0,True
20500,0.7319458440481306,0.7408493471334888,0.5714285714285714,1.0,0.0,0.2,True
20523,0.46927872602275644,0.7126502210135313,0.3333333333333333,0.3333333333333333,0.6666666666666667,0.0,True
20788,0.814702376882467,0.9145601331395443,0.46153846153846156,0.6,0.4,0.0,True
21481,0.7818048722226502,0.7555498720646534,0.6666666666666666,0.7058823529411765,0.2941176470588235,0.058823529411764705,True
21645,0.8669534581760927,0.9668525129876598,0.9375,0.9230769230769231,0.07692307692307687,0.0,True
22173,0.643563689415197,0.7707881637176535,1.0,1.0,0.0,0.0,True
22211,0.32300802780215443,0.4518596718452149,1.0,1.0,0.0,0.3333333333333333,True
22441,0.6218653427250589,0.8343480116902317,1.0,1.0,0.0,0.0,True
22639,0.7782537271144299,0.9598331879024544,0.5454545454545454,0.6666666666666666,0.33333333333333337,0.0,True
23148,0.6891815090184357,0.6891815090184357,0.8,1.0,0.0,0.0,True
23260,0.862526180565181,0.9347834547894404,0.125,0.06666666666666667,0.9333333333333333,0.0,True
23744,0.04388065628739695,0.28853160267781536,0.25,0.0,1.0,0.0,True
24082,0.6012994698136749,0.7764148336019914,0.7777777777777778,0.6,0.4,0.0,True
24402,0.20200328353963046,0.5972044830967684,0.8125,0.6666666666666666,0.33333333333333337,0.3333333333333333,True
24504,0.9502793786667965,0.9505785082211888,1.0,1.0,0.0,0.0,True
24668,0.6939275199136626,0.821562494369946,0.21212121212121213,0.625,0.375,0.0,True
24697,0.8294620542846961,0.8310633449032769,0.75,1.0,0.0,0.0,True
24831,0.6375184875250648,0.7269897648983151,0.48717948717948717,0.7368421052631579,0.26315789473684215,0.05263157894736842,True
25132,0.8048109992093391,0.9237182011273497,0.16666666666666666,0.16666666666666666,0.8333333333333334,0.08333333333333333,True
25426,0.9561924295620635,0.9571187890572586,0.9090909090909091,1.0,0.0,0.0,True
25497,0.4187278991180507,0.512845845009168,0.8666666666666667,1.0,0.0,0.0,True
25516,0.7157310434233912,0.716208618144434,0.9166666666666666,1.0,0.0,0.0,True
25591,0.9234358660673045,0.9239869688553674,0.75,1.0,0.0,0.0,True
26321,0.9972176542155894,0.9971840931861894,0.8,1.0,0.0,0.0,True
26642,0.7839868235004236,0.9491703729067784,0.6875,0.7,0.30000000000000004,0.0,True
26872,0.3894368369964983,0.5696691425024535,0.9375,1.0,0.0,0.0,True
27927,0.8232006379497264,0.8232006379497264,1.0,1.0,0.0,0.0,True
28198,1.0,0.995679975454262,1.0,1.0,0.0,0.0,True
28637,0.6062893859468041,0.6062893859468041,0.75,0.75,0.25,0.25,True
29049,1.0,1.0,1.0,1.0,0.0,0.0,True
29123,0.92663607790064,0.9809910686305037,1.0,1.0,0.0,0.0,True
29488,0.6467546125393584,0.7967018067309902,0.5625,0.7142857142857143,0.2857142857142857,0.42857142857142855,True
29596,1.0,0.9954867283890895,0.8333333333333334,0.8333333333333334,0.16666666666666663,0.0,True
29729,0.6735589833129729,0.9112693568060067,0.5625,0.4444444444444444,0.5555555555555556,0.1111111111111111,True
29868,0.8512360941594275,0.962888664183716,0.9,0.9,0.09999999999999998,0.2,True
29928,0.6913418586914271,0.7837411859870462,0.3333333333333333,0.4,0.6,0.2,True
29941,0.3851463492812361,0.40368765366776654,0.7,1.0,0.0,0.0,True
29945,0.7405827287629744,0.8269749099854928,1.0,1.0,0.0,0.0,True
29952,0.5494714779387122,0.7527688361461179,0.4375,0.5,0.5,0.0,True
30020,0.9962638641195306,0.9984683327989394,0.07692307692307693,1.0,0.0,0.0,True
30318,0.7744380292397731,0.9460838784059654,1.0,1.0,0.0,0.0,True
31573,1.0,1.0,0.4375,1.0,0.0,0.0,True
31659,0.7815485019859035,0.9161814097416,0.8125,0.7142857142857143,0.2857142857142857,0.0,True
31724,0.8754959575075147,0.8765698308596754,0.42857142857142855,0.8333333333333334,0.16666666666666663,0.3333333333333333,True
31889,0.4704814081086499,0.606193028417371,0.9333333333333333,0.5,0.5,0.0,True
32142,0.7987934555848263,0.9743142309994437,0.875,1.0,0.0,0.0,True
32164,0.5662947175261492,0.6169867030250429,0.0,0.0,1.0,0.0,True
32311,1.0,0.9981949637943852,0.2727272727272727,0.2727272727272727,0.7272727272727273,0.0,True
32350,0.9938610088162763,0.993861008816276,0.2,0.2222222222222222,0.7777777777777778,0.1111111111111111,True
32351,0.7146398068407369,0.8186643461716685,0.5833333333333334,0.75,0.25,0.0,True
32430,0.7145017691196215,0.7328167370144767,0.5135135135135135,0.6842105263157895,0.3157894736842105,0.10526315789473684,True
32612,0.7334340648942299,0.7534728315557048,0.1875,0.5,0.5,0.0,True
32812,0.9042760424141301,0.9048443190963086,1.0,1.0,0.0,0.0,True
32917,0.2141631911697124,0.5667895168565001,0.375,0.2857142857142857,0.7142857142857143,0.14285714285714285,True
33004,0.6778254261982332,0.8989525758078899,0.9375,0.9,0.09999999999999998,0.0,True
33735,0.8664569776022302,0.8139809550047002,0.6129032258064516,0.7,0.30000000000000004,0.0,True
34128,0.862526180565181,0.8444534266644009,0.4722222222222222,0.5769230769230769,0.42307692307692313,0.038461538461538464,True
34229,0.8982141907304173,0.9716805562016715,0.8,0.8333333333333334,0.16666666666666663,0.16666666666666666,True
34443,0.6712893706653176,0.7435128444735,0.9333333333333333,1.0,0.0,0.0,True
34775,0.8550802295362974,0.8561233509750924,1.0,1.0,0.0,0.0,True
34817,0.6840957018668293,0.9170423538974191,1.0,1.0,0.0,0.0,True
35117,0.9032712987439863,0.9731242677771857,0.8125,1.0,0.0,0.0,True
35242,0.2842105156867104,0.4343949578653617,0.26666666666666666,0.5,0.5,0.0,True
35755,0.9273697171216337,0.9850274488214884,1.0,1.0,0.0,0.0,True
36669,0.6131471927654584,0.7841802768331765,0.5,0.5,0.5,0.0,True
36678,0.0018401156590421549,0.14100883497594305,0.0,0.0,1.0,0.0,True
36753,0.92663607790064,0.9786125079483464,0.5,0.5,0.5,0.08333333333333333,True
36912,0.5088958553962188,0.5185412952844799,0.5,1.0,0.0,0.0,True
36960,0.9991366383439096,0.9991366383439095,1.0,1.0,0.0,0.0,True
37451,0.38445723825083145,0.39360750707325204,0.625,1.0,0.0,0.0,True
37466,0.5658950638984669,0.5020560923613927,0.4594594594594595,0.375,0.625,0.08333333333333333,True
37498,0.701817296967803,0.702265150789751,0.9090909090909091,1.0,0.0,0.0,True
37670,0.6226769894192002,0.8188875942627716,0.3125,0.23076923076923078,0.7692307692307692,0.07692307692307693,True
37789,1.0,1.0,1.0,1.0,0.0,0.0,True
38679,0.8318904666086389,0.8462133806426572,0.625,1.0,0.0,0.0,True
39022,0.9328042746075993,0.9560926566701332,0.5,1.0,0.0,0.0,True
39107,0.9305687780632229,0.984335183919478,0.6428571428571429,0.75,0.25,0.25,True
39157,0.19563175561873447,0.34627930009417957,0.09090909090909091,0.0,1.0,0.0,True
39263,0.5562582497546309,0.5603957898787626,0.4375,1.0,0.0,0.0,True
40165,0.413758108453865,0.4197419950564744,1.0,1.0,0.0,0.0,True
40292,0.8573536760504727,0.9359582028689764,0.6875,0.8571428571428571,0.1428571428571429,0.14285714285714285,True
40356,0.4556588443449323,0.46375067518897795,1.0,1.0,0.0,0.0,True
40483,0.8677409160126835,0.8066482581255576,0.53125,0.5172413793103449,0.48275862068965514,0.13793103448275862,True
40528,0.9931475222708741,0.9981089841517927,0.5555555555555556,1.0,0.0,0.0,True
40573,0.6528703475935496,0.6400005420925908,0.37777777777777777,0.5652173913043478,0.4347826086956522,0.0,True
40615,0.5219403281436985,0.5290468604310943,1.0,1.0,0.0,0.0,True
40834,0.8335584785522917,0.897261142629273,0.29411764705882354,0.8571428571428571,0.1428571428571429,0.0,True
41423,0.616200436790649,0.6551187716443952,0.18518518518518517,0.16666666666666666,0.8333333333333334,0.08333333333333333,True
41492,0.7906642236767398,0.8033111917312944,0.5135135135135135,0.7692307692307693,0.23076923076923073,0.0,True
41502,0.7938094521743041,0.9613032342763321,0.8125,0.8181818181818182,0.18181818181818177,0.09090909090909091,True
41795,0.73162241373675,0.9093274762988671,1.0,1.0,0.0,0.0,True
42118,0.5186818880646572,0.5186818880646572,1.0,1.0,0.0,0.0,True
42332,0.8527237332178331,0.968625158718713,0.9375,1.0,0.0,0.0,True
42405,1.0,1.0,0.7777777777777778,1.0,0.0,0.0,True
42445,0.9833032486989473,0.9833032486989473,1.0,1.0,0.0,0.0,True
42964,0.6934268503637903,0.6596095920009775,0.6111111111111112,0.5,0.5,0.08333333333333333,True
42968,0.6149924154562363,0.7109126177849167,0.8571428571428571,0.75,0.25,0.0,True
43579,0.712281611397926,0.8888386280777637,0.25,0.2727272727272727,0.7272727272727273,0.0,True
43948,0.5904522843133743,0.5940186241375619,0.5625,0.5,0.5,0.0,True
43961,1.0,1.0,0.9375,1.0,0.0,0.0,True
43983,0.8361484781185031,0.8369806733207011,0.8,1.0,0.0,0.0,True
44424,0.5144872335983266,0.6269739652467522,0.5,0.75,0.25,0.0,True
44706,0.7703075982019137,0.8991806994582315,0.9375,1.0,0.0,0.0,True
44816,0.7493552502451093,0.9253499161496969,0.0,0.0,1.0,0.0,True
44845,0.6116401587801783,0.7496608695313154,0.5,0.7142857142857143,0.2857142857142857,0.0,True
44960,0.7751094469289446,0.9478376102036139,1.0,1.0,0.0,0.0,True
45294,0.3333333333333333,0.3333333333333333,1.0,1.0,0.0,0.0,True
45464,0.832581352752083,0.7423330592939014,0.5833333333333334,0.6875,0.3125,0.125,True
45588,0.7418033892759074,0.7525848490236896,0.6666666666666666,1.0,0.0,0.0,True
45713,0.647053841756604,0.88407543672568,0.0,0.0,1.0,0.0,True
45745,0.7782344940999762,0.8945761357357326,0.9333333333333333,1.0,0.0,0.0,True
45843,0.8005206683141505,0.8005206683141505,0.42857142857142855,0.3333333333333333,0.6666666666666667,0.0,True
45928,1.0,1.0,0.4666666666666667,,,,False
45990,0.7531371466235632,0.8779693138009939,0.9375,1.0,0.0,0.0,True
46008,0.6924792707859171,0.7649247351583481,1.0,1.0,0.0,0.0,True
46089,0.7584367326417065,0.9008971898911455,0.42105263157894735,0.7142857142857143,0.2857142857142857,0.0,True
46097,0.8174426661342894,0.9099031542064202,0.9375,1.0,0.0,0.0,True
46149,1.0,0.9972477729952797,0.9375,0.9333333333333333,0.06666666666666665,0.0,True
46177,0.39722895427887095,0.6276571142308793,0.6086956521739131,0.6666666666666666,0.33333333333333337,0.0,True
46471,0.7133722416474912,0.8280497734826965,0.8125,0.9,0.09999999999999998,0.0,True
46910,0.7914769489804453,0.8652281903396618,0.7857142857142857,0.8571428571428571,0.1428571428571429,0.14285714285714285,True
47106,0.8227004897677772,0.945120157688366,0.6428571428571429,0.7777777777777778,0.2222222222222222,0.0,True
47213,0.8505290541023125,0.9184213444704311,0.5625,0.75,0.25,0.0,True
47217,0.9312630902825905,0.9880442277982696,0.9375,0.9333333333333333,0.06666666666666665,0.06666666666666667,True
47526,0.7923074869633854,0.7613739286818493,0.4722222222222222,0.5416666666666666,0.45833333333333337,0.20833333333333334,True
47631,1.0,0.8968182530071721,0.14285714285714285,0.17857142857142858,0.8214285714285714,0.03571428571428571,True
47857,0.7044948650760122,0.7056504055013115,0.5128205128205128,0.5769230769230769,0.42307692307692313,0.0,True
47892,0.5800297666871117,0.8868796664862137,0.0,0.0,1.0,0.0,True
48397,0.7224803502559506,0.8487372075219448,0.625,0.6666666666666666,0.33333333333333337,0.0,True
48914,0.41444634878790415,0.5093671346588109,0.5142857142857142,0.5454545454545454,0.4545454545454546,0.09090909090909091,True
48929,0.8669479898642711,0.6926472406933841,0.47619047619047616,0.5263157894736842,0.4736842105263158,0.0,True
49077,0.8318477135310892,0.9494511930452875,0.45454545454545453,0.45454545454545453,0.5454545454545454,0.0,True
49201,0.8594011333941494,0.9735522965147352,0.4666666666666667,0.6,0.4,0.4,True
49481,0.3113718168878051,0.3113718168878051,0.75,0.0,1.0,0.0,True
49972,0.6181806206967245,0.7801466676883305,0.875,0.8333333333333334,0.16666666666666663,0.0,True
50118,0.8527237332178331,0.9628400732071698,1.0,1.0,0.0,0.0,True
50311,0.6156571036567114,0.6849025520287444,0.4878048780487805,0.7222222222222222,0.2777777777777778,0.0,True
50356,0.7087632621563829,0.7975452663537562,1.0,1.0,0.0,0.0,True
50494,0.8893279104797603,0.9620732637846104,0.7777777777777778,0.8571428571428571,0.1428571428571429,0.14285714285714285,True
51056,0.5957211033017134,0.5957211033017134,1.0,1.0,0.0,0.0,True
51227,0.862526180565181,0.9270435637644497,0.875,0.9230769230769231,0.07692307692307687,0.0,True
51454,0.7778721720600673,0.9471855810202251,1.0,1.0,0.0,0.0,True
52230,0.19976995952410273,0.351299073772207,0.4166666666666667,0.38461538461538464,0.6153846153846154,0.07692307692307693,True
52255,0.582475876307465,0.7545505501669417,0.2857142857142857,0.2222222222222222,0.7777777777777778,0.0,True
52348,0.04388065628739695,0.3126327353798947,0.75,1.0,0.0,1.0,True
52482,0.9921132296303254,0.9948714653780917,0.3333333333333333,1.0,0.0,0.0,True
52830,0.7647729856437189,0.8888617791501944,0.6,0.6666666666666666,0.33333333333333337,0.0,True
53042,0.9590975971891932,0.9604544487772141,0.7272727272727273,1.0,0.0,0.0,True
53114,0.8544409527868279,0.8557981755361902,1.0,1.0,0.0,0.0,True
53284,0.5547450991557723,0.7166074238001119,1.0,1.0,0.0,0.0,True
53328,0.862526180565181,0.9286496570663164,1.0,1.0,0.0,0.0,True
53451,0.7060734963550095,0.8177270007840372,1.0,1.0,0.0,0.0,True
54039,0.8494540900804062,0.9599625363132761,1.0,1.0,0.0,0.0,True
54044,1.0,1.0,0.5333333333333333,1.0,0.0,0.0,True
54558,0.6967888051913527,0.8482110535823933,0.8888888888888888,1.0,0.0,0.0,True
54634,0.9698788531652882,0.9707922799577656,1.0,1.0,0.0,0.0,True
54889,0.6471247982008933,0.6523704174460165,0.1875,1.0,0.0,0.0,True
55280,0.9201495242456534,0.9205522954616353,0.875,1.0,0.0,0.0,True
55365,0.8873183548655247,0.8873183548655247,1.0,1.0,0.0,0.0,True
55531,0.2817763420732248,0.28203690271897924,0.3793103448275862,0.4,0.6,0.2,True
55677,0.3189285864495629,0.584956454181647,0.5833333333333334,0.5,0.5,0.0,True
56281,0.9500126792538983,0.9592571191051948,1.0,1.0,0.0,0.0,True
56758,0.4829689851641843,0.729321818337862,0.8333333333333334,1.0,0.0,0.0,True
57100,0.9312630902825905,0.9884552934028848,1.0,1.0,0.0,0.0,True
57276,0.9363792118010483,0.7808626906200379,0.4722222222222222,0.5833333333333334,0.41666666666666663,0.0,True
57921,0.6202031786108073,0.6873857449837961,0.39473684210526316,0.41379310344827586,0.5862068965517242,0.13793103448275862,True
58044,0.9543072179869642,0.9546253284323116,1.0,1.0,0.0,0.0,True
58233,0.8285452329852562,0.9434171022479895,0.0,0.0,1.0,0.0,True
58514,0.9312630902825905,0.9801698552850615,1.0,1.0,0.0,0.0,True
58597,0.9233711941225413,0.9782558437603978,0.8125,0.8,0.19999999999999996,0.0,True
59963,0.643887187266689,0.8209605844075898,0.8125,0.8181818181818182,0.18181818181818177,0.2727272727272727,True
60628,0.7585248870351926,0.8663111802557092,0.875,1.0,0.0,0.0,True
61329,1.0,0.9980067982799286,1.0,1.0,0.0,0.0,True
61522,0.5588027712252335,0.8017214666268353,0.6666666666666666,0.6666666666666666,0.33333333333333337,0.1111111111111111,True
61574,0.6968237429508846,0.9241705758908443,0.875,0.9,0.09999999999999998,0.0,True
61598,0.7384614624478488,0.7403439968647809,0.75,1.0,0.0,0.0,True
61723,0.9219180243454468,0.9226460768829047,0.6875,1.0,0.0,0.0,True
61798,0.88995411685096,0.9460165344696839,1.0,1.0,0.0,0.0,True
61830,0.9681538642459351,0.9683830902986783,1.0,1.0,0.0,0.0,True
61961,0.7951704081552233,0.924212283973212,0.625,0.75,0.25,0.0,True
62478,0.9202054614375518,0.9849481760280177,1.0,1.0,0.0,0.0,True
62513,0.7686856998393259,0.8941037080111189,0.875,0.8461538461538461,0.15384615384615385,0.07692307692307693,True
62558,0.6864833615218304,0.6887400303391298,0.4375,1.0,0.0,0.0,True
62858,0.843078030656429,0.9627845490111867,0.9166666666666666,0.9,0.09999999999999998,0.0,True
62937,0.6934264036172708,0.6934264036172708,1.0,1.0,0.0,0.0,True
62954,0.8771496094010984,0.8557188711995141,0.475,0.4411764705882353,0.5588235294117647,0.08823529411764706,True
63291,0.8275088955091366,0.9156683135189783,1.0,1.0,0.0,0.0,True
63701,0.40390392334181296,0.5308909426994303,0.7333333333333333,0.6666666666666666,0.33333333333333337,0.0,True
63917,0.9312630902825905,0.9164145864490874,0.475,0.6071428571428571,0.3928571428571429,0.07142857142857142,True
63927,0.7835602895344896,0.9266136365489056,0.6666666666666666,0.7142857142857143,0.2857142857142857,0.0,True
64191,0.36143916158099787,0.36143916158099787,0.3333333333333333,0.0,1.0,1.0,True
64212,0.6614907679788034,0.7820949128912102,0.5294117647058824,0.75,0.25,0.0,True
64296,0.02736991524885581,0.35246096543989475,0.8125,0.5,0.5,0.0,True
64880,0.701817296967803,0.7045976143425725,0.9375,1.0,0.0,0.0,True
65197,0.3863623093665149,0.6014966886665621,0.875,0.8571428571428571,0.1428571428571429,0.0,True
65347,0.44198978121585825,0.5386080921859367,0.3125,0.5,0.5,0.0,True
65397,0.843078030656429,0.9594655955444518,0.4375,0.38461538461538464,0.6153846153846154,0.0,True
65683,0.9312630902825905,0.7825344156959467,0.48717948717948717,0.6666666666666666,0.33333333333333337,0.0,True
65798,0.5126206274840558,0.7507198211204599,1.0,1.0,0.0,0.0,True
66004,1.0,0.9977702309451254,0.9375,1.0,0.0,0.0,True
66062,0.04388065628739695,0.29357029064664153,0.875,0.0,1.0,0.0,True
66396,0.664295809299939,0.7496251340475881,0.5263157894736842,0.6521739130434783,0.34782608695652173,0.17391304347826086,True
66421,0.7504557090765996,0.9243961646482025,1.0,1.0,0.0,0.0,True
66476,0.7775832577373375,0.9501274717876704,0.8125,0.7692307692307693,0.23076923076923073,0.07692307692307693,True
66494,0.24131430016067426,0.3570369499763955,0.35135135135135137,0.3,0.7,0.0,True
67075,0.73162241373675,0.9013800132765517,1.0,1.0,0.0,0.0,True
67189,0.9277440552856682,0.9678532416709021,0.6,1.0,0.0,0.0,True
67570,0.6275590882055909,0.7537113480732567,1.0,1.0,0.0,0.0,True
67637,0.7355234911468815,0.8008330773646791,0.8,0.875,0.125,0.0,True
67712,0.8853542913032666,0.9539020014896612,0.8333333333333334,0.8571428571428571,0.1428571428571429,0.0,True
67844,0.44714200452004216,0.44714200452004216,1.0,1.0,0.0,0.0,True
67894,0.9052116356304495,0.9682622468384057,0.6666666666666666,0.6666666666666666,0.33333333333333337,0.0,True
68340,0.8714237384631928,0.8794389867061326,0.8,0.8421052631578947,0.1578947368421053,0.0,True
68572,0.5508140655273448,0.6919527334738469,0.46153846153846156,0.5714285714285714,0.4285714285714286,0.0,True
69025,0.9181173710253786,0.9202243958378524,0.6,1.0,0.0,0.0,True
69269,0.4888226992770025,0.6739467712273376,0.75,1.0,0.0,0.0,True
69657,0.8067628892172455,0.9296540652345775,1.0,1.0,0.0,0.0,True
69695,0.9897059297437528,0.9897435703310743,0.875,1.0,0.0,0.0,True
69739,0.9009587051658641,0.9574579779025398,0.0625,0.07692307692307693,0.9230769230769231,0.0,True
70263,0.7554397124871217,0.9280224095684382,0.8125,0.8181818181818182,0.18181818181818177,0.0,True
70625,0.9823317572555034,0.9934499930976212,1.0,1.0,0.0,0.0,True
70787,1.0,1.0,0.625,1.0,0.0,0.0,True
71186,0.17581110170228034,0.3674818695220001,0.782608695652174,0.625,0.375,0.0,True
71356,0.7982949676562214,0.9383266876327615,0.25,0.5714285714285714,0.4285714285714286,0.14285714285714285,True
71655,0.7504557090765996,0.5926921884068095,0.4878048780487805,0.5,0.5,0.0,True
71902,0.5157084387094268,0.5220047353708278,0.18181818181818182,0.0,1.0,0.0,True
72088,0.9273697171216337,0.9759169891228165,0.9375,0.9090909090909091,0.09090909090909094,0.0,True
72127,0.5667785617831447,0.5698968566058853,0.4375,0.6666666666666666,0.33333333333333337,0.0,True
72915,1.0,1.0,1.0,1.0,0.0,0.0,True
73215,0.6958411263560965,0.7084765101745545,0.9230769230769231,1.0,0.0,0.0,True
73282,0.8742457203715155,0.9507948552382174,0.5,0.7142857142857143,0.2857142857142857,0.14285714285714285,True
73400,0.6214094330571588,0.723189167738672,0.4878048780487805,0.7692307692307693,0.23076923076923073,0.23076923076923078,True
73401,0.862526180565181,0.9270435637644497,0.8125,0.8461538461538461,0.15384615384615385,0.07692307692307693,True
73522,0.9373974804692665,0.9382328032429063,0.7857142857142857,1.0,0.0,0.0,True
73746,0.6187566627091631,0.7352219468609054,1.0,1.0,0.0,0.0,True
73944,0.9224876332313348,0.9820731607301322,0.9375,1.0,0.0,0.0,True
74270,0.8785991847355419,0.9007631343765736,0.8666666666666667,1.0,0.0,0.0,True
74336,0.7914387062414081,0.8990269831095841,0.5,0.75,0.25,0.0,True
74620,1.0,1.0,0.75,1.0,0.0,0.0,True
74628,0.9370154196830378,0.8477234892661133,0.5,0.6666666666666666,0.33333333333333337,0.041666666666666664,True
74654,0.8682785099656284,0.7657324493631912,0.5405405405405406,0.6875,0.3125,0.0,True
74782,0.3818137049388446,0.5479972312705169,0.0,0.0,1.0,0.0,True
75417,0.4851036534689158,0.64382852918645,1.0,1.0,0.0,0.0,True
75512,0.8285452329852562,0.8141311101369665,0.475,0.5357142857142857,0.4642857142857143,0.21428571428571427,True
75831,0.3400280031922006,0.41324991143854567,0.3793103448275862,0.3333333333333333,0.6666666666666667,0.0,True
75925,0.6671847956139767,0.668929753667598,0.75,1.0,0.0,0.0,True
76144,0.7867708505157829,0.954294464245497,0.9375,0.9166666666666666,0.08333333333333337,0.0,True
76820,0.5652618475225637,0.6395439204250712,0.2857142857142857,0.2857142857142857,0.7142857142857143,0.14285714285714285,True
76904,0.4454511119612667,0.5923972018717069,0.0625,0.0,1.0,0.0,True
76950,0.9312630902825905,0.8485428094710961,0.45,0.6363636363636364,0.36363636363636365,0.09090909090909091,True
76969,0.9449241091970945,0.9451823180274498,1.0,1.0,0.0,0.0,True
77343,0.5681505731133234,0.7564984911602667,0.5294117647058824,0.75,0.25,0.08333333333333333,True
78347,0.6878564796094311,0.7077356602321998,0.9375,1.0,0.0,0.0,True
79143,0.597844424746435,0.7410278247091824,0.3076923076923077,0.2857142857142857,0.7142857142857143,0.0,True
79505,0.9223857137111114,0.9812678815690201,0.9375,1.0,0.0,0.0,True
80305,0.7344446814479308,0.861501001895012,0.75,0.75,0.25,0.0,True
80453,0.9866920778969432,0.9951372147886944,1.0,1.0,0.0,0.0,True
80880,0.6879890750277862,0.8713041329805133,0.9375,1.0,0.0,0.0,True
81029,0.31445635335672967,0.34166963911319786,0.35714285714285715,0.0,1.0,0.0,True
81301,0.35424423526529963,0.460677597720855,0.5555555555555556,0.5,0.5,0.1,True
81478,0.8466254350067487,0.8474295815087074,0.3125,0.6,0.4,0.0,True
81547,0.3317012581794504,0.34163576398692075,0.25,0.0,1.0,0.0,True
82738,0.9945137143456967,0.9945880695080952,0.8125,1.0,0.0,0.0,True
82799,0.849755430832745,0.9656461963627632,0.8125,0.7857142857142857,0.2142857142857143,0.0,True
82836,0.7168226766187569,0.7893646145412887,0.9375,0.8571428571428571,0.1428571428571429,0.0,True
82977,0.9312630902825905,0.8109518576157525,0.4523809523809524,0.4,0.6,0.08571428571428572,True
83182,0.9100522411553235,0.9776833721302807,0.8,1.0,0.0,0.125,True
83573,0.7181597392077345,0.8068924774518389,0.875,1.0,0.0,0.0,True
83860,0.5191830845914365,0.5253086076388854,0.9375,1.0,0.0,0.0,True
84011,0.8831124895119933,0.8559718788901854,0.8333333333333334,0.7857142857142857,0.2142857142857143,0.0,True
84333,0.568166692121775,0.7839714495615765,0.0625,0.14285714285714285,0.8571428571428572,0.0,True
84543,0.7496873830866745,0.9264934948521205,1.0,1.0,0.0,0.07692307692307693,True
84692,0.958654596153428,0.9587229356352904,0.8333333333333334,1.0,0.0,0.0,True
84752,0.7743411209390193,0.9416396392749974,0.875,0.8181818181818182,0.18181818181818177,0.09090909090909091,True
84990,0.8366402484563941,0.8513148046962074,0.75,1.0,0.0,0.0,True
85202,0.5415635910581278,0.5427288724017685,0.5,0.6666666666666666,0.33333333333333337,0.0,True
85743,0.7518498098081674,0.8106788839745622,1.0,1.0,0.0,0.0,True
85956,0.6682764361676741,0.7934442726291285,0.8,0.7777777777777778,0.2222222222222222,0.0,True
87048,0.8572048559638626,0.9697318821030817,0.8333333333333334,0.8333333333333334,0.16666666666666663,0.0,True
87098,0.9858436551227356,0.9858177527804889,0.9285714285714286,1.0,0.0,0.0,True
87123,0.7339499190283737,0.9071629418176507,0.8666666666666667,0.9,0.09999999999999998,0.0,True
87931,0.9967633695956568,0.9984529084764049,0.5714285714285714,1.0,0.0,0.0,True
88180,0.5562582497546309,0.5603957898787626,0.25,0.5,0.5,0.0,True
88972,0.0626871737805262,0.3225221940383735,0.3076923076923077,0.0,1.0,0.0,True
89016,0.341561558351051,0.3443080976761103,0.25,0.0,1.0,0.0,True
89094,0.7553918965151251,0.756648219940904,0.4375,1.0,0.0,0.0,True
89443,0.8719117320527875,0.9478198612715093,0.2,0.42857142857142855,0.5714285714285714,0.0,True
90070,0.6629403319151199,0.7601189629875258,0.8571428571428571,0.75,0.25,0.0,True
90523,0.8910545756824505,0.956888672828683,0.25,0.2,0.8,0.0,True
90653,0.6671567140668107,0.7465533211527774,0.9333333333333333,1.0,0.0,0.0,True
90835,0.9424726095923713,0.9424492270696013,0.9090909090909091,1.0,0.0,0.0,True
90983,0.5280187854874044,0.6368947057229956,0.28125,0.38461538461538464,0.6153846153846154,0.07692307692307693,True
91113,0.9527070787400777,0.9529163826302418,0.6666666666666666,1.0,0.0,0.0,True
91245,0.7813713855991026,0.8020881961435774,0.8333333333333334,1.0,0.0,0.0,True
91267,0.7464022680008116,0.8833983903276836,0.9090909090909091,0.875,0.125,0.125,True
91452,0.8032591969149627,0.8042356280294092,0.5,0.5,0.5,0.0,True
91498,0.0980847421258708,0.3883157183666449,0.8666666666666667,0.5,0.5,0.5,True
91539,0.7129563536590884,0.8975392522901153,0.9375,1.0,0.0,0.0,True
91847,1.0,0.9948348369531547,1.0,1.0,0.0,0.0,True
92217,0.47596365066287916,0.5894760778755503,0.34210526315789475,0.2727272727272727,0.7272727272727273,0.12121212121212122,True
92320,0.7133722416474912,0.8333974720997049,1.0,1.0,0.0,0.0,True
92627,0.1419595378500581,0.3495524084570904,0.2916666666666667,0.125,0.875,0.125,True
92663,0.6430916900614992,0.7383359647116007,0.42857142857142855,0.5,0.5,0.0,True
92720,0.7654637443675403,0.9367041447053249,1.0,1.0,0.0,0.0,True
92810,0.5192002500094981,0.5192002500094981,0.5,1.0,0.0,0.0,True
92928,0.8357799744028239,0.9303863211094882,0.4,0.4,0.6,0.0,True
93169,0.612855440969242,0.7905670395118832,1.0,1.0,0.0,0.0,True
93559,0.7250725424568947,0.6835879487845666,0.5,0.5714285714285714,0.4285714285714286,0.14285714285714285,True
93654,0.6565516947368596,0.8174135301587472,0.9375,1.0,0.0,0.1,True
93758,0.7571688294377569,0.818909185006035,0.75,0.8888888888888888,0.11111111111111116,0.1111111111111111,True
94456,0.8380940272459068,0.7585480197234142,0.5128205128205128,0.6923076923076923,0.3076923076923077,0.07692307692307693,True
94846,0.30429162957669337,0.42908800901008165,0.5,0.3333333333333333,0.6666666666666667,0.3333333333333333,True
94878,0.8254628944626052,0.9408056796464702,0.6875,0.6923076923076923,0.3076923076923077,0.0,True
94932,0.9312630902825905,0.9856922853615677,0.5625,0.6153846153846154,0.3846153846153846,0.0,True
95116,0.736063670266353,0.9263719103171106,0.9285714285714286,0.875,0.125,0.0,True
95136,0.6237353213132497,0.7784649135394421,0.4375,0.5,0.5,0.0,True
95453,0.9148568823583791,0.9742298861666604,0.9166666666666666,1.0,0.0,0.0,True
95494,0.7839868235004236,0.7333515303344892,0.4230769230769231,0.3888888888888889,0.6111111111111112,0.05555555555555555,True
95886,0.2842105156867104,0.4421059076278069,0.5,0.5,0.5,0.0,True
95917,0.7101604590725946,0.8238264776156886,0.9375,0.6666666666666666,0.33333333333333337,0.0,True
96045,0.7997723322851992,0.9623906418234922,1.0,1.0,0.0,0.09090909090909091,True
96401,0.4433407036197751,0.4458426229754794,0.0,0.0,1.0,0.0,True
96535,0.8380940272459068,0.8211314054692753,0.4634146341463415,0.5357142857142857,0.4642857142857143,0.0,True
96819,0.8225255137835682,0.9577218679444163,0.8888888888888888,0.875,0.125,0.0,True
98201,0.7722948677529523,0.7722948677529523,0.5,0.5,0.5,0.0,True
98425,0.9680497362740244,0.9902872766442683,0.7857142857142857,1.0,0.0,0.0,True
98526,0.8146193718738802,0.8447656109562967,0.5333333333333333,0.8333333333333334,0.16666666666666663,0.3333333333333333,True
99391,0.5203978935105924,0.7606132643510328,0.3333333333333333,0.3333333333333333,0.6666666666666667,0.0,True
99846,0.6519963354262285,0.7533254572016854,0.625,0.75,0.25,0.0,True
100084,0.7782281746933386,0.9332755690218508,0.9333333333333333,1.0,0.0,0.16666666666666666,True
100330,0.645764859402212,0.7447828425473685,0.5,0.7,0.30000000000000004,0.1,True
100469,0.5262341345429575,0.8311368111956169,0.4,0.2222222222222222,0.7777777777777778,0.0,True
100474,0.12861208854576606,0.43428053152020585,0.4166666666666667,0.0,1.0,0.0,True
100637,0.7926080787144145,0.9320588263081651,0.9375,1.0,0.0,0.0,True
100807,0.9305687780632229,0.8212169169134341,0.5135135135135135,0.5555555555555556,0.4444444444444444,0.07407407407407407,True
101683,0.5949070917099308,0.6201758345474895,0.4166666666666667,0.5714285714285714,0.4285714285714286,0.14285714285714285,True
101841,0.9383723019012984,0.9386954173921365,0.9375,1.0,0.0,0.0,True
102215,0.51193824762827,0.5205437179296885,0.45454545454545453,1.0,0.0,0.0,True
102308,0.8342322173243135,0.8448134217832359,0.6666666666666666,1.0,0.0,0.0,True
102732,0.7835831718628485,0.9036674320761359,0.3125,0.3333333333333333,0.6666666666666667,0.1111111111111111,True
102895,0.7178222838533801,0.8185152301891762,0.46153846153846156,0.75,0.25,0.0,True
102991,0.7522387845035986,0.8597824996593977,1.0,1.0,0.0,0.0,True
103099,0.6541146192789798,0.8836612405175136,0.7777777777777778,0.8571428571428571,0.1428571428571429,0.14285714285714285,True
103248,0.9363792118010483,0.990039015608143,1.0,1.0,0.0,0.07692307692307693,True
103500,0.9889404232714891,0.9889876016162862,0.9375,1.0,0.0,0.0,True
103612,0.77990823370192,0.8711304194636228,0.8,0.8,0.19999999999999996,0.06666666666666667,True
103705,0.9050005397305034,0.9050005397305034,1.0,1.0,0.0,0.0,True
104116,0.606561999250092,0.6437018781883207,0.4444444444444444,0.40625,0.59375,0.0625,True
104212,0.4902144278504493,0.4902144278504493,0.9,1.0,0.0,0.0,True
104375,0.8205228949141828,0.9413931332479715,0.2,0.2,0.8,0.0,True
104485,0.7995416002482189,0.7251395686299223,0.21621621621621623,0.4375,0.5625,0.125,True
104556,0.7721596254947204,0.9468754337690923,0.9,0.9,0.09999999999999998,0.0,True
104929,0.2842105156867104,0.4354253929020557,0.9375,0.5,0.5,0.0,True
105336,0.6202031786108073,0.8087543400852915,0.5,0.4166666666666667,0.5833333333333333,0.08333333333333333,True
105354,0.855421100200742,0.855421100200742,1.0,1.0,0.0,0.0,True
106080,0.6375830933165912,0.8309463396581775,0.7333333333333333,0.625,0.375,0.125,True
106387,0.874725263856329,0.9577935103646047,0.9090909090909091,1.0,0.0,0.0,True
106839,0.9676661965076964,0.9676661965076964,0.8,1.0,0.0,0.0,True
107789,0.6233300878603363,0.7661539972240122,0.75,1.0,0.0,0.0,True
107880,0.6490485805720899,0.650236289935283,0.3,0.6666666666666666,0.33333333333333337,0.0,True
107900,0.8367282973373675,0.9545214109063953,1.0,1.0,0.0,0.0,True
108093,0.6666875920678214,0.823336106353812,0.9230769230769231,0.8333333333333334,0.16666666666666663,0.0,True
108571,0.9981248556046675,0.9981341400810848,0.4,1.0,0.0,0.0,True
108769,0.6927713371995551,0.8271999121481586,0.3125,0.25,0.75,0.125,True
108964,1.0,1.0,0.6875,1.0,0.0,0.0,True
109159,0.8916625323309302,0.9576297277296781,0.8571428571428571,1.0,0.0,0.0,True
109658,0.4454753516314611,0.6907254190748556,1.0,1.0,0.0,0.0,True
110355,0.9100522411553235,0.9757748195501933,1.0,1.0,0.0,0.0,True
110443,0.8531473017367653,0.8531473017367653,0.5,0.6666666666666666,0.33333333333333337,0.0,True
110695,0.6422598468922647,0.8259178111910098,0.9090909090909091,1.0,0.0,0.0,True
110785,0.9515826279396843,0.9524706898306895,0.9090909090909091,1.0,0.0,0.0,True
110848,0.8611375561264456,0.8408251320154464,0.5806451612903226,0.7272727272727273,0.2727272727272727,0.0,True
110909,0.930217943117571,0.9305450979402118,0.8125,1.0,0.0,0.0,True
111397,0.42649423722317104,0.5188518752776778,0.9333333333333333,1.0,0.0,0.0,True
111447,1.0,0.9944412561284368,0.9375,0.9285714285714286,0.0714285714285714,0.0,True
111629,0.8469714038173858,0.9633939298665192,0.9375,0.9285714285714286,0.0714285714285714,0.0,True
111828,0.10042555168336119,0.4021707479703674,0.875,0.5,0.5,0.0,True
111876,0.7925849452728505,0.7932918548535665,0.7857142857142857,1.0,0.0,0.0,True
111913,0.7839868235004236,0.9548469072638353,0.4375,0.5454545454545454,0.4545454545454546,0.0,True
111950,0.8517058917504422,0.9615451411108225,0.875,0.8461538461538461,0.15384615384615385,0.0,True
112070,0.6253878277382111,0.7478729812626277,0.6875,0.6666666666666666,0.33333333333333337,0.0,True
112116,0.4382697133668856,0.7820950853575724,0.4117647058823529,0.25,0.75,0.08333333333333333,True
112141,0.6469695257893402,0.8761350340711755,0.8125,0.8,0.19999999999999996,0.0,True
112578,0.6848438465302218,0.8684405710004595,0.06666666666666667,0.08333333333333333,0.9166666666666666,0.0,True
112716,0.8714613528814282,0.9500861854851466,0.6875,0.8333333333333334,0.16666666666666663,0.0,True
113321,0.5108309052376067,0.5789826083654799,0.2564102564102564,0.25,0.75,0.0625,True
113679,0.9157083135347952,0.8003465169811763,0.45,0.3939393939393939,0.6060606060606061,0.12121212121212122,True
114588,0.9080067251166157,0.9085658331188339,0.9333333333333333,1.0,0.0,0.0,True
114599,0.8544409527868279,0.8555873320087543,0.2,0.5,0.5,0.0,True
114650,0.9831931978730118,0.9832943110750638,0.9375,1.0,0.0,0.0,True
114793,0.34550272724414516,0.3566998388393191,0.35294117647058826,0.0,1.0,0.0,True
114905,0.7982949676562214,0.9393318737374844,0.9375,1.0,0.0,0.0,True
114954,0.6469695998793743,0.8902764901973922,0.5384615384615384,0.8888888888888888,0.11111111111111116,0.0,True
115094,0.818424292804084,0.8088234504098502,0.5128205128205128,0.6153846153846154,0.3846153846153846,0.11538461538461539,True
115539,1.0,1.0,0.9375,1.0,0.0,0.0,True
