epoch,step,loss,gradient_norm_before_clip,alpha,positives,negatives
1,0,0.3727980852127075,0.01752178743481636,0.05000041797757149,16,16
1,1,0.28629547357559204,0.014140035957098007,0.05001143738627434,16,16
1,2,0.41325169801712036,0.017224770039319992,0.050023820251226425,16,16
1,3,0.28612422943115234,0.01982356421649456,0.050036925822496414,16,16
1,4,0.23666542768478394,0.012273145839571953,0.050049908459186554,16,16
1,5,0.30271440744400024,0.016828332096338272,0.05006149783730507,16,16
1,6,0.4550023674964905,0.020432623103260994,0.05007384344935417,16,16
1,7,0.2962850332260132,0.017541958019137383,0.05008676275610924,16,16
1,8,0.43296873569488525,0.02547127567231655,0.05009915307164192,16,16
1,9,0.2381097674369812,0.014170701615512371,0.050111476331949234,16,16
1,10,0.3122401237487793,0.017339404672384262,0.05012424290180206,16,16
1,11,0.2839377522468567,0.015219712629914284,0.050137680023908615,16,16
1,12,0.23239922523498535,0.013547921553254128,0.05015168711543083,16,16
1,13,0.3864514231681824,0.02047843299806118,0.0501660592854023,16,16
1,14,0.3069837689399719,0.017282476648688316,0.050180722028017044,16,16
1,15,0.3921680450439453,0.02105376310646534,0.05019577592611313,16,16
1,16,0.4260028600692749,0.02016708254814148,0.05021120235323906,16,16
1,17,0.2975239157676697,0.017753738909959793,0.05022697523236275,16,16
1,18,0.2835075855255127,0.014571268111467361,0.05024294555187225,16,16
1,19,0.26503509283065796,0.014424925670027733,0.050259001553058624,16,16
1,20,0.25339531898498535,0.016342489048838615,0.05027526989579201,16,16
1,21,0.3124576807022095,0.022014636546373367,0.05029181018471718,16,16
1,22,0.2831742763519287,0.016247903928160667,0.0503082238137722,16,16
1,23,0.3712463974952698,0.020360151305794716,0.0503249354660511,16,16
1,24,0.3178654909133911,0.021039752289652824,0.050342075526714325,16,16
1,25,0.38374853134155273,0.02217414230108261,0.05035959556698799,16,16
1,26,0.2558802366256714,0.016811560839414597,0.05037723854184151,16,16
1,27,0.2860211730003357,0.01999002695083618,0.05039525032043457,16,16
1,28,0.37404894828796387,0.022834226489067078,0.05041356757283211,16,16
1,29,0.3495769500732422,0.025417236611247063,0.05043206363916397,16,16
1,30,0.2987058162689209,0.022328069433569908,0.05045090243220329,16,16
1,31,0.3347042202949524,0.02505624294281006,0.05047006160020828,16,16
1,32,0.35395705699920654,0.02654528245329857,0.05048723891377449,16,16
1,33,0.2677372097969055,0.025029178708791733,0.05050511658191681,16,16
1,34,0.27775371074676514,0.027297843247652054,0.050523653626441956,16,16
1,35,0.23918449878692627,0.025867445394396782,0.05054269731044769,16,16
1,36,0.3500846028327942,0.03817649185657501,0.050562262535095215,16,16
1,37,0.3078598380088806,0.03987552225589752,0.050582218915224075,16,16
1,38,0.38764262199401855,0.05405358597636223,0.05060233920812607,16,16
1,39,0.33368200063705444,0.04707687720656395,0.05062290281057358,16,16
1,40,0.32996511459350586,0.05794684961438179,0.05064383149147034,16,16
1,41,0.3474593162536621,0.04941881448030472,0.050664789974689484,16,16
1,42,0.2682470679283142,0.051404863595962524,0.0506860576570034,16,16
1,43,0.26224833726882935,0.06975711137056351,0.05070772022008896,16,16
1,44,0.3968363404273987,0.07815802097320557,0.05072973296046257,16,16
1,45,0.32508671283721924,0.0614943765103817,0.05075149983167648,16,16
1,46,0.3643186688423157,0.09717083722352982,0.05077366903424263,16,16
1,47,0.2778063416481018,0.083723284304142,0.05079616233706474,16,16
1,48,0.27508747577667236,0.06772468239068985,0.05081821233034134,16,16
1,49,0.273429274559021,0.07378607988357544,0.05083981528878212,16,16
1,50,0.22271662950515747,0.07078515738248825,0.05086115375161171,16,16
1,51,0.26995164155960083,0.08865764737129211,0.05088179185986519,16,16
1,52,0.3096730709075928,0.12852023541927338,0.05090320110321045,16,16
1,53,0.30557626485824585,0.10524046421051025,0.05092499405145645,16,16
1,54,0.18046671152114868,0.09965339303016663,0.05094720423221588,16,16
1,55,0.19290465116500854,0.10427062213420868,0.050969354808330536,16,16
1,56,0.33532190322875977,0.14723177254199982,0.05099145695567131,16,16
1,57,0.23528486490249634,0.11866963654756546,0.05101347714662552,16,16
1,58,0.15010619163513184,0.09114236384630203,0.05103539675474167,16,16
1,59,0.23817884922027588,0.12537287175655365,0.05105607211589813,16,16
1,60,0.24469643831253052,0.1336418092250824,0.051074832677841187,16,16
1,61,0.18639308214187622,0.1098010316491127,0.05109395831823349,16,16
1,62,0.2760874629020691,0.16585755348205566,0.051111578941345215,16,16
1,63,0.25269317626953125,0.14823976159095764,0.05112608149647713,16,16
1,64,0.19906193017959595,0.13129448890686035,0.05114046856760979,16,16
1,65,0.2513381242752075,0.14705060422420502,0.051153093576431274,16,16
1,66,0.2838601768016815,0.18893611431121826,0.05116093158721924,16,16
1,67,0.23999303579330444,0.1797531098127365,0.051165856420993805,16,16
1,68,0.11846292018890381,0.0793440192937851,0.051170606166124344,16,16
1,69,0.3077657222747803,0.17572665214538574,0.051174771040678024,16,16
1,70,0.20515120029449463,0.14939464628696442,0.05117885768413544,16,16
1,71,0.2149295210838318,0.15084049105644226,0.05118115246295929,16,16
1,72,0.28986090421676636,0.18633976578712463,0.05117950960993767,16,16
1,73,0.23022812604904175,0.13255606591701508,0.05117730423808098,16,16
1,74,0.19869297742843628,0.14591364562511444,0.05117444694042206,16,16
1,75,0.1824992299079895,0.147883340716362,0.05116872861981392,16,16
1,76,0.14587709307670593,0.11559244990348816,0.05116235092282295,16,16
1,77,0.20504313707351685,0.15375611186027527,0.051156461238861084,16,16
1,78,0.17107710242271423,0.1221863329410553,0.051151152700185776,16,16
1,79,0.17986467480659485,0.13217438757419586,0.0511457733809948,16,16
1,80,0.24380731582641602,0.14612968266010284,0.051139719784259796,16,16
1,81,0.17152422666549683,0.1423577070236206,0.05113508179783821,16,16
1,82,0.1109619140625,0.11362011730670929,0.05113119259476662,16,16
1,83,0.22219055891036987,0.15311485528945923,0.05112612619996071,16,16
1,84,0.18633663654327393,0.16999295353889465,0.05112586170434952,16,16
1,85,0.2833704948425293,0.16258828341960907,0.05112658068537712,16,16
1,86,0.1808646321296692,0.1459462195634842,0.05112648755311966,16,16
1,87,0.19891414046287537,0.14208261668682098,0.05112789571285248,16,16
1,88,0.32788151502609253,0.17569954693317413,0.051128994673490524,16,16
1,89,0.3461393713951111,0.2162829041481018,0.05112920328974724,16,16
1,90,0.2830426096916199,0.25365644693374634,0.0511312261223793,16,16
1,91,0.18840175867080688,0.1423088163137436,0.051134224981069565,16,16
1,92,0.18751871585845947,0.15145182609558105,0.05113638937473297,16,16
1,93,0.17822372913360596,0.14538520574569702,0.05114169791340828,16,16
1,94,0.1349623203277588,0.1159127727150917,0.05114893615245819,16,16
1,95,0.09960776567459106,0.10689377039670944,0.05115770176053047,16,16
1,96,0.15355977416038513,0.13041192293167114,0.051166657358407974,16,16
1,97,0.1949997842311859,0.1571160852909088,0.051175087690353394,16,16
1,98,0.26659488677978516,0.18510577082633972,0.0511847548186779,16,16
1,99,0.12757670879364014,0.1398131102323532,0.051193635910749435,16,16
1,100,0.07044735550880432,0.07920725643634796,0.05120198428630829,16,16
1,101,0.15392372012138367,0.19427095353603363,0.05121270939707756,16,16
1,102,0.27958443760871887,0.20948369801044464,0.05122242867946625,16,16
1,103,0.19321346282958984,0.16178222000598907,0.05122910812497139,16,16
1,104,0.238711416721344,0.19192461669445038,0.05123790353536606,16,16
1,105,0.17271360754966736,0.21161916851997375,0.051240406930446625,16,16
1,106,0.11008983850479126,0.0984630137681961,0.051243141293525696,16,16
1,107,0.10576838254928589,0.11581214517354965,0.051244787871837616,16,16
1,108,0.08139735460281372,0.10973180085420609,0.05124777555465698,16,16
1,109,0.09516921639442444,0.11913111060857773,0.05124979466199875,16,16
1,110,0.1862746775150299,0.20838727056980133,0.05125138536095619,16,16
1,111,0.1166987419128418,0.14787259697914124,0.0512557290494442,16,16
1,112,0.09244799613952637,0.11256072670221329,0.05126045271754265,16,16
1,113,0.3547748923301697,0.49563169479370117,0.05126821622252464,16,16
1,114,0.15047895908355713,0.19993336498737335,0.051276084035634995,16,16
1,115,0.14621543884277344,0.151772141456604,0.051284052431583405,16,16
1,116,0.14854329824447632,0.17289097607135773,0.05129067599773407,16,16
1,117,0.12548398971557617,0.14852242171764374,0.05129548907279968,16,16
1,118,0.15068209171295166,0.16033712029457092,0.051298342645168304,16,16
1,119,0.07209524512290955,0.100794218480587,0.051300909370183945,16,16
1,120,0.07207036018371582,0.12200462073087692,0.0513017401099205,16,16
1,121,0.13807174563407898,0.17319636046886444,0.05130121856927872,16,16
1,122,0.0866428017616272,0.10110476613044739,0.05130127817392349,16,16
1,123,0.09893614053726196,0.17562450468540192,0.05130331218242645,16,16
1,124,0.05842006206512451,0.11735698580741882,0.05130382999777794,16,16
1,125,0.10093271732330322,0.13888250291347504,0.05130394548177719,16,16
1,126,0.05846095085144043,0.09797690808773041,0.05130472779273987,16,16
1,127,0.1981874704360962,0.22799235582351685,0.05130361393094063,16,16
1,128,0.12096428871154785,0.14669010043144226,0.05130566284060478,16,16
1,129,0.25376713275909424,0.26211702823638916,0.05130796879529953,16,16
1,130,0.06350654363632202,0.0989157110452652,0.05131020024418831,16,16
1,131,0.10893934965133667,0.13979807496070862,0.05131290853023529,16,16
1,132,0.06384831666946411,0.13601091504096985,0.0513182207942009,16,16
1,133,0.18839943408966064,0.2620299756526947,0.05132507532835007,16,16
1,134,0.1362878978252411,0.20750035345554352,0.051335543394088745,16,16
1,135,0.2712761163711548,0.3634634017944336,0.0513484850525856,16,16
1,136,0.027347803115844727,0.05859944969415665,0.05136003717780113,16,16
1,137,0.06999900937080383,0.11711437255144119,0.051370516419410706,16,16
1,138,0.04074221849441528,0.09656835347414017,0.05137977749109268,16,16
1,139,0.10968253016471863,0.14677730202674866,0.051390793174505234,16,16
1,140,0.02036052942276001,0.05546906962990761,0.051400210708379745,16,16
1,141,0.06084102392196655,0.15637072920799255,0.05140524357557297,16,16
1,142,0.03358456492424011,0.1502474844455719,0.0514061264693737,16,16
1,143,0.1011570394039154,0.15061607956886292,0.05140750855207443,16,16
1,144,0.14527496695518494,0.21388939023017883,0.051410920917987823,16,16
1,145,0.040363579988479614,0.0806942880153656,0.05141459405422211,16,16
1,146,0.11492222547531128,0.20110005140304565,0.05141451954841614,16,16
1,147,0.05675619840621948,0.16969817876815796,0.05141745135188103,16,16
1,148,0.05863294005393982,0.11397623270750046,0.05142059177160263,16,16
1,149,0.05416157841682434,0.11881306767463684,0.05142546445131302,16,16
1,150,0.14551493525505066,0.44580385088920593,0.0514359213411808,16,16
1,151,0.019938111305236816,0.06836587190628052,0.05144486576318741,16,16
1,152,0.15022006630897522,0.31229695677757263,0.05145685374736786,16,16
1,153,0.09083437919616699,0.19508230686187744,0.051468875259160995,16,16
1,154,0.1729176938533783,0.4525165557861328,0.05148645490407944,16,16
1,155,0.11511692404747009,0.18849626183509827,0.051504261791706085,16,16
1,156,0.04770532250404358,0.08710835129022598,0.051519643515348434,16,16
1,157,0.10481852293014526,0.15867483615875244,0.05153149738907814,16,16
1,158,0.11405649781227112,0.15893135964870453,0.05153949186205864,16,16
1,159,0.10793378949165344,0.36247918009757996,0.05153908208012581,16,16
1,160,0.06960290670394897,0.16278301179409027,0.05153576284646988,16,16
1,161,0.15692377090454102,0.41503462195396423,0.05152514576911926,16,16
1,162,0.062461599707603455,0.14240801334381104,0.05151342228055,16,16
1,163,0.0745200663805008,0.3981820344924927,0.05149710923433304,16,16
1,164,0.09639284014701843,0.14683502912521362,0.051483403891325,16,16
1,165,0.08265271782875061,0.1538446843624115,0.05146992951631546,16,16
1,166,0.10546919703483582,0.301050066947937,0.05146154388785362,16,16
1,167,0.034351885318756104,0.10241872817277908,0.05145329236984253,16,16
1,168,0.18933874368667603,0.43742185831069946,0.051449473947286606,16,16
1,169,0.09748151898384094,0.1833021640777588,0.05144672840833664,16,16
1,170,0.10882312059402466,0.19370140135288239,0.05144473910331726,16,16
1,171,0.10650330781936646,0.1737162470817566,0.05144291743636131,16,16
1,172,0.053183019161224365,0.11621282994747162,0.05144272372126579,16,16
1,173,0.07772070169448853,0.1353953331708908,0.051443446427583694,16,16
1,174,0.08286094665527344,0.19502073526382446,0.05144482105970383,16,16
1,175,0.037243008613586426,0.08645501732826233,0.0514470674097538,16,16
1,176,0.09699353575706482,0.21945206820964813,0.05144903063774109,16,16
1,177,0.17921987175941467,0.353973925113678,0.051447976380586624,16,16
1,178,0.19657769799232483,0.34718912839889526,0.05145087465643883,16,16
1,179,0.0926007330417633,0.2090684324502945,0.05145562067627907,16,16
1,180,0.03359782695770264,0.11523023247718811,0.051461752504110336,16,16
1,181,0.04952782392501831,0.120279960334301,0.05146702378988266,16,16
1,182,0.06720948219299316,0.18965961039066315,0.051469702273607254,16,16
1,183,0.03365248441696167,0.10850828140974045,0.051470935344696045,16,16
1,184,0.15771159529685974,0.27058061957359314,0.0514710508286953,16,16
1,185,0.03484475612640381,0.1037931740283966,0.05147232115268707,16,16
1,186,0.09439784288406372,0.18809236586093903,0.051472846418619156,16,16
1,187,0.04780176281929016,0.1133955642580986,0.05147445201873779,16,16
1,188,0.03589034080505371,0.063471220433712,0.051475975662469864,16,16
1,189,0.04448840022087097,0.12661324441432953,0.05147864297032356,16,16
1,190,0.023671895265579224,0.06213938072323799,0.051481377333402634,16,16
1,191,0.08699840307235718,0.23133353888988495,0.051482707262039185,16,16
1,192,0.11160027980804443,0.2338113635778427,0.051482170820236206,16,16
1,193,0.24522942304611206,0.46220123767852783,0.051479388028383255,16,16
1,194,0.02443253993988037,0.07830829918384552,0.05147657170891762,16,16
1,195,0.04454833269119263,0.09697089344263077,0.05147475004196167,16,16
1,196,0.12014138698577881,0.3099648952484131,0.051476430147886276,16,16
1,197,0.02684733271598816,0.11416684091091156,0.05147729441523552,16,16
1,198,0.1225283145904541,0.3132959008216858,0.05147558078169823,16,16
1,199,0.05061781406402588,0.1317751556634903,0.051475170999765396,16,16
1,200,0.06718161702156067,0.21887055039405823,0.05147542804479599,16,16
1,201,0.05288976430892944,0.16667672991752625,0.05147739499807358,16,16
1,202,0.22580331563949585,0.5393443703651428,0.05147416889667511,16,16
1,203,0.05414104461669922,0.18878796696662903,0.051473598927259445,9,9
2,0,0.05797147750854492,0.14328594505786896,0.05147482082247734,16,16
2,1,0.22805553674697876,0.4345705211162567,0.05147175118327141,16,16
2,2,0.02970486879348755,0.08687607198953629,0.05147026851773262,16,16
2,3,0.06858772039413452,0.27762511372566223,0.05147190019488335,16,16
2,4,0.053275346755981445,0.13540366291999817,0.05147538334131241,16,16
2,5,0.08466467261314392,0.2541120946407318,0.051479633897542953,16,16
2,6,0.08218541741371155,0.22384895384311676,0.05148395150899887,16,16
2,7,0.06905472278594971,0.13984720408916473,0.05148876830935478,16,16
2,8,0.04835522174835205,0.10957752913236618,0.051493361592292786,16,16
2,9,0.06059306859970093,0.11768420040607452,0.051498040556907654,16,16
2,10,0.04856017231941223,0.1290884017944336,0.05150342360138893,16,16
2,11,0.032855093479156494,0.10130975395441055,0.05150715634226799,16,16
2,12,0.047007083892822266,0.14782245457172394,0.05150908976793289,16,16
2,13,0.03328016400337219,0.15166452527046204,0.05151038616895676,16,16
2,14,0.07389384508132935,0.17426460981369019,0.05151158571243286,16,16
2,15,0.06788718700408936,0.1272340565919876,0.05151239037513733,16,16
2,16,0.03972753882408142,0.222383052110672,0.05151056870818138,16,16
2,17,0.017460495233535767,0.11127455532550812,0.05150817334651947,16,16
2,18,0.06135806441307068,0.17707496881484985,0.05150613561272621,16,16
2,19,0.21245983242988586,0.5164854526519775,0.051498737186193466,16,16
2,20,0.03214293718338013,0.13970480859279633,0.051490798592567444,16,16
2,21,0.09671950340270996,0.27642855048179626,0.05148318409919739,16,16
2,22,0.04487884044647217,0.1331252008676529,0.05147796496748924,16,16
2,23,0.021910786628723145,0.11374959349632263,0.05147501826286316,16,16
2,24,0.0298575758934021,0.14259381592273712,0.05147475004196167,16,16
2,25,0.16695952415466309,0.4828883111476898,0.051474519073963165,16,16
2,26,0.045819103717803955,0.19265535473823547,0.051477253437042236,16,16
2,27,0.04117119312286377,0.2366136908531189,0.05148332566022873,16,16
2,28,0.064970463514328,0.1672562211751938,0.051489319652318954,16,16
2,29,0.06998458504676819,0.21274177730083466,0.05149731785058975,16,16
2,30,0.12464004755020142,0.26463767886161804,0.05150597169995308,16,16
2,31,0.09653815627098083,0.19659239053726196,0.051513563841581345,16,16
2,32,0.027840375900268555,0.0893835723400116,0.05152134597301483,16,16
2,33,0.03812539577484131,0.12536649405956268,0.05152934044599533,16,16
2,34,0.15407297015190125,0.39764490723609924,0.05153655260801315,16,16
2,35,0.048220425844192505,0.2510851323604584,0.05154016613960266,16,16
2,36,0.10008633136749268,0.24800249934196472,0.05154399201273918,16,16
2,37,0.23203682899475098,0.4428061544895172,0.051548708230257034,16,16
2,38,0.04576370120048523,0.24398212134838104,0.05155077204108238,16,16
2,39,0.02451452612876892,0.08513016253709793,0.05155227705836296,16,16
2,40,0.03182676434516907,0.140938863158226,0.051555342972278595,16,16
2,41,0.01941320300102234,0.06632151454687119,0.05155779421329498,16,16
2,42,0.061488181352615356,0.12560506165027618,0.05155978724360466,16,16
2,43,0.03918987512588501,0.10907448083162308,0.05156257003545761,16,16
2,44,0.04069986939430237,0.07732835412025452,0.0515652671456337,16,16
2,45,0.029163077473640442,0.07900408655405045,0.05156787857413292,16,16
2,46,0.022481203079223633,0.07415804266929626,0.05157027766108513,16,16
2,47,0.14259952306747437,0.3758978545665741,0.05157400295138359,16,16
2,48,0.06008946895599365,0.1607559472322464,0.05157642811536789,16,16
2,49,0.026195228099822998,0.11215118318796158,0.051578082144260406,16,16
2,50,0.05181202292442322,0.18971936404705048,0.05158012732863426,16,16
2,51,0.08892789483070374,0.36927148699760437,0.051580749452114105,16,16
2,52,0.25365301966667175,0.6103448867797852,0.05158573016524315,16,16
2,53,0.01587611436843872,0.04227512702345848,0.05159025639295578,16,16
2,54,0.04013746976852417,0.11283420771360397,0.05159403011202812,16,16
2,55,0.11308413743972778,0.54066401720047,0.05160343274474144,16,16
2,56,0.056335628032684326,0.22516696155071259,0.05160953477025032,16,16
2,57,0.02012653648853302,0.050926290452480316,0.051614996045827866,16,16
2,58,0.10246983170509338,0.3643127679824829,0.05162172019481659,16,16
2,59,0.1114044189453125,0.2331904023885727,0.05162741243839264,16,16
2,60,0.01474618911743164,0.12389491498470306,0.05163116008043289,16,16
2,61,0.05067834258079529,0.23041203618049622,0.05163174495100975,16,16
2,62,0.04235304892063141,0.2562271058559418,0.05162951350212097,16,16
2,63,0.06217630207538605,0.18630392849445343,0.05162573978304863,16,16
2,64,0.0463411808013916,0.28027868270874023,0.05161931738257408,16,16
2,65,0.05080908536911011,0.2236485779285431,0.051613908261060715,16,16
2,66,0.012866437435150146,0.0684102401137352,0.051608286798000336,16,16
2,67,0.26052671670913696,0.5985195636749268,0.05160773545503616,16,16
2,68,0.01761406660079956,0.05750976502895355,0.05160750448703766,16,16
2,69,0.008943408727645874,0.06048113852739334,0.05160672962665558,16,16
2,70,0.21801269054412842,0.403103232383728,0.05160290747880936,16,16
2,71,0.10842996835708618,0.3682537078857422,0.05159996449947357,16,16
2,72,0.011988580226898193,0.053464364260435104,0.0515977144241333,16,16
2,73,0.016835153102874756,0.053175460547208786,0.05159575492143631,16,16
2,74,0.020960867404937744,0.10070155560970306,0.05159476026892662,16,16
2,75,0.17202505469322205,0.41958165168762207,0.051589466631412506,16,16
2,76,0.11135664582252502,0.39522525668144226,0.051582932472229004,16,16
2,77,0.03748750686645508,0.12391209602355957,0.05157824233174324,16,16
2,78,0.05636018514633179,0.14950548112392426,0.0515756756067276,16,16
2,79,0.03966248035430908,0.18126647174358368,0.051575422286987305,16,16
2,80,0.093838632106781,0.27438509464263916,0.05157752335071564,16,16
2,81,0.03543567657470703,0.14904233813285828,0.05158097296953201,16,16
2,82,0.036949217319488525,0.15573419630527496,0.051586199551820755,16,16
2,83,0.1310468316078186,0.46403032541275024,0.051590725779533386,16,16
2,84,0.04996347427368164,0.34968680143356323,0.051595598459243774,16,16
2,85,0.02472907304763794,0.10784099996089935,0.05160088837146759,16,16
2,86,0.1369357705116272,0.6561520099639893,0.05160761997103691,16,16
2,87,0.017494916915893555,0.07435332238674164,0.05161460116505623,16,16
2,88,0.07854065299034119,0.2282497137784958,0.051621612161397934,16,16
2,89,0.03453990817070007,0.16829104721546173,0.05162791535258293,16,16
2,90,0.058653324842453,0.16259366273880005,0.05163320526480675,16,16
2,91,0.016530364751815796,0.05981461703777313,0.05163844674825668,16,16
2,92,0.02451765537261963,0.0838407427072525,0.05164302513003349,16,16
2,93,0.02456963062286377,0.18085609376430511,0.05164511129260063,16,16
2,94,0.04427462816238403,0.2343556433916092,0.051646750420331955,16,16
2,95,0.04787552356719971,0.10525829344987869,0.0516485720872879,16,16
2,96,0.06290724873542786,0.1645289957523346,0.05165007710456848,16,16
2,97,0.011222422122955322,0.0389801450073719,0.05165179818868637,16,16
2,98,0.041937828063964844,0.13169261813163757,0.05165461078286171,16,16
2,99,0.17196214199066162,0.34717148542404175,0.051657434552907944,16,16
2,100,0.07688573002815247,0.21439556777477264,0.05165990814566612,16,16
2,101,0.025218188762664795,0.11158818751573563,0.05166172236204147,16,16
2,102,0.009694874286651611,0.031888410449028015,0.0516636036336422,16,16
2,103,0.017936378717422485,0.0581701397895813,0.05166514962911606,16,16
2,104,0.03361891210079193,0.11577314883470535,0.051667142659425735,16,16
2,105,0.027781367301940918,0.10484205186367035,0.05166909471154213,16,16
2,106,0.02758193016052246,0.11083409190177917,0.05167084559798241,16,16
2,107,0.02964949607849121,0.09034883230924606,0.0516723170876503,16,16
2,108,0.07204270362854004,0.3814042806625366,0.05167241767048836,16,16
2,109,0.022855162620544434,0.08119522780179977,0.051673248410224915,16,16
2,110,0.02688688039779663,0.14281177520751953,0.051675811409950256,16,16
2,111,0.038657546043395996,0.2099834382534027,0.05167947709560394,16,16
2,112,0.025034278631210327,0.08944813907146454,0.0516824834048748,16,16
2,113,0.010832101106643677,0.0822192132472992,0.05168434977531433,16,16
2,114,0.06867218017578125,0.443318247795105,0.051691096276044846,16,16
2,115,0.040262818336486816,0.14757150411605835,0.051698725670576096,16,16
2,116,0.041265785694122314,0.21430949866771698,0.05170688405632973,16,16
2,117,0.009669750928878784,0.04321323707699776,0.05171462520956993,16,16
2,118,0.07786989212036133,0.37736260890960693,0.05172333866357803,16,16
2,119,0.0748203843832016,0.7135188579559326,0.05172223970293999,16,16
2,120,0.014684438705444336,0.11146487295627594,0.05172022804617882,16,16
2,121,0.016265004873275757,0.09054140001535416,0.05171777307987213,16,16
2,122,0.02003195881843567,0.16077066957950592,0.051714181900024414,16,16
2,123,0.04304017126560211,0.2657027542591095,0.051708560436964035,16,16
2,124,0.044340431690216064,0.13853247463703156,0.05170367285609245,16,16
2,125,0.031557947397232056,0.1470019370317459,0.05170057341456413,16,16
2,126,0.0245017409324646,0.18786686658859253,0.05170011892914772,16,16
2,127,0.15481138229370117,0.762058436870575,0.05170227959752083,16,16
2,128,0.10807281732559204,0.3154267370700836,0.0517025962471962,16,16
2,129,0.04164665937423706,0.2421308010816574,0.051704876124858856,16,16
2,130,0.00989389419555664,0.09630532562732697,0.05170830339193344,16,16
2,131,0.06092715263366699,0.22688132524490356,0.05171101540327072,16,16
2,132,0.005510985851287842,0.023938743397593498,0.051713693886995316,16,16
2,133,0.011174231767654419,0.07836172729730606,0.05171686038374901,16,16
2,134,0.010887295007705688,0.04194129258394241,0.05172014608979225,16,16
2,135,0.021578431129455566,0.07988154888153076,0.05172370374202728,16,16
2,136,0.05053111910820007,0.17675365507602692,0.05172903090715408,16,16
2,137,0.06787541508674622,0.3057641088962555,0.051736101508140564,16,16
2,138,0.005239248275756836,0.030349157750606537,0.051742833107709885,16,16
2,139,0.022044986486434937,0.06902662664651871,0.051749322563409805,16,16
2,140,0.02649417519569397,0.08670353144407272,0.05175520107150078,16,16
2,141,0.09006300568580627,0.3763886094093323,0.051758162677288055,16,16
2,142,0.027060627937316895,0.1180494874715805,0.05176108703017235,16,16
2,143,0.10075075924396515,0.6265947222709656,0.05175860971212387,16,16
2,144,0.02805468440055847,0.1084604263305664,0.05175652354955673,16,16
2,145,0.10682424902915955,0.30090588331222534,0.05175493657588959,16,16
2,146,0.09212756156921387,0.4028017222881317,0.05175011232495308,16,16
2,147,0.03318735957145691,0.3592222034931183,0.05175018310546875,16,16
2,148,0.010833591222763062,0.0597187802195549,0.051750630140304565,16,16
2,149,0.0406050980091095,0.20098574459552765,0.051752351224422455,16,16
2,150,0.00878453254699707,0.04089218005537987,0.05175434798002243,16,16
2,151,0.014091581106185913,0.06500300765037537,0.05175688862800598,16,16
2,152,0.041057288646698,0.41873398423194885,0.051760539412498474,16,16
2,153,0.03195866942405701,0.17259618639945984,0.051763102412223816,16,16
2,154,0.12676334381103516,0.47527217864990234,0.051766447722911835,16,16
2,155,0.08814939856529236,0.2469007968902588,0.05177026242017746,16,16
2,156,0.008938193321228027,0.042333025485277176,0.051773618906736374,16,16
2,157,0.013808906078338623,0.045704688876867294,0.05177640542387962,16,16
2,158,0.016752630472183228,0.08271189779043198,0.051778774708509445,16,16
2,159,0.06682506203651428,0.40330949425697327,0.05177892744541168,16,16
2,160,0.06298983097076416,0.24111409485340118,0.051779355853796005,16,16
2,161,0.01371079683303833,0.05331961065530777,0.05178031697869301,16,16
2,162,0.028087526559829712,0.15990141034126282,0.05178080126643181,16,16
2,163,0.019118160009384155,0.10257775336503983,0.051780737936496735,16,16
2,164,0.0210840106010437,0.1061440259218216,0.0517800934612751,16,16
2,165,0.2181902825832367,0.9624223709106445,0.05178714171051979,16,16
2,166,0.013615816831588745,0.05541497841477394,0.05179373547434807,16,16
2,167,0.039659351110458374,0.5175787806510925,0.05180385336279869,16,16
2,168,0.08874347805976868,0.4282515347003937,0.05180858448147774,16,16
2,169,0.07382470369338989,0.21881435811519623,0.05181213840842247,16,16
2,170,0.0187472403049469,0.08685302734375,0.051814768463373184,16,16
2,171,0.01973336935043335,0.1527826488018036,0.051815543323755264,16,16
2,172,0.1380571871995926,0.4693564176559448,0.05181683972477913,16,16
2,173,0.035740822553634644,0.1621657758951187,0.051816798746585846,16,16
2,174,0.03270745277404785,0.2303379625082016,0.05181438475847244,16,16
2,175,0.018198877573013306,0.12771403789520264,0.05181098356842995,16,16
2,176,0.05690862238407135,0.4284581243991852,0.05180332809686661,16,16
2,177,0.012531265616416931,0.06340876966714859,0.05179596319794655,16,16
2,178,0.022343426942825317,0.09256643801927567,0.05179006606340408,16,16
2,179,0.018223971128463745,0.06747831404209137,0.05178479850292206,16,16
2,180,0.016413092613220215,0.05387919396162033,0.05178017541766167,16,16
2,181,0.3458401560783386,0.6489428281784058,0.051775671541690826,16,16
2,182,0.03645709156990051,0.20845426619052887,0.051773179322481155,16,16
2,183,0.018830537796020508,0.09697488695383072,0.051770322024822235,16,16
2,184,0.009988486766815186,0.03740363195538521,0.05176806449890137,16,16
2,185,0.06135788559913635,0.20512157678604126,0.051766738295555115,16,16
2,186,0.02165268361568451,0.07039827853441238,0.05176603049039841,16,16
2,187,0.06945428252220154,0.3309818208217621,0.05176577717065811,16,16
2,188,0.09416908025741577,0.3231373131275177,0.051764752715826035,16,16
2,189,0.006325125694274902,0.03013492189347744,0.05176417902112007,16,16
2,190,0.06048583984375,0.3503004014492035,0.051761288195848465,16,16
2,191,0.027680963277816772,0.1115546002984047,0.05175956338644028,16,16
2,192,0.024450838565826416,0.10269574820995331,0.05175917223095894,16,16
2,193,0.02761751413345337,0.10731101781129837,0.05175923556089401,16,16
2,194,0.04021257162094116,0.1279093474149704,0.051760271191596985,16,16
2,195,0.019060611724853516,0.10644857585430145,0.051762256771326065,16,16
2,196,0.07533937692642212,0.5038465261459351,0.051764506846666336,16,16
2,197,0.053254783153533936,0.154885396361351,0.05176733806729317,16,16
2,198,0.03465086221694946,0.0870184451341629,0.05177074298262596,16,16
2,199,0.01462581753730774,0.06512053310871124,0.05177439749240875,16,16
2,200,0.013996869325637817,0.05801456421613693,0.05177808552980423,16,16
2,201,0.021801799535751343,0.07333528995513916,0.05178181827068329,16,16
2,202,0.035545915365219116,0.15708142518997192,0.05178485065698624,16,16
2,203,0.09037182480096817,0.4740075170993805,0.05179249122738838,9,9
3,0,0.030956298112869263,0.11575023829936981,0.051799893379211426,16,16
3,1,0.008721083402633667,0.04351881518959999,0.051806263625621796,16,16
3,2,0.017046064138412476,0.10331317782402039,0.05181092396378517,16,16
3,3,0.02924475073814392,0.18994152545928955,0.0518132783472538,16,16
3,4,0.02094876766204834,0.11207041889429092,0.051814887672662735,16,16
3,5,0.08238321542739868,0.48364150524139404,0.051820993423461914,16,16
3,6,0.018020570278167725,0.12739890813827515,0.05182531476020813,16,16
3,7,0.028906792402267456,0.1253402829170227,0.05182801932096481,16,16
3,8,0.03285491466522217,0.22677868604660034,0.05182856693863869,16,16
3,9,0.025235295295715332,0.09097259491682053,0.051828812807798386,16,16
3,10,0.03740069270133972,0.18128462135791779,0.05182782933115959,16,16
3,11,0.058919161558151245,0.38188692927360535,0.051823023706674576,16,16
3,12,0.01733371615409851,0.08465501666069031,0.051818009465932846,16,16
3,13,0.025590181350708008,0.08518639951944351,0.05181342363357544,16,16
3,14,0.01748320460319519,0.05333595350384712,0.05180937796831131,16,16
3,15,0.00870487093925476,0.0695662721991539,0.05180613696575165,16,16
3,16,0.02842080593109131,0.10853399336338043,0.05180327966809273,16,16
3,17,0.0105818510055542,0.06294824182987213,0.05180110037326813,16,16
3,18,0.03588402271270752,0.08363846689462662,0.05179959163069725,16,16
3,19,0.035616517066955566,0.19054953753948212,0.05179981142282486,16,16
3,20,0.0110282301902771,0.09915584325790405,0.051801301538944244,16,16
3,21,0.022028684616088867,0.09778343141078949,0.0518028549849987,16,16
3,22,0.008930385112762451,0.10053250938653946,0.05180548131465912,16,16
3,23,0.02946588397026062,0.1763061285018921,0.05180910974740982,16,16
3,24,0.021378934383392334,0.1377263367176056,0.05181349068880081,16,16
3,25,0.036406755447387695,0.21828313171863556,0.0518190898001194,16,16
3,26,0.03178781270980835,0.18396404385566711,0.05182550102472305,16,16
3,27,0.007145106792449951,0.05184021592140198,0.05183187127113342,16,16
3,28,0.027036547660827637,0.1656552404165268,0.05183693766593933,16,16
3,29,0.0040295422077178955,0.030985359102487564,0.051841262727975845,16,16
3,30,0.00606045126914978,0.04186871275305748,0.05184490233659744,16,16
3,31,0.03037482500076294,0.29588383436203003,0.05185068026185036,16,16
3,32,0.03104090690612793,0.12025494128465652,0.05185520276427269,16,16
3,33,0.01444825530052185,0.12626469135284424,0.051858410239219666,16,16
3,34,0.012693554162979126,0.06064150482416153,0.051861200481653214,16,16
3,35,0.1455063670873642,0.9548659324645996,0.051867224276065826,16,16
3,36,0.038163863122463226,0.2700405418872833,0.05187566578388214,16,16
3,37,0.0455855056643486,0.19389858841896057,0.051882676780223846,16,16
3,38,0.00811094045639038,0.0423135831952095,0.051888685673475266,16,16
3,39,0.029309511184692383,0.17167745530605316,0.05189233273267746,16,16
3,40,0.16208241879940033,0.5439398884773254,0.051890112459659576,16,16
3,41,0.04996282607316971,0.21993792057037354,0.05188579857349396,16,16
3,42,0.011081188917160034,0.1027636006474495,0.05188094079494476,16,16
3,43,0.03429122269153595,0.14222006499767303,0.05187522992491722,16,16
3,44,0.07570026814937592,0.4208706021308899,0.05187331885099411,16,16
3,45,0.03325849771499634,0.16545544564723969,0.05187145620584488,16,16
3,46,0.026232153177261353,0.14026428759098053,0.05186956748366356,16,16
3,47,0.007896363735198975,0.06010296568274498,0.051868174225091934,16,16
3,48,0.014492154121398926,0.11004896461963654,0.05186792463064194,16,16
3,49,0.03790995478630066,0.37361976504325867,0.05186808109283447,16,16
3,50,0.02079424262046814,0.1358591914176941,0.05186918377876282,16,16
3,51,0.023593783378601074,0.13232146203517914,0.05187051743268967,16,16
3,52,0.031991004943847656,0.27370351552963257,0.051869265735149384,16,16
3,53,0.019704163074493408,0.10171272605657578,0.05186861753463745,16,16
3,54,0.02829858660697937,0.1739044189453125,0.051868949085474014,16,16
3,55,0.21940523386001587,0.9530283212661743,0.05187461897730827,16,16
3,56,0.01377609372138977,0.06520824879407883,0.05187986418604851,16,16
3,57,0.012161701917648315,0.09762491285800934,0.05188421905040741,16,16
3,58,0.01157119870185852,0.05335952714085579,0.05188845098018646,16,16
3,59,0.07917110621929169,0.20162595808506012,0.05189233273267746,16,16
3,60,0.039940476417541504,0.2847428023815155,0.05189358443021774,16,16
3,61,0.013931721448898315,0.10450693219900131,0.05189378559589386,16,16
3,62,0.013405442237854004,0.09814991801977158,0.05189334973692894,16,16
3,63,0.040903180837631226,0.20342575013637543,0.05189434066414833,16,16
3,64,0.027553901076316833,0.09101046621799469,0.051895804703235626,16,16
3,65,0.00378987193107605,0.03573194891214371,0.0518968366086483,16,16
3,66,0.00824284553527832,0.08019060641527176,0.051897164434194565,16,16
3,67,0.02899143099784851,0.1410895437002182,0.05189652740955353,16,16
3,68,0.007860064506530762,0.06340260058641434,0.051895394921302795,16,16
3,69,0.0153484046459198,0.14162565767765045,0.051893189549446106,16,16
3,70,0.014730378985404968,0.2158323973417282,0.05188904330134392,16,16
3,71,0.02759385108947754,0.22992397844791412,0.051886044442653656,16,16
3,72,0.10585090517997742,0.5986751317977905,0.0518888384103775,16,16
3,73,0.04685160517692566,0.11678829789161682,0.051892101764678955,16,16
3,74,0.034932494163513184,0.19109079241752625,0.05189371854066849,16,16
3,75,0.00988258421421051,0.04598051309585571,0.051895055919885635,16,16
3,76,0.002779722213745117,0.023202918469905853,0.05189626291394234,16,16
3,77,0.008412063121795654,0.056688468903303146,0.0518973283469677,16,16
3,78,0.007012695074081421,0.08562781661748886,0.051897577941417694,16,16
3,79,0.010992825031280518,0.08079231530427933,0.05189743638038635,16,16
3,80,0.011150538921356201,0.061955053359270096,0.051897551864385605,16,16
3,81,0.0047109127044677734,0.04000619798898697,0.05189736559987068,16,16
3,82,0.010453954339027405,0.04189189150929451,0.05189745873212814,16,16
3,83,0.06620870530605316,0.5609132051467896,0.05189448967576027,16,16
3,84,0.032150208950042725,0.20755453407764435,0.0518907867372036,16,16
3,85,0.012843161821365356,0.07053624838590622,0.051887836307287216,16,16
3,86,0.005773395299911499,0.030442597344517708,0.05188535153865814,16,16
3,87,0.00367659330368042,0.034247856587171555,0.051883514970541,16,16
3,88,0.005144774913787842,0.08664616197347641,0.05188293382525444,16,16
3,89,0.003923177719116211,0.07347720116376877,0.05188334360718727,16,16
3,90,0.048081159591674805,0.1933673769235611,0.05188422650098801,16,16
3,91,0.015234827995300293,0.11390127241611481,0.05188632756471634,16,16
3,92,0.1052224338054657,0.5323438048362732,0.05189019441604614,16,16
3,93,0.021076172590255737,0.24024280905723572,0.05189629644155502,16,16
3,94,0.02031874656677246,0.11766447871923447,0.051902174949645996,16,16
3,95,0.002687990665435791,0.025166776031255722,0.05190779268741608,16,16
3,96,0.023566484451293945,0.19130370020866394,0.05191340297460556,16,16
3,97,0.005989760160446167,0.030205924063920975,0.05191847309470177,16,16
3,98,0.033793509006500244,0.35304075479507446,0.05192157253623009,16,16
3,99,0.0027279555797576904,0.019932832568883896,0.05192435905337334,16,16
3,100,0.00383913516998291,0.05971759930253029,0.05192642658948898,16,16
3,101,0.019021794199943542,0.10148022323846817,0.0519287995994091,16,16
3,102,0.02031932771205902,0.10112138092517853,0.05193120986223221,16,16
3,103,0.00739365816116333,0.10990222543478012,0.05193234607577324,16,16
3,104,0.022824257612228394,0.09934062510728836,0.051934316754341125,16,16
3,105,0.040271393954753876,0.1838800013065338,0.05193731188774109,16,16
3,106,0.015710055828094482,0.09796255081892014,0.051940351724624634,16,16
3,107,0.003906860947608948,0.036701370030641556,0.05194280296564102,16,16
3,108,0.009165465831756592,0.11132657527923584,0.051943860948085785,16,16
3,109,0.006636530160903931,0.06997178494930267,0.051944129168987274,16,16
3,110,0.021983541548252106,0.11325009912252426,0.05194419249892235,16,16
3,111,0.006650552153587341,0.09543988853693008,0.05194335803389549,16,16
3,112,0.013499289751052856,0.05685931071639061,0.051942385733127594,16,16
3,113,0.013740956783294678,0.22709935903549194,0.051939647644758224,16,16
3,114,0.002968698740005493,0.02106410078704357,0.051937054842710495,16,16
3,115,0.009196415543556213,0.0976443663239479,0.05193399265408516,16,16
3,116,0.32023853063583374,1.5363945960998535,0.051937300711870193,16,16
3,117,0.015299350023269653,0.10609506070613861,0.05194084718823433,16,16
3,118,0.06344971060752869,0.6153430342674255,0.05194910243153572,16,16
3,119,0.011764436960220337,0.11837057024240494,0.05195741727948189,16,16
3,120,0.05689803510904312,0.5642173290252686,0.05195915326476097,16,16
3,121,0.005317091941833496,0.052115634083747864,0.05196034535765648,16,16
3,122,0.017136573791503906,0.17995457351207733,0.05196073651313782,16,16
3,123,0.017919763922691345,0.24235424399375916,0.051958996802568436,16,16
3,124,0.014468371868133545,0.15154050290584564,0.05195603519678116,16,16
3,125,0.05080312490463257,0.5754043459892273,0.05195363238453865,16,16
3,126,0.00735047459602356,0.08377465605735779,0.05195130407810211,16,16
3,127,0.002332627773284912,0.01566857285797596,0.0519491583108902,16,16
3,128,0.1692752093076706,1.229188323020935,0.05195662006735802,16,16
3,129,0.00505867600440979,0.036337003111839294,0.051963239908218384,16,16
3,130,0.0195637047290802,0.1907685548067093,0.051967643201351166,16,16
3,131,0.08571451902389526,0.3583841919898987,0.051973938941955566,16,16
3,132,0.04079756885766983,0.4497053325176239,0.05197563022375107,16,16
3,133,0.020326629281044006,0.19377553462982178,0.05197549983859062,16,16
3,134,0.010492324829101562,0.15406809747219086,0.0519741028547287,16,16
3,135,0.04135142266750336,0.23563891649246216,0.051973856985569,16,16
3,136,0.061326414346694946,0.24545826017856598,0.05197395011782646,16,16
3,137,0.014178991317749023,0.07184476405382156,0.05197364464402199,16,16
3,138,0.01676461100578308,0.10762487351894379,0.051973044872283936,16,16
3,139,0.004988610744476318,0.059476397931575775,0.05197205767035484,16,16
3,140,0.0034504830837249756,0.0165217574685812,0.05197126045823097,16,16
3,141,0.010989218950271606,0.112788625061512,0.051969848573207855,16,16
3,142,0.003247380256652832,0.02098529227077961,0.05196860805153847,16,16
3,143,0.020363420248031616,0.17648109793663025,0.05196838453412056,16,16
3,144,0.025470852851867676,0.13828273117542267,0.051967911422252655,16,16
3,145,0.0066640377044677734,0.05194491147994995,0.05196728929877281,16,16
3,146,0.0009263753890991211,0.00538781750947237,0.051966775208711624,16,16
3,147,0.004876583814620972,0.030552132055163383,0.051966551691293716,16,16
3,148,0.04549822211265564,0.918141782283783,0.05196800082921982,16,16
3,149,0.38905566930770874,0.8689444065093994,0.051967259496450424,16,16
3,150,0.0038996338844299316,0.030610045418143272,0.05196690186858177,16,16
3,151,0.007923901081085205,0.0653555616736412,0.05196675285696983,16,16
3,152,0.0037043094635009766,0.02037414349615574,0.051966775208711624,16,16
3,153,0.06946932524442673,0.3133181035518646,0.05196525901556015,16,16
3,154,0.004352957010269165,0.029180467128753662,0.05196388438344002,16,16
3,155,0.021200597286224365,0.11093143373727798,0.05196340009570122,16,16
3,156,0.043698906898498535,0.37385034561157227,0.051962945610284805,16,16
3,157,0.01411658525466919,0.1093238964676857,0.051963262259960175,16,16
3,158,0.005122333765029907,0.02470284141600132,0.051963627338409424,16,16
3,159,0.007302135229110718,0.07939673215150833,0.05196458101272583,16,16
3,160,0.009904205799102783,0.08565647900104523,0.051965564489364624,16,16
3,161,0.022992849349975586,0.24481165409088135,0.05196738615632057,16,16
3,162,0.004033565521240234,0.02070213109254837,0.0519690103828907,16,16
3,163,0.033936768770217896,0.2709363102912903,0.051972635090351105,16,16
3,164,0.015531614422798157,0.07760130614042282,0.05197647958993912,16,16
3,165,0.03942936658859253,0.21790769696235657,0.05198177695274353,16,16
3,166,0.021503672003746033,0.10482615232467651,0.05198593810200691,16,16
3,167,0.03301107883453369,0.11772922426462173,0.05198895186185837,16,16
3,168,0.012623637914657593,0.07554534822702408,0.051991164684295654,16,16
3,169,0.02568081021308899,0.17675729095935822,0.0519932322204113,16,16
3,170,0.10942554473876953,0.5642343163490295,0.05199950933456421,16,16
3,171,0.008110374212265015,0.06658458709716797,0.052004553377628326,16,16
3,172,0.11345450580120087,0.6545550227165222,0.05201123654842377,16,16
3,173,0.142320454120636,0.7058595418930054,0.05201300233602524,16,16
3,174,0.040563881397247314,0.1629326343536377,0.05201355367898941,16,16
3,175,0.05032473802566528,0.10851415991783142,0.05201369524002075,16,16
3,176,0.01709596812725067,0.12383254617452621,0.05201273038983345,16,16
3,177,0.016393035650253296,0.04816305264830589,0.05201181769371033,16,16
3,178,0.030640095472335815,0.24001950025558472,0.05200937017798424,16,16
3,179,0.013911172747612,0.05957106500864029,0.05200700834393501,16,16
3,180,0.15742796659469604,0.233730286359787,0.05200599506497383,16,16
3,181,0.03927139937877655,0.34982210397720337,0.05200176313519478,16,16
3,182,0.15533655881881714,0.4337235391139984,0.05199982598423958,16,16
3,183,0.04721975326538086,0.3858252763748169,0.05199666693806648,16,16
3,184,0.013277173042297363,0.07017625123262405,0.05199364572763443,16,16
3,185,0.029514774680137634,0.1692398339509964,0.051990706473588943,16,16
3,186,0.02181321382522583,0.13808979094028473,0.05198771134018898,16,16
3,187,0.10601603984832764,0.46749091148376465,0.05198563262820244,16,16
3,188,0.06592631340026855,0.23689456284046173,0.05198398977518082,16,16
3,189,0.08304154872894287,0.4922526776790619,0.051980096846818924,16,16
3,190,0.01396992802619934,0.12027425318956375,0.051976125687360764,16,16
3,191,0.030130863189697266,0.16953465342521667,0.051971931010484695,16,16
3,192,0.017773419618606567,0.12273091822862625,0.05196940526366234,16,16
3,193,0.03158468008041382,0.20650000870227814,0.05196887627243996,16,16
3,194,0.03389930725097656,0.22787775099277496,0.051970481872558594,16,16
3,195,0.022442668676376343,0.19211512804031372,0.0519736111164093,16,16
3,196,0.06030118465423584,0.2565806210041046,0.05197649076581001,16,16
3,197,0.006132930517196655,0.07709796726703644,0.051979999989271164,16,16
3,198,0.04827225208282471,0.2580306828022003,0.051981907337903976,16,16
3,199,0.09921687841415405,0.4863564074039459,0.051980189979076385,16,16
3,200,0.016036570072174072,0.26167047023773193,0.051979731768369675,16,16
3,201,0.011570572853088379,0.13858211040496826,0.05198086053133011,16,16
3,202,0.011351406574249268,0.09821756929159164,0.05198262259364128,16,16
3,203,0.00450452184304595,0.0680331438779831,0.0519847609102726,9,9
4,0,0.0038943886756896973,0.0243891142308712,0.05198695883154869,16,16
4,1,0.022190481424331665,0.1025804653763771,0.051988910883665085,16,16
4,2,0.016754597425460815,0.19147999584674835,0.05199190229177475,16,16
4,3,0.04826188087463379,0.6224920749664307,0.05199836939573288,16,16
4,4,0.005879387259483337,0.05406623333692551,0.05200379714369774,16,16
4,5,0.006351590156555176,0.04481267184019089,0.05200834944844246,16,16
4,6,0.021928489208221436,0.1267918199300766,0.05201210454106331,16,16
4,7,0.03374148905277252,0.16507959365844727,0.05201442539691925,16,16
4,8,0.023536354303359985,0.15619505941867828,0.052015937864780426,16,16
4,9,0.02867227792739868,0.22370581328868866,0.052015919238328934,16,16
4,10,0.01995415985584259,0.15001000463962555,0.05201607197523117,16,16
4,11,0.02491527795791626,0.11131642013788223,0.05201571807265282,16,16
4,12,0.039437904953956604,0.16290123760700226,0.052015386521816254,16,16
4,13,0.025165170431137085,0.16156338155269623,0.05201520025730133,16,16
4,14,0.00902751088142395,0.048760052770376205,0.0520147979259491,16,16
4,15,0.017661064863204956,0.20943903923034668,0.05201655253767967,16,16
4,16,0.03768567740917206,0.2706512212753296,0.05201617628335953,16,16
4,17,0.010508954524993896,0.06705203652381897,0.05201613903045654,16,16
4,18,0.009055078029632568,0.0446910560131073,0.052016377449035645,16,16
4,19,0.008812904357910156,0.06735166907310486,0.05201689526438713,16,16
4,20,0.04130154848098755,0.25924763083457947,0.05201561003923416,16,16
4,21,0.013972088694572449,0.12624263763427734,0.052015844732522964,16,16
4,22,0.0448915958404541,0.22078955173492432,0.052015963941812515,16,16
4,23,0.001888573169708252,0.014742778614163399,0.05201604589819908,16,16
4,24,0.007733389735221863,0.04747256636619568,0.052015818655490875,16,16
4,25,0.014134377241134644,0.09223119914531708,0.05201626941561699,16,16
4,26,0.02692703902721405,0.16215835511684418,0.05201803520321846,16,16
4,27,0.00694429874420166,0.036207254976034164,0.05201983079314232,16,16
4,28,0.030834287405014038,0.3171461522579193,0.05202453210949898,16,16
4,29,0.0045968592166900635,0.0451318621635437,0.05202851817011833,16,16
4,30,0.0040663182735443115,0.030237220227718353,0.05203196778893471,16,16
4,31,0.015524089336395264,0.1033257469534874,0.05203568562865257,16,16
4,32,0.01654946804046631,0.09713305532932281,0.05203946307301521,16,16
4,33,0.00387728214263916,0.045475564897060394,0.05204249545931816,16,16
4,34,0.010191500186920166,0.10962695628404617,0.052044328302145004,16,16
4,35,0.010912507772445679,0.09195837378501892,0.05204673111438751,16,16
4,36,0.02584269642829895,0.15030424296855927,0.052049670368433,16,16
4,37,0.006602585315704346,0.0659678727388382,0.052052877843379974,16,16
4,38,0.01469934731721878,0.2559511065483093,0.052053458988666534,16,16
4,39,0.063439279794693,0.6260415315628052,0.05206049233675003,16,16
4,40,0.02326446771621704,0.1296255886554718,0.05206643417477608,16,16
4,41,0.016240768134593964,0.4162927567958832,0.05206797271966934,16,16
4,42,0.004461944103240967,0.043176498264074326,0.05206899717450142,16,16
4,43,0.00619959831237793,0.06276588141918182,0.05206943675875664,16,16
4,44,0.0046419501304626465,0.044287752360105515,0.052069611847400665,16,16
4,45,0.0038920044898986816,0.035630032420158386,0.05206957831978798,16,16
4,46,0.0018284320831298828,0.037642963230609894,0.052069250494241714,16,16
4,47,0.005838483572006226,0.03818296268582344,0.0520687997341156,16,16
4,48,0.01162499189376831,0.10287802666425705,0.05206811800599098,16,16
4,49,0.009920448064804077,0.068785659968853,0.05206763371825218,16,16
4,50,0.01714608073234558,0.10339865833520889,0.05206736549735069,16,16
4,51,0.004416763782501221,0.06177350878715515,0.05206654220819473,16,16
4,52,0.006633371114730835,0.07372797280550003,0.05206639692187309,16,16
4,53,0.0022215843200683594,0.017993368208408356,0.052066460251808167,16,16
4,54,0.00853070616722107,0.0828072801232338,0.05206715315580368,16,16
4,55,0.006272643804550171,0.07142729312181473,0.05206838622689247,16,16
4,56,0.042512476444244385,0.6392453908920288,0.05206863582134247,16,16
4,57,0.00460776686668396,0.04525056481361389,0.052069250494241714,16,16
4,58,0.022602051496505737,0.15439997613430023,0.052069421857595444,16,16
4,59,0.01787981390953064,0.13709327578544617,0.05206996574997902,16,16
4,60,0.005848526954650879,0.06671054661273956,0.0520712211728096,16,16
4,61,0.024418175220489502,0.22498489916324615,0.052074696868658066,16,16
4,62,0.007748305797576904,0.05247526243329048,0.052078358829021454,16,16
4,63,0.003343135118484497,0.021681969985365868,0.052081674337387085,16,16
4,64,0.019442081451416016,0.2081901580095291,0.05208493396639824,16,16
4,65,0.006087303161621094,0.06498757004737854,0.052087537944316864,16,16
4,66,0.006592839956283569,0.04182407259941101,0.05208989232778549,16,16
4,67,0.026437342166900635,0.29787057638168335,0.05208945646882057,16,16
4,68,0.014386683702468872,0.11437442898750305,0.05208864435553551,16,16
4,69,0.02505314350128174,0.2833344042301178,0.05208597704768181,16,16
4,70,0.0016774535179138184,0.0168605949729681,0.05208371579647064,16,16
4,71,0.010601907968521118,0.1560545414686203,0.05208219215273857,16,16
4,72,0.03217059373855591,0.2311568558216095,0.05208044871687889,16,16
4,73,0.022588491439819336,0.08065441995859146,0.05207907408475876,16,16
4,74,0.03883442282676697,0.325618714094162,0.05207715928554535,16,16
4,75,0.0062132179737091064,0.11619842052459717,0.05207587033510208,16,16
4,76,0.033992886543273926,0.22707109153270721,0.052075039595365524,16,16
4,77,0.007529556751251221,0.0944669172167778,0.05207505077123642,16,16
4,78,0.03088107705116272,0.22414249181747437,0.05207646265625954,16,16
4,79,0.017642110586166382,0.1132805272936821,0.05207843706011772,16,16
4,80,0.010090142488479614,0.12788881361484528,0.05208127200603485,16,16
4,81,0.008496135473251343,0.1803562045097351,0.052084509283304214,16,16
4,82,0.007433414459228516,0.07025381177663803,0.052088119089603424,16,16
4,83,0.005804389715194702,0.0660020262002945,0.052091777324676514,16,16
4,84,0.0014931559562683105,0.015712279826402664,0.052095212042331696,16,16
4,85,0.19994071125984192,0.8757622241973877,0.05209747701883316,16,16
4,86,0.0006605982780456543,0.007139237597584724,0.05209951102733612,16,16
4,87,0.007600247859954834,0.05881521850824356,0.0521010160446167,16,16
4,88,0.007669433951377869,0.1006656214594841,0.05210166424512863,16,16
4,89,0.02321193367242813,0.05762118473649025,0.052101947367191315,16,16
4,90,0.03388342261314392,0.1715383678674698,0.052102796733379364,16,16
4,91,0.02148371934890747,0.16379109025001526,0.0521039180457592,16,16
4,92,0.00944817066192627,0.07954228669404984,0.05210519954562187,16,16
4,93,0.0033884048461914062,0.03514688089489937,0.05210608243942261,16,16
4,94,0.005890488624572754,0.052191659808158875,0.05210729315876961,16,16
4,95,0.1348167061805725,0.4070761799812317,0.052105505019426346,16,16
4,96,0.044120773673057556,0.3083727955818176,0.052101507782936096,16,16
4,97,0.02653975784778595,0.5016092658042908,0.05209411680698395,16,16
4,98,0.0032725632190704346,0.02083859033882618,0.05208754912018776,16,16
4,99,0.028319209814071655,0.24468906223773956,0.05208342894911766,16,16
4,100,0.003872603178024292,0.043032579123973846,0.052080217748880386,16,16
4,101,0.009371340274810791,0.06092667579650879,0.05207762494683266,16,16
4,102,0.015752404928207397,0.15106137096881866,0.052076756954193115,16,16
4,103,0.0243186354637146,0.21236662566661835,0.052077487111091614,16,16
4,104,0.018337547779083252,0.18387895822525024,0.05207947641611099,16,16
4,105,0.025627702474594116,0.28455355763435364,0.05208422243595123,16,16
4,106,0.011680185794830322,0.1517914980649948,0.052090272307395935,16,16
4,107,0.007345229387283325,0.09388896822929382,0.0520964041352272,16,16
4,108,0.003835439682006836,0.03250529244542122,0.052102264016866684,16,16
4,109,0.0012494027614593506,0.010915366932749748,0.05210769176483154,16,16
4,110,0.018658548593521118,0.1524936407804489,0.052113983780145645,16,16
4,111,0.0348229706287384,0.3585684597492218,0.052118998020887375,16,16
4,112,0.025909721851348877,0.4429791569709778,0.052119627594947815,16,16
4,113,0.007388085126876831,0.0583435483276844,0.05211975425481796,16,16
4,114,0.04426699876785278,0.44378170371055603,0.0521225780248642,16,16
4,115,0.022688627243041992,0.14658814668655396,0.05212637409567833,16,16
4,116,0.0061553120613098145,0.04572470113635063,0.05213005468249321,16,16
4,117,0.003593236207962036,0.036669135093688965,0.05213310196995735,16,16
4,118,0.021901920437812805,0.14303210377693176,0.05213549733161926,16,16
4,119,0.013667076826095581,0.06364883482456207,0.052137721329927444,16,16
4,120,0.005384892225265503,0.08178996294736862,0.05213906243443489,16,16
4,121,0.012160718441009521,0.20245316624641418,0.05213862657546997,16,16
4,122,0.003924578428268433,0.04839072376489639,0.052137959748506546,16,16
4,123,0.005453556776046753,0.07352912425994873,0.05213702470064163,16,16
4,124,0.016236186027526855,0.11843539029359818,0.052135951817035675,16,16
4,125,0.011038199067115784,0.1113763079047203,0.052134376019239426,16,16
4,126,0.01346692442893982,0.14801043272018433,0.05213290452957153,16,16
4,127,0.025522679090499878,0.23975858092308044,0.05213245376944542,16,16
4,128,0.0668390691280365,0.7923160195350647,0.052126526832580566,16,16
4,129,0.00366327166557312,0.043053969740867615,0.052121661603450775,16,16
4,130,0.018016338348388672,0.11182741075754166,0.05211777612566948,16,16
4,131,0.008678674697875977,0.10998950898647308,0.052115198224782944,16,16
4,132,0.0018002986907958984,0.0364377386868,0.05211327597498894,16,16
4,133,0.039156168699264526,0.19059766829013824,0.05211307853460312,16,16
4,134,0.011540919542312622,0.15988220274448395,0.052114374935626984,16,16
4,135,0.04485940933227539,0.21132850646972656,0.05211643502116203,16,16
4,136,0.008533298969268799,0.1444898098707199,0.05211987346410751,16,16
4,137,0.00688779354095459,0.1104825884103775,0.052123650908470154,16,16
4,138,0.00222817063331604,0.03247501328587532,0.0521274209022522,16,16
4,139,0.10588747262954712,0.43929415941238403,0.052129533141851425,16,16
4,140,0.010606586933135986,0.13458487391471863,0.05213267728686333,16,16
4,141,0.0034119486808776855,0.049995604902505875,0.05213603377342224,16,16
4,142,0.022495895624160767,0.2894282639026642,0.0521405003964901,16,16
4,143,0.0040535032749176025,0.04597698152065277,0.05214487761259079,16,16
4,144,0.01070740818977356,0.0638275220990181,0.052149150520563126,16,16
4,145,0.1554037183523178,0.6862812042236328,0.05215609073638916,16,16
4,146,0.00964057445526123,0.11239100992679596,0.052162107080221176,16,16
4,147,0.005638748407363892,0.04419395700097084,0.052167244255542755,16,16
4,148,0.10680216550827026,0.5507609248161316,0.052175525575876236,16,16
4,149,0.04755452275276184,0.4940682351589203,0.0521782822906971,16,16
4,150,0.012147963047027588,0.1976519674062729,0.05217892676591873,16,16
4,151,0.03181939572095871,0.2415197342634201,0.05217777192592621,16,16
4,152,0.03509332239627838,0.16548678278923035,0.05217636376619339,16,16
4,153,0.015139296650886536,0.11327609419822693,0.05217500403523445,16,16
4,154,0.0025877654552459717,0.03215232864022255,0.05217350646853447,16,16
4,155,0.008966609835624695,0.11930646747350693,0.05217147618532181,16,16
4,156,0.05740630626678467,0.6806772351264954,0.0521748848259449,16,16
4,157,0.006567329168319702,0.04761406406760216,0.05217761546373367,16,16
4,158,0.012685492634773254,0.06150684878230095,0.05218023806810379,16,16
4,159,0.11660513281822205,0.8076323866844177,0.05218885466456413,16,16
4,160,0.008125454187393188,0.09275639802217484,0.05219581350684166,16,16
4,161,0.006378620862960815,0.104031041264534,0.05220123007893562,16,16
4,162,0.010637044906616211,0.08912073075771332,0.05220640078186989,16,16
4,163,0.07224883884191513,0.302921861410141,0.05220842733979225,16,16
4,164,0.012041479349136353,0.14153161644935608,0.052209027111530304,16,16
4,165,0.046447381377220154,0.1592588573694229,0.05220852047204971,16,16
4,166,0.019493475556373596,0.10608619451522827,0.05220860615372658,16,16
4,167,0.006962865591049194,0.06547395139932632,0.05220824107527733,16,16
4,168,0.03219860792160034,0.20661205053329468,0.05220789089798927,16,16
4,169,0.007877141237258911,0.12072999775409698,0.05220659822225571,16,16
4,170,0.029656022787094116,0.5273072123527527,0.05220925435423851,16,16
4,171,0.01469816267490387,0.14206290245056152,0.05221080780029297,16,16
4,172,0.037492915987968445,0.24057452380657196,0.05221077427268028,16,16
4,173,0.014046043157577515,0.21470597386360168,0.05220892280340195,16,16
4,174,0.005081832408905029,0.03674979507923126,0.05220701918005943,16,16
4,175,0.00802635122090578,0.1004147008061409,0.0522044412791729,16,16
4,176,0.1135064959526062,0.9781009554862976,0.052209146320819855,16,16
4,177,0.006348371505737305,0.06818360090255737,0.05221289396286011,16,16
4,178,0.010171517729759216,0.06154942885041237,0.05221594125032425,16,16
4,179,0.012585550546646118,0.17708994448184967,0.05221717059612274,16,16
4,180,0.015799924731254578,0.13409118354320526,0.052217356860637665,16,16
4,181,0.006407350301742554,0.05362968519330025,0.05221710726618767,16,16
4,182,0.01129421591758728,0.10872064530849457,0.05221610888838768,16,16
4,183,0.005666375160217285,0.033583495765924454,0.052215129137039185,16,16
4,184,0.01731252670288086,0.10241737216711044,0.05221353471279144,16,16
4,185,0.00774046778678894,0.0655553787946701,0.052211564034223557,16,16
4,186,0.003681272268295288,0.035865094512701035,0.052209511399269104,16,16
4,187,0.006930142641067505,0.05500969663262367,0.05220726877450943,16,16
4,188,0.18812082707881927,0.9169631600379944,0.05220985412597656,16,16
4,189,0.01819269359111786,0.13986685872077942,0.05221143737435341,16,16
4,190,0.007994860410690308,0.03383253142237663,0.05221301317214966,16,16
4,191,0.007629841566085815,0.06798576563596725,0.05221397057175636,16,16
4,192,0.0349787175655365,0.19281426072120667,0.05221346765756607,16,16
4,193,0.03027762472629547,0.14789152145385742,0.052213143557310104,16,16
4,194,0.07459789514541626,0.5625953674316406,0.052216388285160065,16,16
4,195,0.005846530199050903,0.07295997440814972,0.05221866816282272,16,16
4,196,0.08083805441856384,0.7259045839309692,0.052221156656742096,16,16
4,197,0.005424827337265015,0.030711421743035316,0.05222330242395401,16,16
4,198,0.022309675812721252,0.08358690142631531,0.05222511291503906,16,16
4,199,0.13532701134681702,0.4685816764831543,0.05222397670149803,16,16
4,200,0.01892992854118347,0.20515157282352448,0.05222267657518387,16,16
4,201,0.03156609833240509,0.36691930890083313,0.052223578095436096,16,16
4,202,0.007821977138519287,0.05253227800130844,0.05222442373633385,16,16
4,203,0.002457353752106428,0.05557763949036598,0.05222473293542862,9,9
