query_id,judged_pairs,positive_idcg,C0_cNDCG@10,C1_cNDCG@10,C2s1_cNDCG@10,C2s2_cNDCG@10,C2s3_cNDCG@10,C2s4_cNDCG@10,C2s5_cNDCG@10,cNDCG@10
0,3301,True,0.9095430364058891,0.9095430364058891,0.9095430364058891,0.9095430364058891,0.9095430364058891,0.9095430364058891,0.9095430364058891,0.9095430364058891
1,1436,True,0.5255664792793981,0.5255664792793981,0.5255664792793981,0.5255664792793981,0.5255664792793981,0.5255664792793981,0.5255664792793981,0.525566479279398
2,165,True,0.955830517697074,0.955830517697074,0.955830517697074,0.955830517697074,0.955830517697074,0.955830517697074,0.955830517697074,0.9558305176970741
3,997,True,0.8480411588814943,0.8480411588814943,0.8480411588814943,0.8480411588814943,0.8480411588814943,0.8480411588814943,0.8480411588814943,0.8480411588814942
4,239,True,0.42203467342381934,0.42203467342381934,0.42203467342381934,0.42203467342381934,0.42203467342381934,0.42203467342381934,0.42203467342381934,0.42203467342381934
5,1344,True,1.0,1.0,1.0,1.0,1.0,1.0,1.0,1.0
6,109,True,1.0,1.0,1.0,1.0,1.0,1.0,1.0,1.0
7,603,True,1.0,1.0,1.0,1.0,1.0,1.0,1.0,1.0
9,1516,True,1.0,1.0,1.0,1.0,1.0,1.0,1.0,1.0
10,177,True,0.8777267965010664,0.8777267965010664,0.8777267965010664,0.8777267965010664,0.8777267965010664,0.8777267965010664,0.8777267965010664,0.8777267965010667
11,1428,True,0.8532721558012799,0.8532721558012799,0.8532721558012799,0.8532721558012799,0.8532721558012799,0.8532721558012799,0.8532721558012799,0.8532721558012799
13,122,True,0.914856882358379,0.914856882358379,0.914856882358379,0.914856882358379,0.914856882358379,0.914856882358379,0.914856882358379,0.9148568823583789
14,2692,True,0.9477344873475497,0.9477344873475497,0.9477344873475497,0.9477344873475497,0.9477344873475497,0.9477344873475497,0.9477344873475497,0.9477344873475496
16,493,True,0.6190206661677634,0.6190206661677634,0.6190206661677634,0.6190206661677634,0.6190206661677634,0.6190206661677634,0.6190206661677634,0.6190206661677634
17,103,True,0.8566545804700255,0.8566545804700255,0.8566545804700255,0.8566545804700255,0.8566545804700255,0.8566545804700255,0.8566545804700255,0.8566545804700255
19,14,True,0.8006937664098818,0.8006937664098818,0.8006937664098818,0.8006937664098818,0.8006937664098818,0.8006937664098818,0.8006937664098818,0.8006937664098819
20,94,True,0.27051861595742815,0.27051861595742815,0.27051861595742815,0.27051861595742815,0.27051861595742815,0.27051861595742815,0.27051861595742815,0.27051861595742815
22,251,True,0.4831741754635801,0.4831741754635801,0.4831741754635801,0.4831741754635801,0.4831741754635801,0.4831741754635801,0.4831741754635801,0.4831741754635801
26,3746,True,0.9510907186004265,0.9510907186004265,0.9510907186004265,0.9510907186004265,0.9510907186004265,0.9510907186004265,0.9510907186004265,0.9510907186004263
27,344,True,0.8463507934928552,0.8463507934928552,0.8463507934928552,0.8463507934928552,0.8463507934928552,0.8463507934928552,0.8463507934928552,0.8463507934928554
28,725,True,1.0,1.0,1.0,1.0,1.0,1.0,1.0,1.0
31,168,True,0.694355946562825,0.694355946562825,0.694355946562825,0.694355946562825,0.694355946562825,0.694355946562825,0.694355946562825,0.6943559465628251
35,174,True,0.43450812738535693,0.43450812738535693,0.43450812738535693,0.43450812738535693,0.43450812738535693,0.43450812738535693,0.43450812738535693,0.434508127385357
36,157,True,0.955830517697074,0.955830517697074,0.955830517697074,0.955830517697074,0.955830517697074,0.955830517697074,0.955830517697074,0.9558305176970741
37,875,True,0.657647633499978,0.657647633499978,0.657647633499978,0.657647633499978,0.657647633499978,0.657647633499978,0.657647633499978,0.657647633499978
38,255,True,1.0,1.0,1.0,1.0,1.0,1.0,1.0,1.0
39,149,True,0.44281305753755196,0.44281305753755196,0.44281305753755196,0.44281305753755196,0.44281305753755196,0.44281305753755196,0.44281305753755196,0.44281305753755185
40,166,True,0.8235865181817077,0.8235865181817077,0.8235865181817077,0.8235865181817077,0.8235865181817077,0.8235865181817077,0.8235865181817077,0.8235865181817078
41,143,True,0.8623893785099407,0.8623893785099407,0.8623893785099407,0.8623893785099407,0.8623893785099407,0.8623893785099407,0.8623893785099407,0.8623893785099408
42,149,True,0.5159958223394444,0.5159958223394444,0.5159958223394444,0.5159958223394444,0.5159958223394444,0.5159958223394444,0.5159958223394444,0.5159958223394444
44,219,True,0.6400084407336406,0.6400084407336406,0.6400084407336406,0.6400084407336406,0.6400084407336406,0.6400084407336406,0.6400084407336406,0.6400084407336406
45,169,True,0.5884773592256788,0.5884773592256788,0.5884773592256788,0.5884773592256788,0.5884773592256788,0.5884773592256788,0.5884773592256788,0.5884773592256788
46,104,True,0.6983913121737402,0.6983913121737402,0.6983913121737402,0.6983913121737402,0.6983913121737402,0.6983913121737402,0.6983913121737402,0.6983913121737402
47,105,True,0.9999999999999998,0.9999999999999998,0.9999999999999998,0.9999999999999998,0.9999999999999998,0.9999999999999998,0.9999999999999998,0.9999999999999999
48,282,True,1.0,1.0,1.0,1.0,1.0,1.0,1.0,1.0
49,135,True,0.9999999999999998,0.9999999999999998,0.9999999999999998,0.9999999999999998,0.9999999999999998,0.9999999999999998,0.9999999999999998,0.9999999999999999
50,404,True,0.768576183662953,0.768576183662953,0.768576183662953,0.768576183662953,0.768576183662953,0.768576183662953,0.768576183662953,0.7685761836629529
51,595,True,0.694355946562825,0.694355946562825,0.694355946562825,0.694355946562825,0.694355946562825,0.694355946562825,0.694355946562825,0.6943559465628251
52,1433,True,0.9999999999999998,0.9999999999999998,0.9999999999999998,0.9999999999999998,0.9999999999999998,0.9999999999999998,0.9999999999999998,0.9999999999999999
53,610,True,0.9999999999999998,0.9999999999999998,0.9999999999999998,0.9999999999999998,0.9999999999999998,0.9999999999999998,0.9999999999999998,0.9999999999999999
54,143,True,0.694984847157784,0.694984847157784,0.694984847157784,0.694984847157784,0.694984847157784,0.694984847157784,0.694984847157784,0.6949848471577839
55,171,True,1.0,1.0,1.0,1.0,1.0,1.0,1.0,1.0
59,165,True,1.0,1.0,1.0,1.0,1.0,1.0,1.0,1.0
60,332,True,0.7786672183733274,0.7786672183733274,0.7786672183733274,0.7786672183733274,0.7786672183733274,0.7786672183733274,0.7786672183733274,0.7786672183733275
62,157,True,0.8310225179650537,0.8310225179650537,0.8310225179650537,0.8310225179650537,0.8310225179650537,0.8310225179650537,0.8310225179650537,0.8310225179650538
63,115,True,1.0,1.0,1.0,1.0,1.0,1.0,1.0,1.0
64,77,True,1.0,1.0,1.0,1.0,1.0,1.0,1.0,1.0
65,156,True,0.6358283830274569,0.6358283830274569,0.6358283830274569,0.6358283830274569,0.6358283830274569,0.6358283830274569,0.6358283830274569,0.6358283830274569
66,69,True,1.0,1.0,1.0,1.0,1.0,1.0,1.0,1.0
67,587,True,0.9999999999999998,0.9999999999999998,0.9999999999999998,0.9999999999999998,0.9999999999999998,0.9999999999999998,0.9999999999999998,0.9999999999999999
68,204,True,0.9014470060563649,0.9014470060563649,0.9014470060563649,0.9014470060563649,0.9014470060563649,0.9014470060563649,0.9014470060563649,0.9014470060563651
69,235,True,0.4487910888988174,0.4487910888988174,0.4487910888988174,0.4487910888988174,0.4487910888988174,0.4487910888988174,0.4487910888988174,0.44879108889881747
70,504,True,1.0,1.0,1.0,1.0,1.0,1.0,1.0,1.0
71,139,True,0.8926382747840401,0.8926382747840401,0.8926382747840401,0.8926382747840401,0.8926382747840401,0.8926382747840401,0.8926382747840401,0.89263827478404
72,174,True,1.0,1.0,1.0,1.0,1.0,1.0,1.0,1.0
73,181,True,0.9999999999999998,0.9999999999999998,0.9999999999999998,0.9999999999999998,0.9999999999999998,0.9999999999999998,0.9999999999999998,0.9999999999999999
74,87,True,0.8359423434144735,0.8359423434144735,0.8359423434144735,0.8359423434144735,0.8359423434144735,0.8359423434144735,0.8359423434144735,0.8359423434144733
75,231,True,0.5591227842996137,0.5591227842996137,0.5591227842996137,0.5591227842996137,0.5591227842996137,0.5591227842996137,0.5591227842996137,0.5591227842996137
76,135,True,0.3231528316251115,0.3231528316251115,0.3231528316251115,0.3231528316251115,0.3231528316251115,0.3231528316251115,0.3231528316251115,0.3231528316251115
77,661,True,0.694355946562825,0.694355946562825,0.694355946562825,0.694355946562825,0.694355946562825,0.694355946562825,0.694355946562825,0.6943559465628251
78,948,True,0.5159958223394444,0.5159958223394444,0.5159958223394444,0.5159958223394444,0.5159958223394444,0.5159958223394444,0.5159958223394444,0.5159958223394444
79,122,True,0.9999999999999998,0.9999999999999998,0.9999999999999998,0.9999999999999998,0.9999999999999998,0.9999999999999998,0.9999999999999998,0.9999999999999999
81,233,True,0.43638289305226546,0.43638289305226546,0.43638289305226546,0.43638289305226546,0.43638289305226546,0.43638289305226546,0.43638289305226546,0.43638289305226546
82,668,True,0.3775028156362593,0.3775028156362593,0.3775028156362593,0.3775028156362593,0.3775028156362593,0.3775028156362593,0.3775028156362593,0.37750281563625926
84,299,True,0.694355946562825,0.694355946562825,0.694355946562825,0.694355946562825,0.694355946562825,0.694355946562825,0.694355946562825,0.6943559465628251
85,152,True,0.9999999999999998,0.9999999999999998,0.9999999999999998,0.9999999999999998,0.9999999999999998,0.9999999999999998,0.9999999999999998,0.9999999999999999
86,142,True,0.516176979636912,0.516176979636912,0.516176979636912,0.516176979636912,0.516176979636912,0.516176979636912,0.516176979636912,0.5161769796369119
87,221,True,0.9999999999999998,0.9999999999999998,0.9999999999999998,0.9999999999999998,0.9999999999999998,0.9999999999999998,0.9999999999999998,0.9999999999999999
88,159,True,0.7139834297730092,0.7139834297730092,0.7139834297730092,0.7139834297730092,0.7139834297730092,0.7139834297730092,0.7139834297730092,0.7139834297730091
89,142,True,0.5980196099561937,0.5980196099561937,0.5980196099561937,0.5980196099561937,0.5980196099561937,0.5980196099561937,0.5980196099561937,0.5980196099561937
90,242,True,0.9999999999999998,0.9999999999999998,0.9999999999999998,0.9999999999999998,0.9999999999999998,0.9999999999999998,0.9999999999999998,0.9999999999999999
91,686,True,0.4639616464175673,0.4639616464175673,0.4639616464175673,0.4639616464175673,0.4639616464175673,0.4639616464175673,0.4639616464175673,0.4639616464175673
92,170,True,0.9999999999999998,0.9999999999999998,0.9999999999999998,0.9999999999999998,0.9999999999999998,0.9999999999999998,0.9999999999999998,0.9999999999999999
93,233,True,0.4721957772068879,0.4721957772068879,0.4721957772068879,0.4721957772068879,0.4721957772068879,0.4721957772068879,0.4721957772068879,0.4721957772068879
94,197,True,0.6005540286277393,0.6005540286277393,0.6005540286277393,0.6005540286277393,0.6005540286277393,0.6005540286277393,0.6005540286277393,0.6005540286277392
95,820,True,0.3333333333333333,0.3333333333333333,0.3333333333333333,0.3333333333333333,0.3333333333333333,0.3333333333333333,0.3333333333333333,0.3333333333333333
97,197,True,0.694355946562825,0.694355946562825,0.694355946562825,0.694355946562825,0.694355946562825,0.694355946562825,0.694355946562825,0.6943559465628251
98,124,True,0.9999999999999998,0.9999999999999998,0.9999999999999998,0.9999999999999998,0.9999999999999998,0.9999999999999998,0.9999999999999998,0.9999999999999999
99,121,True,0.9999999999999998,0.9999999999999998,0.9999999999999998,0.9999999999999998,0.9999999999999998,0.9999999999999998,0.9999999999999998,0.9999999999999999
101,283,True,0.4935021862152957,0.4935021862152957,0.4935021862152957,0.4935021862152957,0.4935021862152957,0.4935021862152957,0.4935021862152957,0.4935021862152956
102,68,True,1.0,1.0,1.0,1.0,1.0,1.0,1.0,1.0
104,179,True,0.5955189330975376,0.5955189330975376,0.5955189330975376,0.5955189330975376,0.5955189330975376,0.5955189330975376,0.5955189330975376,0.5955189330975376
107,309,True,0.6000154988728346,0.6000154988728346,0.6000154988728346,0.6000154988728346,0.6000154988728346,0.6000154988728346,0.6000154988728346,0.6000154988728346
108,131,True,1.0,1.0,1.0,1.0,1.0,1.0,1.0,1.0
109,247,True,0.9537125187088151,0.9537125187088151,0.9537125187088151,0.9537125187088151,0.9537125187088151,0.9537125187088151,0.9537125187088151,0.953712518708815
110,348,True,0.9999999999999998,0.9999999999999998,0.9999999999999998,0.9999999999999998,0.9999999999999998,0.9999999999999998,0.9999999999999998,0.9999999999999999
111,161,True,1.0,1.0,1.0,1.0,1.0,1.0,1.0,1.0
112,271,True,1.0,1.0,1.0,1.0,1.0,1.0,1.0,1.0
114,1252,True,0.7431286862216818,0.7431286862216818,0.7431286862216818,0.7431286862216818,0.7431286862216818,0.7431286862216818,0.7431286862216818,0.7431286862216818
115,224,True,1.0,1.0,1.0,1.0,1.0,1.0,1.0,1.0
119,441,True,0.9575861412006988,0.9575861412006988,0.9575861412006988,0.9575861412006988,0.9575861412006988,0.9575861412006988,0.9575861412006988,0.957586141200699
120,979,True,0.8010066431488295,0.8010066431488295,0.8010066431488295,0.8010066431488295,0.8010066431488295,0.8010066431488295,0.8010066431488295,0.8010066431488295
121,2977,True,1.0,1.0,1.0,1.0,1.0,1.0,1.0,1.0
122,448,True,0.7799082337019199,0.7799082337019199,0.7799082337019199,0.7799082337019199,0.7799082337019199,0.7799082337019199,0.7799082337019199,0.7799082337019199
123,4329,True,0.8264049683305664,0.8264049683305664,0.8264049683305664,0.8264049683305664,0.8264049683305664,0.8264049683305664,0.8264049683305664,0.8264049683305663
124,1467,True,0.4800611775320534,0.4800611775320534,0.4800611775320534,0.4800611775320534,0.4800611775320534,0.4800611775320534,0.4800611775320534,0.48006117753205346
125,283,True,0.5775984065250012,0.5775984065250012,0.5775984065250012,0.5775984065250012,0.5775984065250012,0.5775984065250012,0.5775984065250012,0.5775984065250012
126,719,True,1.0,1.0,1.0,1.0,1.0,1.0,1.0,1.0
127,1580,True,0.955830517697074,0.955830517697074,0.955830517697074,0.955830517697074,0.955830517697074,0.955830517697074,0.955830517697074,0.9558305176970741
128,1455,True,1.0,1.0,1.0,1.0,1.0,1.0,1.0,1.0
129,185,True,0.3132848169017409,0.3132848169017409,0.3132848169017409,0.3132848169017409,0.3132848169017409,0.3132848169017409,0.3132848169017409,0.31328481690174087
130,875,True,0.44236092441353086,0.44236092441353086,0.44236092441353086,0.44236092441353086,0.44236092441353086,0.44236092441353086,0.44236092441353086,0.44236092441353086
131,3479,True,0.8611375561264454,0.8611375561264454,0.8611375561264454,0.8611375561264454,0.8611375561264454,0.8611375561264454,0.8611375561264454,0.8611375561264455
132,1260,True,0.528826231378569,0.528826231378569,0.528826231378569,0.528826231378569,0.528826231378569,0.528826231378569,0.528826231378569,0.5288262313785691
136,166,True,0.9999999999999998,0.9999999999999998,0.9999999999999998,0.9999999999999998,0.9999999999999998,0.9999999999999998,0.9999999999999998,0.9999999999999999
137,233,True,0.6056906122838637,0.6056906122838637,0.6056906122838637,0.6056906122838637,0.6056906122838637,0.6056906122838637,0.6056906122838637,0.6056906122838637
138,172,True,1.0,1.0,1.0,1.0,1.0,1.0,1.0,1.0
139,339,True,0.905211635630449,0.905211635630449,0.905211635630449,0.905211635630449,0.905211635630449,0.905211635630449,0.905211635630449,0.905211635630449
140,131,True,0.6295622542805631,0.6295622542805631,0.6295622542805631,0.6295622542805631,0.6295622542805631,0.6295622542805631,0.6295622542805631,0.6295622542805631
141,161,True,0.4111351364592208,0.4111351364592208,0.4111351364592208,0.4111351364592208,0.4111351364592208,0.4111351364592208,0.4111351364592208,0.41113513645922073
142,203,True,0.43371580402749216,0.43371580402749216,0.43371580402749216,0.43371580402749216,0.43371580402749216,0.43371580402749216,0.43371580402749216,0.4337158040274921
143,244,True,0.4818089198246356,0.4818089198246356,0.4818089198246356,0.4818089198246356,0.4818089198246356,0.4818089198246356,0.4818089198246356,0.4818089198246356
144,1423,True,1.0,1.0,1.0,1.0,1.0,1.0,1.0,1.0
145,143,True,0.6192265393558443,0.6192265393558443,0.6192265393558443,0.6192265393558443,0.6192265393558443,0.6192265393558443,0.6192265393558443,0.6192265393558442
146,111,True,0.470018260101859,0.470018260101859,0.470018260101859,0.470018260101859,0.470018260101859,0.470018260101859,0.470018260101859,0.4700182601018589
147,425,True,0.9368077570869662,0.9368077570869662,0.9368077570869662,0.9368077570869662,0.9368077570869662,0.9368077570869662,0.9368077570869662,0.9368077570869663
148,249,True,1.0,1.0,1.0,1.0,1.0,1.0,1.0,1.0
150,54,True,1.0,1.0,1.0,1.0,1.0,1.0,1.0,1.0
151,3042,True,0.6821022741997647,0.6821022741997647,0.6821022741997647,0.6821022741997647,0.6821022741997647,0.6821022741997647,0.6821022741997647,0.6821022741997647
153,178,True,0.92663607790064,0.92663607790064,0.92663607790064,0.92663607790064,0.92663607790064,0.92663607790064,0.92663607790064,0.92663607790064
155,2376,True,0.6900924095086673,0.6900924095086673,0.6900924095086673,0.6900924095086673,0.6900924095086673,0.6900924095086673,0.6900924095086673,0.6900924095086675
158,834,True,0.9510907186004265,0.9510907186004265,0.9510907186004265,0.9510907186004265,0.9510907186004265,0.9510907186004265,0.9510907186004265,0.9510907186004263
159,122,True,1.0,1.0,1.0,1.0,1.0,1.0,1.0,1.0
160,242,True,1.0,1.0,1.0,1.0,1.0,1.0,1.0,1.0
161,205,True,0.641560280777078,0.641560280777078,0.641560280777078,0.641560280777078,0.641560280777078,0.641560280777078,0.641560280777078,0.641560280777078
163,94,True,0.8532721558012799,0.8532721558012799,0.8532721558012799,0.8532721558012799,0.8532721558012799,0.8532721558012799,0.8532721558012799,0.8532721558012799
164,195,True,0.7196669022633795,0.7196669022633795,0.7196669022633795,0.7196669022633795,0.7196669022633795,0.7196669022633795,0.7196669022633795,0.7196669022633796
165,193,True,1.0,1.0,1.0,1.0,1.0,1.0,1.0,1.0
166,111,True,0.9432379215722527,0.9432379215722527,0.9432379215722527,0.9432379215722527,0.9432379215722527,0.9432379215722527,0.9432379215722527,0.9432379215722528
167,136,True,1.0,1.0,1.0,1.0,1.0,1.0,1.0,1.0
168,68,True,0.795165752481409,0.795165752481409,0.795165752481409,0.795165752481409,0.795165752481409,0.795165752481409,0.795165752481409,0.7951657524814089
169,126,True,0.46988949834572724,0.46988949834572724,0.46988949834572724,0.46988949834572724,0.46988949834572724,0.46988949834572724,0.46988949834572724,0.4698894983457272
170,127,True,0.8611375561264454,0.8611375561264454,0.8611375561264454,0.8611375561264454,0.8611375561264454,0.8611375561264454,0.8611375561264454,0.8611375561264455
171,99,True,0.9999999999999998,0.9999999999999998,0.9999999999999998,0.9999999999999998,0.9999999999999998,0.9999999999999998,0.9999999999999998,0.9999999999999999
172,59,True,1.0,1.0,1.0,1.0,1.0,1.0,1.0,1.0
173,316,True,0.24957965225166595,0.24957965225166595,0.24957965225166595,0.24957965225166595,0.24957965225166595,0.24957965225166595,0.24957965225166595,0.24957965225166598
174,90,True,0.6730234638881231,0.6730234638881231,0.6730234638881231,0.6730234638881231,0.6730234638881231,0.6730234638881231,0.6730234638881231,0.6730234638881231
175,564,True,1.0,1.0,1.0,1.0,1.0,1.0,1.0,1.0
176,397,True,1.0,1.0,1.0,1.0,1.0,1.0,1.0,1.0
177,378,True,0.5310622645040168,0.5310622645040168,0.5310622645040168,0.5310622645040168,0.5310622645040168,0.5310622645040168,0.5310622645040168,0.5310622645040168
178,74,True,0.6004470120670867,0.6004470120670867,0.6004470120670867,0.6004470120670867,0.6004470120670867,0.6004470120670867,0.6004470120670867,0.6004470120670867
179,1,True,1.0,1.0,1.0,1.0,1.0,1.0,1.0,1.0
180,403,True,0.9134166588977729,0.9134166588977729,0.9134166588977729,0.9134166588977729,0.9134166588977729,0.9134166588977729,0.9134166588977729,0.9134166588977728
182,98,True,0.9575861412006988,0.9575861412006988,0.9575861412006988,0.9575861412006988,0.9575861412006988,0.9575861412006988,0.9575861412006988,0.957586141200699
183,78,True,0.6874245707486315,0.6874245707486315,0.6874245707486315,0.6874245707486315,0.6874245707486315,0.6874245707486315,0.6874245707486315,0.6874245707486315
184,185,True,0.7914634807320164,0.7914634807320164,0.7914634807320164,0.7914634807320164,0.7914634807320164,0.7914634807320164,0.7914634807320164,0.7914634807320163
185,124,True,1.0,1.0,1.0,1.0,1.0,1.0,1.0,1.0
186,385,True,0.6603598929788996,0.6603598929788996,0.6603598929788996,0.6603598929788996,0.6603598929788996,0.6603598929788996,0.6603598929788996,0.6603598929788995
189,73,True,0.7811726593824067,0.7811726593824067,0.7811726593824067,0.7811726593824067,0.7811726593824067,0.7811726593824067,0.7811726593824067,0.7811726593824068
190,792,True,0.43518692560571726,0.43518692560571726,0.43518692560571726,0.43518692560571726,0.43518692560571726,0.43518692560571726,0.43518692560571726,0.43518692560571726
191,217,True,0.9999999999999998,0.9999999999999998,0.9999999999999998,0.9999999999999998,0.9999999999999998,0.9999999999999998,0.9999999999999998,0.9999999999999999
193,278,True,0.9999999999999998,0.9999999999999998,0.9999999999999998,0.9999999999999998,0.9999999999999998,0.9999999999999998,0.9999999999999998,0.9999999999999999
194,293,True,0.9999999999999998,0.9999999999999998,0.9999999999999998,0.9999999999999998,0.9999999999999998,0.9999999999999998,0.9999999999999998,0.9999999999999999
195,110,True,0.8896911666141664,0.8896911666141664,0.8896911666141664,0.8896911666141664,0.8896911666141664,0.8896911666141664,0.8896911666141664,0.8896911666141663
196,165,True,0.9999999999999998,0.9999999999999998,0.9999999999999998,0.9999999999999998,0.9999999999999998,0.9999999999999998,0.9999999999999998,0.9999999999999999
197,41,True,1.0,1.0,1.0,1.0,1.0,1.0,1.0,1.0
198,82,True,0.437382936079905,0.437382936079905,0.437382936079905,0.437382936079905,0.437382936079905,0.437382936079905,0.437382936079905,0.437382936079905
199,384,True,0.9216017310213246,0.9216017310213246,0.9216017310213246,0.9216017310213246,0.9216017310213246,0.9216017310213246,0.9216017310213246,0.9216017310213245
200,247,True,1.0,1.0,1.0,1.0,1.0,1.0,1.0,1.0
201,124,True,0.9999999999999998,0.9999999999999998,0.9999999999999998,0.9999999999999998,0.9999999999999998,0.9999999999999998,0.9999999999999998,0.9999999999999999
202,83,True,1.0,1.0,1.0,1.0,1.0,1.0,1.0,1.0
203,87,True,0.5560491656685747,0.5560491656685747,0.5560491656685747,0.5560491656685747,0.5560491656685747,0.5560491656685747,0.5560491656685747,0.5560491656685747
204,191,True,0.49117052789213766,0.49117052789213766,0.49117052789213766,0.49117052789213766,0.49117052789213766,0.49117052789213766,0.49117052789213766,0.49117052789213755
206,67,True,0.8428919178014228,0.8428919178014228,0.8428919178014228,0.8428919178014228,0.8428919178014228,0.8428919178014228,0.8428919178014228,0.8428919178014229
207,34,True,0.9999999999999998,0.9999999999999998,0.9999999999999998,0.9999999999999998,0.9999999999999998,0.9999999999999998,0.9999999999999998,0.9999999999999999
208,118,True,0.9999999999999998,0.9999999999999998,0.9999999999999998,0.9999999999999998,0.9999999999999998,0.9999999999999998,0.9999999999999998,0.9999999999999999
209,198,True,0.8357804136936717,0.8357804136936717,0.8357804136936717,0.8357804136936717,0.8357804136936717,0.8357804136936717,0.8357804136936717,0.8357804136936718
210,1045,True,0.5027417704231952,0.5027417704231952,0.5027417704231952,0.5027417704231952,0.5027417704231952,0.5027417704231952,0.5027417704231952,0.5027417704231952
211,332,True,0.9999999999999998,0.9999999999999998,0.9999999999999998,0.9999999999999998,0.9999999999999998,0.9999999999999998,0.9999999999999998,0.9999999999999999
212,358,True,0.7639089849603032,0.7639089849603032,0.7639089849603032,0.7639089849603032,0.7639089849603032,0.7639089849603032,0.7639089849603032,0.7639089849603032
213,271,True,0.741800993442975,0.741800993442975,0.741800993442975,0.741800993442975,0.741800993442975,0.741800993442975,0.741800993442975,0.7418009934429749
214,225,True,0.9999999999999998,0.9999999999999998,0.9999999999999998,0.9999999999999998,0.9999999999999998,0.9999999999999998,0.9999999999999998,0.9999999999999999
215,250,True,0.4199166744355605,0.4199166744355605,0.4199166744355605,0.4199166744355605,0.4199166744355605,0.4199166744355605,0.4199166744355605,0.4199166744355605
216,189,True,0.7467740572432262,0.7467740572432262,0.7467740572432262,0.7467740572432262,0.7467740572432262,0.7467740572432262,0.7467740572432262,0.7467740572432263
220,127,True,0.8209647180733192,0.8209647180733192,0.8209647180733192,0.8209647180733192,0.8209647180733192,0.8209647180733192,0.8209647180733192,0.8209647180733192
221,1719,True,0.7237123142189938,0.7237123142189938,0.7237123142189938,0.7237123142189938,0.7237123142189938,0.7237123142189938,0.7237123142189938,0.7237123142189938
222,77,True,0.6027182286624956,0.6027182286624956,0.6027182286624956,0.6027182286624956,0.6027182286624956,0.6027182286624956,0.6027182286624956,0.6027182286624956
223,207,True,0.3942005619446297,0.3942005619446297,0.3942005619446297,0.3942005619446297,0.3942005619446297,0.3942005619446297,0.3942005619446297,0.39420056194462966
226,316,True,0.789588715065108,0.789588715065108,0.789588715065108,0.789588715065108,0.789588715065108,0.789588715065108,0.789588715065108,0.7895887150651079
227,203,True,1.0,1.0,1.0,1.0,1.0,1.0,1.0,1.0
229,556,True,0.955830517697074,0.955830517697074,0.955830517697074,0.955830517697074,0.955830517697074,0.955830517697074,0.955830517697074,0.9558305176970741
230,274,True,1.0,1.0,1.0,1.0,1.0,1.0,1.0,1.0
231,359,True,1.0,1.0,1.0,1.0,1.0,1.0,1.0,1.0
232,2329,True,0.8247181854654133,0.8247181854654133,0.8247181854654133,0.8247181854654133,0.8247181854654133,0.8247181854654133,0.8247181854654133,0.8247181854654134
233,156,True,1.0,1.0,1.0,1.0,1.0,1.0,1.0,1.0
234,144,True,1.0,1.0,1.0,1.0,1.0,1.0,1.0,1.0
235,1368,True,1.0,1.0,1.0,1.0,1.0,1.0,1.0,1.0
236,2202,True,0.781986059964967,0.781986059964967,0.781986059964967,0.781986059964967,0.781986059964967,0.781986059964967,0.781986059964967,0.781986059964967
238,318,True,0.6524692913981867,0.6524692913981867,0.6524692913981867,0.6524692913981867,0.6524692913981867,0.6524692913981867,0.6524692913981867,0.6524692913981865
239,573,True,0.9510907186004265,0.9510907186004265,0.9510907186004265,0.9510907186004265,0.9510907186004265,0.9510907186004265,0.9510907186004265,0.9510907186004263
241,243,True,0.911298659909514,0.911298659909514,0.911298659909514,0.911298659909514,0.911298659909514,0.911298659909514,0.911298659909514,0.911298659909514
242,283,True,0.9074250374176303,0.9074250374176303,0.9074250374176303,0.9074250374176303,0.9074250374176303,0.9074250374176303,0.9074250374176303,0.90742503741763
243,209,True,1.0,1.0,1.0,1.0,1.0,1.0,1.0,1.0
244,143,True,0.5939544163717523,0.5939544163717523,0.5939544163717523,0.5939544163717523,0.5939544163717523,0.5939544163717523,0.5939544163717523,0.5939544163717523
245,485,True,1.0,1.0,1.0,1.0,1.0,1.0,1.0,1.0
246,252,True,0.7839136016540788,0.7839136016540788,0.7839136016540788,0.7839136016540788,0.7839136016540788,0.7839136016540788,0.7839136016540788,0.7839136016540788
247,961,True,1.0,1.0,1.0,1.0,1.0,1.0,1.0,1.0
248,104,True,1.0,1.0,1.0,1.0,1.0,1.0,1.0,1.0
249,197,True,1.0,1.0,1.0,1.0,1.0,1.0,1.0,1.0
250,131,True,1.0,1.0,1.0,1.0,1.0,1.0,1.0,1.0
251,1483,True,1.0,1.0,1.0,1.0,1.0,1.0,1.0,1.0
252,443,True,0.8161018972187558,0.8161018972187558,0.8161018972187558,0.8161018972187558,0.8161018972187558,0.8161018972187558,0.8161018972187558,0.8161018972187558
253,117,True,0.5560491656685747,0.5560491656685747,0.5560491656685747,0.5560491656685747,0.5560491656685747,0.5560491656685747,0.5560491656685747,0.5560491656685747
254,201,True,0.8800456786592188,0.8800456786592188,0.8800456786592188,0.8800456786592188,0.8800456786592188,0.8800456786592188,0.8800456786592188,0.8800456786592187
255,217,True,1.0,1.0,1.0,1.0,1.0,1.0,1.0,1.0
257,1834,True,0.92663607790064,0.92663607790064,0.92663607790064,0.92663607790064,0.92663607790064,0.92663607790064,0.92663607790064,0.92663607790064
259,634,True,0.9999999999999998,0.9999999999999998,0.9999999999999998,0.9999999999999998,0.9999999999999998,0.9999999999999998,0.9999999999999998,0.9999999999999999
260,68,True,0.8969504402810679,0.8969504402810679,0.8969504402810679,0.8969504402810679,0.8969504402810679,0.8969504402810679,0.8969504402810679,0.8969504402810679
263,291,True,0.6655266239440207,0.6655266239440207,0.6655266239440207,0.6655266239440207,0.6655266239440207,0.6655266239440207,0.6655266239440207,0.6655266239440207
264,897,True,1.0,1.0,1.0,1.0,1.0,1.0,1.0,1.0
265,690,True,0.9999999999999998,0.9999999999999998,0.9999999999999998,0.9999999999999998,0.9999999999999998,0.9999999999999998,0.9999999999999998,0.9999999999999999
266,353,True,0.694355946562825,0.694355946562825,0.694355946562825,0.694355946562825,0.694355946562825,0.694355946562825,0.694355946562825,0.6943559465628251
267,154,True,1.0000000000000002,1.0000000000000002,1.0000000000000002,1.0000000000000002,1.0000000000000002,1.0000000000000002,1.0000000000000002,1.0000000000000002
268,311,True,0.694355946562825,0.694355946562825,0.694355946562825,0.694355946562825,0.694355946562825,0.694355946562825,0.694355946562825,0.6943559465628251
269,99,True,0.9999999999999998,0.9999999999999998,0.9999999999999998,0.9999999999999998,0.9999999999999998,0.9999999999999998,0.9999999999999998,0.9999999999999999
270,95,True,0.955830517697074,0.955830517697074,0.955830517697074,0.955830517697074,0.955830517697074,0.955830517697074,0.955830517697074,0.9558305176970741
271,96,True,0.694355946562825,0.694355946562825,0.694355946562825,0.694355946562825,0.694355946562825,0.694355946562825,0.694355946562825,0.6943559465628251
272,115,True,0.914856882358379,0.914856882358379,0.914856882358379,0.914856882358379,0.914856882358379,0.914856882358379,0.914856882358379,0.9148568823583789
273,542,True,0.6769125582181963,0.6769125582181963,0.6769125582181963,0.6769125582181963,0.6769125582181963,0.6769125582181963,0.6769125582181963,0.6769125582181962
274,331,True,1.0,1.0,1.0,1.0,1.0,1.0,1.0,1.0
275,127,True,0.6996229492941352,0.6996229492941352,0.6996229492941352,0.6996229492941352,0.6996229492941352,0.6996229492941352,0.6996229492941352,0.6996229492941353
276,377,True,0.9999999999999998,0.9999999999999998,0.9999999999999998,0.9999999999999998,0.9999999999999998,0.9999999999999998,0.9999999999999998,0.9999999999999999
277,256,True,0.40669725543269336,0.40669725543269336,0.40669725543269336,0.40669725543269336,0.40669725543269336,0.40669725543269336,0.40669725543269336,0.4066972554326934
278,112,True,0.49117052789213766,0.49117052789213766,0.49117052789213766,0.49117052789213766,0.49117052789213766,0.49117052789213766,0.49117052789213766,0.49117052789213755
279,374,True,1.0,1.0,1.0,1.0,1.0,1.0,1.0,1.0
281,90,True,1.0,1.0,1.0,1.0,1.0,1.0,1.0,1.0
282,130,True,1.0,1.0,1.0,1.0,1.0,1.0,1.0,1.0
284,331,True,0.9999999999999998,0.9999999999999998,0.9999999999999998,0.9999999999999998,0.9999999999999998,0.9999999999999998,0.9999999999999998,0.9999999999999999
285,183,True,0.3516803516647608,0.3516803516647608,0.3516803516647608,0.3516803516647608,0.3516803516647608,0.3516803516647608,0.3516803516647608,0.3516803516647608
286,256,True,0.9999999999999998,0.9999999999999998,0.9999999999999998,0.9999999999999998,0.9999999999999998,0.9999999999999998,0.9999999999999998,0.9999999999999999
288,272,True,0.9999999999999998,0.9999999999999998,0.9999999999999998,0.9999999999999998,0.9999999999999998,0.9999999999999998,0.9999999999999998,0.9999999999999999
289,251,True,1.0,1.0,1.0,1.0,1.0,1.0,1.0,1.0
291,218,True,0.3333333333333333,0.3333333333333333,0.3333333333333333,0.3333333333333333,0.3333333333333333,0.3333333333333333,0.3333333333333333,0.3333333333333333
292,204,True,0.3049522941194597,0.3049522941194597,0.3049522941194597,0.3049522941194597,0.3049522941194597,0.3049522941194597,0.3049522941194597,0.3049522941194596
294,136,True,0.9999999999999998,0.9999999999999998,0.9999999999999998,0.9999999999999998,0.9999999999999998,0.9999999999999998,0.9999999999999998,0.9999999999999999
295,139,True,0.4970512906347079,0.4970512906347079,0.4970512906347079,0.4970512906347079,0.4970512906347079,0.4970512906347079,0.4970512906347079,0.4970512906347078
296,171,True,0.9235889866407062,0.9235889866407062,0.9235889866407062,0.9235889866407062,0.9235889866407062,0.9235889866407062,0.9235889866407062,0.9235889866407063
297,487,True,0.44149441819559926,0.44149441819559926,0.44149441819559926,0.44149441819559926,0.44149441819559926,0.44149441819559926,0.44149441819559926,0.4414944181955992
298,98,True,0.39238996468922605,0.39238996468922605,0.39238996468922605,0.39238996468922605,0.39238996468922605,0.39238996468922605,0.39238996468922605,0.392389964689226
300,1114,True,0.5821032065260975,0.5821032065260975,0.5821032065260975,0.5821032065260975,0.5821032065260975,0.5821032065260975,0.5821032065260975,0.5821032065260975
301,148,True,0.5821032065260975,0.5821032065260975,0.5821032065260975,0.5821032065260975,0.5821032065260975,0.5821032065260975,0.5821032065260975,0.5821032065260975
302,238,True,0.676189500953485,0.676189500953485,0.676189500953485,0.676189500953485,0.676189500953485,0.676189500953485,0.676189500953485,0.676189500953485
303,72,True,0.8712077215553666,0.8712077215553666,0.8712077215553666,0.8712077215553666,0.8712077215553666,0.8712077215553666,0.8712077215553666,0.8712077215553666
304,759,True,0.0,0.0,0.0,0.0,0.0,0.0,0.0,0.0
305,299,True,1.0,1.0,1.0,1.0,1.0,1.0,1.0,1.0
306,114,True,0.9664515752024123,0.9664515752024123,0.9664515752024123,0.9664515752024123,0.9664515752024123,0.9664515752024123,0.9664515752024123,0.9664515752024122
307,189,True,0.7402540748417834,0.7402540748417834,0.7402540748417834,0.7402540748417834,0.7402540748417834,0.7402540748417834,0.7402540748417834,0.7402540748417835
308,776,True,0.6408112331893069,0.6408112331893069,0.6408112331893069,0.6408112331893069,0.6408112331893069,0.6408112331893069,0.6408112331893069,0.6408112331893069
310,589,True,0.9765904909689564,0.9765904909689564,0.9765904909689564,0.9765904909689564,0.9765904909689564,0.9765904909689564,0.9765904909689564,0.9765904909689562
311,571,True,0.704001177685908,0.704001177685908,0.704001177685908,0.704001177685908,0.704001177685908,0.704001177685908,0.704001177685908,0.7040011776859079
313,105,True,0.8506073475995815,0.8506073475995815,0.8506073475995815,0.8506073475995815,0.8506073475995815,0.8506073475995815,0.8506073475995815,0.8506073475995813
315,316,True,0.8386609588913984,0.8386609588913984,0.8386609588913984,0.8386609588913984,0.8386609588913984,0.8386609588913984,0.8386609588913984,0.8386609588913984
316,406,True,1.0,1.0,1.0,1.0,1.0,1.0,1.0,1.0
317,340,True,0.7842870590428574,0.7842870590428574,0.7842870590428574,0.7842870590428574,0.7842870590428574,0.7842870590428574,0.7842870590428574,0.7842870590428576
319,673,True,1.0,1.0,1.0,1.0,1.0,1.0,1.0,1.0
320,93,True,0.8871958738785233,0.8871958738785233,0.8871958738785233,0.8871958738785233,0.8871958738785233,0.8871958738785233,0.8871958738785233,0.8871958738785234
322,242,True,0.9999999999999998,0.9999999999999998,0.9999999999999998,0.9999999999999998,0.9999999999999998,0.9999999999999998,0.9999999999999998,0.9999999999999999
323,126,True,1.0,1.0,1.0,1.0,1.0,1.0,1.0,1.0
325,120,True,0.3538683705784716,0.3538683705784716,0.3538683705784716,0.3538683705784716,0.3538683705784716,0.3538683705784716,0.3538683705784716,0.35386837057847165
326,284,True,1.0,1.0,1.0,1.0,1.0,1.0,1.0,1.0
327,115,True,0.5926824808893433,0.5926824808893433,0.5926824808893433,0.5926824808893433,0.5926824808893433,0.5926824808893433,0.5926824808893433,0.5926824808893433
328,659,True,1.0,1.0,1.0,1.0,1.0,1.0,1.0,1.0
329,83,True,1.0000000000000002,1.0000000000000002,1.0000000000000002,1.0000000000000002,1.0000000000000002,1.0000000000000002,1.0000000000000002,1.0000000000000002
330,600,True,0.0,0.0,0.0,0.0,0.0,0.0,0.0,0.0
331,533,True,0.37962081462451813,0.37962081462451813,0.37962081462451813,0.37962081462451813,0.37962081462451813,0.37962081462451813,0.37962081462451813,0.37962081462451813
332,1410,True,1.0,1.0,1.0,1.0,1.0,1.0,1.0,1.0
333,315,True,0.955830517697074,0.955830517697074,0.955830517697074,0.955830517697074,0.955830517697074,0.955830517697074,0.955830517697074,0.9558305176970741
334,122,True,0.7931016812718313,0.7931016812718313,0.7931016812718313,0.7931016812718313,0.7931016812718313,0.7931016812718313,0.7931016812718313,0.7931016812718312
335,81,True,1.0,1.0,1.0,1.0,1.0,1.0,1.0,1.0
337,201,True,1.0,1.0,1.0,1.0,1.0,1.0,1.0,1.0
339,3044,True,0.9374930042444877,0.9374930042444877,0.9374930042444877,0.9374930042444877,0.9374930042444877,0.9374930042444877,0.9374930042444877,0.9374930042444876
341,199,True,1.0,1.0,1.0,1.0,1.0,1.0,1.0,1.0
342,478,True,1.0000000000000002,1.0000000000000002,1.0000000000000002,1.0000000000000002,1.0000000000000002,1.0000000000000002,1.0000000000000002,1.0000000000000002
343,116,True,0.9999999999999998,0.9999999999999998,0.9999999999999998,0.9999999999999998,0.9999999999999998,0.9999999999999998,0.9999999999999998,0.9999999999999999
344,116,True,0.9999999999999998,0.9999999999999998,0.9999999999999998,0.9999999999999998,0.9999999999999998,0.9999999999999998,0.9999999999999998,0.9999999999999999
346,110,True,0.8485585501205014,0.8485585501205014,0.8485585501205014,0.8485585501205014,0.8485585501205014,0.8485585501205014,0.8485585501205014,0.8485585501205015
347,577,True,0.9999999999999998,0.9999999999999998,0.9999999999999998,0.9999999999999998,0.9999999999999998,0.9999999999999998,0.9999999999999998,0.9999999999999999
348,2,True,1.0,1.0,1.0,1.0,1.0,1.0,1.0,1.0
349,98,True,0.7703227662478388,0.7703227662478388,0.7703227662478388,0.7703227662478388,0.7703227662478388,0.7703227662478388,0.7703227662478388,0.7703227662478388
351,727,True,0.9999999999999998,0.9999999999999998,0.9999999999999998,0.9999999999999998,0.9999999999999998,0.9999999999999998,0.9999999999999998,0.9999999999999999
352,81,True,1.0,1.0,1.0,1.0,1.0,1.0,1.0,1.0
353,54,True,1.0,1.0,1.0,1.0,1.0,1.0,1.0,1.0
354,1402,True,0.9999999999999998,0.9999999999999998,0.9999999999999998,0.9999999999999998,0.9999999999999998,0.9999999999999998,0.9999999999999998,0.9999999999999999
355,59,True,1.0,1.0,1.0,1.0,1.0,1.0,1.0,1.0
356,960,True,0.7799082337019199,0.7799082337019199,0.7799082337019199,0.7799082337019199,0.7799082337019199,0.7799082337019199,0.7799082337019199,0.7799082337019199
357,355,True,0.6887168389633207,0.6887168389633207,0.6887168389633207,0.6887168389633207,0.6887168389633207,0.6887168389633207,0.6887168389633207,0.6887168389633206
358,116,True,0.9563587152929915,0.9563587152929915,0.9563587152929915,0.9563587152929915,0.9563587152929915,0.9563587152929915,0.9563587152929915,0.9563587152929917
359,203,True,0.6650854392877636,0.6650854392877636,0.6650854392877636,0.6650854392877636,0.6650854392877636,0.6650854392877636,0.6650854392877636,0.6650854392877638
360,125,True,0.9999999999999998,0.9999999999999998,0.9999999999999998,0.9999999999999998,0.9999999999999998,0.9999999999999998,0.9999999999999998,0.9999999999999999
362,245,True,0.9999999999999998,0.9999999999999998,0.9999999999999998,0.9999999999999998,0.9999999999999998,0.9999999999999998,0.9999999999999998,0.9999999999999999
364,114,True,0.905211635630449,0.905211635630449,0.905211635630449,0.905211635630449,0.905211635630449,0.905211635630449,0.905211635630449,0.905211635630449
366,1,False,,,,,,,,
367,202,True,0.955830517697074,0.955830517697074,0.955830517697074,0.955830517697074,0.955830517697074,0.955830517697074,0.955830517697074,0.9558305176970741
368,143,True,1.0,1.0,1.0,1.0,1.0,1.0,1.0,1.0
369,362,True,0.5821032065260975,0.5821032065260975,0.5821032065260975,0.5821032065260975,0.5821032065260975,0.5821032065260975,0.5821032065260975,0.5821032065260975
370,3,True,0.8213137146137828,0.8213137146137828,0.8213137146137828,0.8213137146137828,0.8213137146137828,0.8213137146137828,0.8213137146137828,0.821313714613783
371,112,True,0.3649302102017378,0.3649302102017378,0.3649302102017378,0.3649302102017378,0.3649302102017378,0.3649302102017378,0.3649302102017378,0.3649302102017379
372,120,True,0.8350324781332515,0.8350324781332515,0.8350324781332515,0.8350324781332515,0.8350324781332515,0.8350324781332515,0.8350324781332515,0.8350324781332514
374,170,True,0.7215194105726964,0.7215194105726964,0.7215194105726964,0.7215194105726964,0.7215194105726964,0.7215194105726964,0.7215194105726964,0.7215194105726964
375,211,True,0.9999999999999998,0.9999999999999998,0.9999999999999998,0.9999999999999998,0.9999999999999998,0.9999999999999998,0.9999999999999998,0.9999999999999999
376,1430,True,0.8566951181628005,0.8566951181628005,0.8566951181628005,0.8566951181628005,0.8566951181628005,0.8566951181628005,0.8566951181628005,0.8566951181628005
378,580,True,0.9999999999999998,0.9999999999999998,0.9999999999999998,0.9999999999999998,0.9999999999999998,0.9999999999999998,0.9999999999999998,0.9999999999999999
380,124,True,0.913171214400251,0.913171214400251,0.913171214400251,0.913171214400251,0.913171214400251,0.913171214400251,0.913171214400251,0.9131712144002508
382,89,True,0.470018260101859,0.470018260101859,0.470018260101859,0.470018260101859,0.470018260101859,0.470018260101859,0.470018260101859,0.4700182601018589
383,3,True,1.0,1.0,1.0,1.0,1.0,1.0,1.0,1.0
385,55,True,0.7799082337019199,0.7799082337019199,0.7799082337019199,0.7799082337019199,0.7799082337019199,0.7799082337019199,0.7799082337019199,0.7799082337019199
386,298,True,0.9999999999999998,0.9999999999999998,0.9999999999999998,0.9999999999999998,0.9999999999999998,0.9999999999999998,0.9999999999999998,0.9999999999999999
388,64,True,0.9999999999999998,0.9999999999999998,0.9999999999999998,0.9999999999999998,0.9999999999999998,0.9999999999999998,0.9999999999999998,0.9999999999999999
389,337,True,0.7958409043440299,0.7958409043440299,0.7958409043440299,0.7958409043440299,0.7958409043440299,0.7958409043440299,0.7958409043440299,0.7958409043440299
390,61,True,0.9999999999999998,0.9999999999999998,0.9999999999999998,0.9999999999999998,0.9999999999999998,0.9999999999999998,0.9999999999999998,0.9999999999999999
394,117,True,0.8205228949141825,0.8205228949141825,0.8205228949141825,0.8205228949141825,0.8205228949141825,0.8205228949141825,0.8205228949141825,0.8205228949141824
396,136,True,1.0,1.0,1.0,1.0,1.0,1.0,1.0,1.0
398,107,True,0.9477344873475497,0.9477344873475497,0.9477344873475497,0.9477344873475497,0.9477344873475497,0.9477344873475497,0.9477344873475497,0.9477344873475496
400,24,True,0.9999999999999998,0.9999999999999998,0.9999999999999998,0.9999999999999998,0.9999999999999998,0.9999999999999998,0.9999999999999998,0.9999999999999999
402,251,True,0.38441023776109734,0.38441023776109734,0.38441023776109734,0.38441023776109734,0.38441023776109734,0.38441023776109734,0.38441023776109734,0.38441023776109734
403,149,True,0.4344850125123123,0.4344850125123123,0.4344850125123123,0.4344850125123123,0.4344850125123123,0.4344850125123123,0.4344850125123123,0.4344850125123124
404,564,True,0.5591227842996137,0.5591227842996137,0.5591227842996137,0.5591227842996137,0.5591227842996137,0.5591227842996137,0.5591227842996137,0.5591227842996137
405,446,True,0.9999999999999998,0.9999999999999998,0.9999999999999998,0.9999999999999998,0.9999999999999998,0.9999999999999998,0.9999999999999998,0.9999999999999999
406,98,True,0.4390046931606541,0.4390046931606541,0.4390046931606541,0.4390046931606541,0.4390046931606541,0.4390046931606541,0.4390046931606541,0.43900469316065405
407,331,True,0.3333333333333333,0.3333333333333333,0.3333333333333333,0.3333333333333333,0.3333333333333333,0.3333333333333333,0.3333333333333333,0.3333333333333333
408,102,True,0.9095430364058891,0.9095430364058891,0.9095430364058891,0.9095430364058891,0.9095430364058891,0.9095430364058891,0.9095430364058891,0.9095430364058891
409,3393,True,0.40669725543269336,0.40669725543269336,0.40669725543269336,0.40669725543269336,0.40669725543269336,0.40669725543269336,0.40669725543269336,0.4066972554326934
410,281,True,0.9477344873475497,0.9477344873475497,0.9477344873475497,0.9477344873475497,0.9477344873475497,0.9477344873475497,0.9477344873475497,0.9477344873475496
412,1090,True,0.7962372977085501,0.7962372977085501,0.7962372977085501,0.7962372977085501,0.7962372977085501,0.7962372977085501,0.7962372977085501,0.79623729770855
415,151,True,1.0,1.0,1.0,1.0,1.0,1.0,1.0,1.0
416,1447,True,0.9999999999999998,0.9999999999999998,0.9999999999999998,0.9999999999999998,0.9999999999999998,0.9999999999999998,0.9999999999999998,0.9999999999999999
417,567,True,0.7580753931105215,0.7580753931105215,0.7580753931105215,0.7580753931105215,0.7580753931105215,0.7580753931105215,0.7580753931105215,0.7580753931105216
418,1123,True,1.0,1.0,1.0,1.0,1.0,1.0,1.0,1.0
419,21,True,0.911298659909514,0.911298659909514,0.911298659909514,0.911298659909514,0.911298659909514,0.911298659909514,0.911298659909514,0.911298659909514
420,1013,True,0.8532721558012799,0.8532721558012799,0.8532721558012799,0.8532721558012799,0.8532721558012799,0.8532721558012799,0.8532721558012799,0.8532721558012799
421,758,True,1.0,1.0,1.0,1.0,1.0,1.0,1.0,1.0
422,3328,True,1.0,1.0,1.0,1.0,1.0,1.0,1.0,1.0
423,3034,True,1.0,1.0,1.0,1.0,1.0,1.0,1.0,1.0
425,742,True,0.4390046931606541,0.4390046931606541,0.4390046931606541,0.4390046931606541,0.4390046931606541,0.4390046931606541,0.4390046931606541,0.43900469316065405
426,3254,True,1.0,1.0,1.0,1.0,1.0,1.0,1.0,1.0
427,1125,True,0.9363792118010481,0.9363792118010481,0.9363792118010481,0.9363792118010481,0.9363792118010481,0.9363792118010481,0.9363792118010481,0.9363792118010482
428,537,True,0.6132349178757018,0.6132349178757018,0.6132349178757018,0.6132349178757018,0.6132349178757018,0.6132349178757018,0.6132349178757018,0.6132349178757018
429,860,True,0.5215445621045831,0.5215445621045831,0.5215445621045831,0.5215445621045831,0.5215445621045831,0.5215445621045831,0.5215445621045831,0.521544562104583
431,160,True,0.9477344873475497,0.9477344873475497,0.9477344873475497,0.9477344873475497,0.9477344873475497,0.9477344873475497,0.9477344873475497,0.9477344873475496
432,176,True,0.5963301562538527,0.5963301562538527,0.5963301562538527,0.5963301562538527,0.5963301562538527,0.5963301562538527,0.5963301562538527,0.5963301562538527
433,273,True,1.0,1.0,1.0,1.0,1.0,1.0,1.0,1.0
434,3530,True,1.0,1.0,1.0,1.0,1.0,1.0,1.0,1.0
435,443,True,0.6293982185421705,0.6293982185421705,0.6293982185421705,0.6293982185421705,0.6293982185421705,0.6293982185421705,0.6293982185421705,0.6293982185421704
436,214,True,0.8532721558012799,0.8532721558012799,0.8532721558012799,0.8532721558012799,0.8532721558012799,0.8532721558012799,0.8532721558012799,0.8532721558012799
437,195,True,0.7638363845663055,0.7638363845663055,0.7638363845663055,0.7638363845663055,0.7638363845663055,0.7638363845663055,0.7638363845663055,0.7638363845663055
438,156,True,1.0,1.0,1.0,1.0,1.0,1.0,1.0,1.0
439,3276,True,1.0,1.0,1.0,1.0,1.0,1.0,1.0,1.0
440,777,True,0.8103670991788406,0.8103670991788406,0.8103670991788406,0.8103670991788406,0.8103670991788406,0.8103670991788406,0.8103670991788406,0.8103670991788406
441,1385,True,1.0,1.0,1.0,1.0,1.0,1.0,1.0,1.0
442,1137,True,1.0,1.0,1.0,1.0,1.0,1.0,1.0,1.0
443,409,True,1.0,1.0,1.0,1.0,1.0,1.0,1.0,1.0
444,364,True,0.8353129377017655,0.8353129377017655,0.8353129377017655,0.8353129377017655,0.8353129377017655,0.8353129377017655,0.8353129377017655,0.8353129377017654
445,350,True,1.0,1.0,1.0,1.0,1.0,1.0,1.0,1.0
446,4326,True,1.0,1.0,1.0,1.0,1.0,1.0,1.0,1.0
447,212,True,0.5159958223394444,0.5159958223394444,0.5159958223394444,0.5159958223394444,0.5159958223394444,0.5159958223394444,0.5159958223394444,0.5159958223394444
448,203,True,0.5323266901845036,0.5323266901845036,0.5323266901845036,0.5323266901845036,0.5323266901845036,0.5323266901845036,0.5323266901845036,0.5323266901845036
451,111,True,0.8899541168509597,0.8899541168509597,0.8899541168509597,0.8899541168509597,0.8899541168509597,0.8899541168509597,0.8899541168509597,0.8899541168509596
452,105,True,0.9999999999999998,0.9999999999999998,0.9999999999999998,0.9999999999999998,0.9999999999999998,0.9999999999999998,0.9999999999999998,0.9999999999999999
453,118,True,0.7448559741076546,0.7448559741076546,0.7448559741076546,0.7448559741076546,0.7448559741076546,0.7448559741076546,0.7448559741076546,0.7448559741076545
454,110,True,0.9999999999999998,0.9999999999999998,0.9999999999999998,0.9999999999999998,0.9999999999999998,0.9999999999999998,0.9999999999999998,0.9999999999999999
455,110,True,0.8383354523103074,0.8383354523103074,0.8383354523103074,0.8383354523103074,0.8383354523103074,0.8383354523103074,0.8383354523103074,0.8383354523103074
456,221,True,0.7078087372830466,0.7078087372830466,0.7078087372830466,0.7078087372830466,0.7078087372830466,0.7078087372830466,0.7078087372830466,0.7078087372830465
457,329,True,0.9999999999999998,0.9999999999999998,0.9999999999999998,0.9999999999999998,0.9999999999999998,0.9999999999999998,0.9999999999999998,0.9999999999999999
459,205,True,0.7568371608459036,0.7568371608459036,0.7568371608459036,0.7568371608459036,0.7568371608459036,0.7568371608459036,0.7568371608459036,0.7568371608459036
460,111,True,0.4039053280641463,0.4039053280641463,0.4039053280641463,0.4039053280641463,0.4039053280641463,0.4039053280641463,0.4039053280641463,0.40390532806414636
461,61,True,0.9999999999999998,0.9999999999999998,0.9999999999999998,0.9999999999999998,0.9999999999999998,0.9999999999999998,0.9999999999999998,0.9999999999999999
464,157,True,1.0,1.0,1.0,1.0,1.0,1.0,1.0,1.0
465,2,True,0.7967075809905066,0.7967075809905066,0.7967075809905066,0.7967075809905066,0.7967075809905066,0.7967075809905066,0.7967075809905066,0.7967075809905068
466,93,True,0.63991964229725,0.63991964229725,0.63991964229725,0.63991964229725,0.63991964229725,0.63991964229725,0.63991964229725,0.63991964229725
467,150,True,0.9999999999999998,0.9999999999999998,0.9999999999999998,0.9999999999999998,0.9999999999999998,0.9999999999999998,0.9999999999999998,0.9999999999999999
468,294,True,0.8965528509418312,0.8965528509418312,0.8965528509418312,0.8965528509418312,0.8965528509418312,0.8965528509418312,0.8965528509418312,0.8965528509418313
469,161,True,0.9432379215722527,0.9432379215722527,0.9432379215722527,0.9432379215722527,0.9432379215722527,0.9432379215722527,0.9432379215722527,0.9432379215722528
470,638,True,1.0,1.0,1.0,1.0,1.0,1.0,1.0,1.0
471,310,True,0.8259896754927478,0.8259896754927478,0.8259896754927478,0.8259896754927478,0.8259896754927478,0.8259896754927478,0.8259896754927478,0.8259896754927478
472,108,True,1.0,1.0,1.0,1.0,1.0,1.0,1.0,1.0
473,286,True,0.9537125187088151,0.9537125187088151,0.9537125187088151,0.9537125187088151,0.9537125187088151,0.9537125187088151,0.9537125187088151,0.953712518708815
475,70,True,0.7510916729774053,0.7510916729774053,0.7510916729774053,0.7510916729774053,0.7510916729774053,0.7510916729774053,0.7510916729774053,0.7510916729774052
476,2224,True,0.7523405950706065,0.7523405950706065,0.7523405950706065,0.7523405950706065,0.7523405950706065,0.7523405950706065,0.7523405950706065,0.7523405950706065
479,83,True,0.9999999999999998,0.9999999999999998,0.9999999999999998,0.9999999999999998,0.9999999999999998,0.9999999999999998,0.9999999999999998,0.9999999999999999
481,219,True,0.5415339198442375,0.5415339198442375,0.5415339198442375,0.5415339198442375,0.5415339198442375,0.5415339198442375,0.5415339198442375,0.5415339198442375
482,104,True,0.7471748562658068,0.7471748562658068,0.7471748562658068,0.7471748562658068,0.7471748562658068,0.7471748562658068,0.7471748562658068,0.7471748562658068
483,248,True,0.4872594516115539,0.4872594516115539,0.4872594516115539,0.4872594516115539,0.4872594516115539,0.4872594516115539,0.4872594516115539,0.4872594516115539
484,53,True,0.9999999999999998,0.9999999999999998,0.9999999999999998,0.9999999999999998,0.9999999999999998,0.9999999999999998,0.9999999999999998,0.9999999999999999
486,87,True,0.9999999999999998,0.9999999999999998,0.9999999999999998,0.9999999999999998,0.9999999999999998,0.9999999999999998,0.9999999999999998,0.9999999999999999
